run_id,seed,gamma,step,loss,lr,reconstruction_mse,reconstruction_loss,variance_loss,prior_loss,entropy_loss,entropy,rho,v_eff,beta
vgsae_gamma=0.0_seed=0,0,0.0,0.0,-21.152387619018555,0.003,0.18582382798194885,1.4865906238555908,0.9929593205451965,0.0,-11.781471252441406,11.781471252441406,0.12267036736011505,0.10665920376777649,3.2263920307159424
vgsae_gamma=0.0_seed=0,0,0.0,50.0,-26.418380737304688,0.003,0.1246122196316719,0.9968977570533752,0.8319865465164185,0.0,-14.612497329711914,14.612497329711914,0.17848023772239685,0.14244118332862854,4.374251365661621
vgsae_gamma=0.0_seed=0,0,0.0,100.0,-34.8630485534668,0.003,0.08615792542695999,0.6892634034156799,0.544883131980896,0.0,-19.910552978515625,19.910552978515625,0.36868003010749817,0.21619150042533875,6.482212066650391
vgsae_gamma=0.0_seed=0,0,0.0,150.0,-39.548728942871094,0.003,0.04865817725658417,0.38926541805267334,0.3511669337749481,0.0,-20.509029388427734,20.509029388427734,0.5698410272598267,0.22617681324481964,10.804497718811035
vgsae_gamma=0.0_seed=0,0,0.0,200.0,-41.38786315917969,0.003,0.034950140863657,0.279601126909256,0.2847141623497009,0.0,-20.17519187927246,20.17519187927246,0.5824970602989197,0.2215632200241089,14.176472663879395
vgsae_gamma=0.0_seed=0,0,0.0,250.0,-42.56971740722656,0.003,0.02866334840655327,0.22930678725242615,0.23391735553741455,0.0,-19.777828216552734,19.777828216552734,0.5940972566604614,0.21625758707523346,17.2702579498291
vgsae_gamma=0.0_seed=0,0,0.0,300.0,-43.495208740234375,0.003,0.02435336634516716,0.19482693076133728,0.197479709982872,0.0,-19.373981475830078,19.373981475830078,0.6026936769485474,0.21109850704669952,20.3922119140625
vgsae_gamma=0.0_seed=0,0,0.0,350.0,-44.34310531616211,0.003,0.021218059584498405,0.16974447667598724,0.16421300172805786,0.0,-18.933639526367188,18.933639526367188,0.6096081733703613,0.20589077472686768,23.95514678955078
vgsae_gamma=0.0_seed=0,0,0.0,400.0,-45.18384552001953,0.003,0.019339630380272865,0.15471704304218292,0.13130541145801544,0.0,-18.534835815429688,18.534835815429688,0.614691436290741,0.20165735483169556,27.969829559326172
vgsae_gamma=0.0_seed=0,0,0.0,450.0,-45.98853302001953,0.003,0.01769052818417549,0.14152422547340393,0.10726846754550934,0.0,-18.22391700744629,18.22391700744629,0.6186331510543823,0.19858652353286743,32.15528869628906
vgsae_gamma=0.0_seed=0,0,0.0,500.0,-46.62356185913086,0.003,0.01640927791595459,0.13127422332763672,0.09287379682064056,0.0,-18.02444076538086,18.02444076538086,0.6208152770996094,0.19665277004241943,35.69070053100586
vgsae_gamma=0.0_seed=0,0,0.0,550.0,-47.11259460449219,0.003,0.01548562292009592,0.12388498336076736,0.08379697799682617,0.0,-17.903079986572266,17.903079986572266,0.6209536790847778,0.19549457728862762,38.52043914794922
vgsae_gamma=0.0_seed=0,0,0.0,600.0,-47.50895690917969,0.003,0.01463118102401495,0.1170494481921196,0.0778299868106842,0.0,-17.790433883666992,17.790433883666992,0.6237630844116211,0.1942695528268814,41.051021575927734
vgsae_gamma=0.0_seed=0,0,0.0,650.0,-47.84054946899414,0.003,0.013842240907251835,0.11073792725801468,0.07481145858764648,0.0,-17.729543685913086,17.729543685913086,0.6226375699043274,0.1936669647693634,43.11520767211914
vgsae_gamma=0.0_seed=0,0,0.0,700.0,-48.140785217285156,0.003,0.013078222051262856,0.10462577641010284,0.07269567251205444,0.0,-17.66692543029785,17.66692543029785,0.6230120658874512,0.19297702610492706,45.115806579589844
vgsae_gamma=0.0_seed=0,0,0.0,750.0,-48.377586364746094,0.003,0.012684037908911705,0.10147230327129364,0.0691784918308258,0.0,-17.596969604492188,17.596969604492188,0.6247199177742004,0.19214823842048645,46.879356384277344
vgsae_gamma=0.0_seed=0,0,0.0,799.0,-48.59426498413086,0.003,0.012253321707248688,0.0980265736579895,0.06693217158317566,0.0,-17.542253494262695,17.542253494262695,0.6253838539123535,0.19150547683238983,48.49697494506836
vgsae_gamma=0.25_seed=0,0,0.25,0.0,-20.06133270263672,0.003,0.19063729047775269,1.5250983238220215,0.9786719083786011,0.9770286083221436,-11.745210647583008,11.745210647583008,0.12212857604026794,0.10624835640192032,3.195181131362915
vgsae_gamma=0.25_seed=0,0,0.25,50.0,-24.576282501220703,0.003,0.12482048571109772,0.9985638856887817,0.8435492515563965,1.356449007987976,-14.184505462646484,14.184505462646484,0.169556125998497,0.136924147605896,4.342838287353516
vgsae_gamma=0.25_seed=0,0,0.25,100.0,-31.55924415588379,0.003,0.08300066739320755,0.6640053391456604,0.5559709072113037,2.6204159259796143,-19.13477897644043,19.13477897644043,0.3275519907474518,0.2048618346452713,6.557504177093506
vgsae_gamma=0.25_seed=0,0,0.25,150.0,-35.76759338378906,0.003,0.051856666803359985,0.4148533344268799,0.33735060691833496,4.006764888763428,-20.8608455657959,20.8608455657959,0.5008456110954285,0.230925053358078,10.63541316986084
vgsae_gamma=0.25_seed=0,0,0.25,200.0,-37.45508575439453,0.003,0.03689585626125336,0.29516685009002686,0.2925759553909302,4.088535308837891,-20.656362533569336,20.656362533569336,0.5110669136047363,0.22819289565086365,13.611395835876465
vgsae_gamma=0.25_seed=0,0,0.25,250.0,-38.61970901489258,0.003,0.03009398654103279,0.24075189232826233,0.24705976247787476,4.157869338989258,-20.399438858032227,20.399438858032227,0.5197336673736572,0.22479432821273804,16.399770736694336
vgsae_gamma=0.25_seed=0,0,0.25,300.0,-39.54900360107422,0.003,0.026017721742391586,0.2081417739391327,0.2121129035949707,4.187024116516113,-20.165340423583984,20.165340423583984,0.5233780145645142,0.221769779920578,19.03607749938965
vgsae_gamma=0.25_seed=0,0,0.25,350.0,-40.3731689453125,0.003,0.022790033370256424,0.1823202669620514,0.18481552600860596,4.206677436828613,-19.92812728881836,19.92812728881836,0.5258347392082214,0.2188425362110138,21.790300369262695
vgsae_gamma=0.25_seed=0,0,0.25,400.0,-41.190513610839844,0.003,0.020937766879796982,0.16750213503837585,0.155295729637146,4.208072185516357,-19.717222213745117,19.717222213745117,0.5260090827941895,0.2164909988641739,24.78331184387207
vgsae_gamma=0.25_seed=0,0,0.25,450.0,-42.029048919677734,0.003,0.01966414973139763,0.15731319785118103,0.1277729570865631,4.210385322570801,-19.564189910888672,19.564189910888672,0.5262981653213501,0.2149667739868164,28.06169319152832
vgsae_gamma=0.25_seed=0,0,0.25,500.0,-42.74110412597656,0.003,0.018571946769952774,0.1485755741596222,0.10916374623775482,4.2040300369262695,-19.46314811706543,19.46314811706543,0.5255037546157837,0.21393431723117828,31.03911590576172
vgsae_gamma=0.25_seed=0,0,0.25,550.0,-43.26154327392578,0.003,0.017691532149910927,0.14153225719928741,0.09811107069253922,4.1915130615234375,-19.388696670532227,19.388696670532227,0.5239391326904297,0.2131047546863556,33.38294219970703
vgsae_gamma=0.25_seed=0,0,0.25,600.0,-43.64657974243164,0.003,0.016802610829472542,0.13442088663578033,0.09251490980386734,4.179971218109131,-19.326313018798828,19.326313018798828,0.5224964022636414,0.2123713195323944,35.252262115478516
vgsae_gamma=0.25_seed=0,0,0.25,650.0,-43.933326721191406,0.003,0.016318170353770256,0.13054536283016205,0.08670972287654877,4.186028480529785,-19.270360946655273,19.270360946655273,0.5232535600662231,0.2117081880569458,36.82307052612305
vgsae_gamma=0.25_seed=0,0,0.25,700.0,-44.16746139526367,0.003,0.015721119940280914,0.12576895952224731,0.08406347036361694,4.178865909576416,-19.219226837158203,19.219226837158203,0.522358238697052,0.21108455955982208,38.12565994262695
vgsae_gamma=0.25_seed=0,0,0.25,750.0,-44.371253967285156,0.003,0.015317080542445183,0.12253664433956146,0.08086609840393066,4.178588390350342,-19.17377281188965,19.17377281188965,0.5223235487937927,0.21053414046764374,39.33083724975586
vgsae_gamma=0.25_seed=0,0,0.25,799.0,-44.552001953125,0.003,0.014807425439357758,0.11845940351486206,0.07943789660930634,4.173809051513672,-19.130224227905273,19.130224227905273,0.521726131439209,0.20999951660633087,40.425010681152344
vgsae_gamma=0.5_seed=0,0,0.5,0.0,-19.18417739868164,0.003,0.18373121321201324,1.469849705696106,1.0048094987869263,1.9558169841766357,-11.753283500671387,11.753283500671387,0.12223856151103973,0.10632777959108353,3.2327682971954346
vgsae_gamma=0.5_seed=0,0,0.5,50.0,-23.362348556518555,0.003,0.11676442623138428,0.9341154098510742,0.8538631200790405,2.672538995742798,-14.048040390014648,14.048040390014648,0.16703370213508606,0.1352079063653946,4.4743266105651855
vgsae_gamma=0.5_seed=0,0,0.5,100.0,-29.141586303710938,0.003,0.07947985082864761,0.6358388066291809,0.5364598631858826,4.973293304443359,-18.751079559326172,18.751079559326172,0.31083083152770996,0.19940413534641266,6.824199676513672
vgsae_gamma=0.5_seed=0,0,0.5,150.0,-32.30586624145508,0.003,0.052245132625103,0.417961061000824,0.35467803478240967,6.9092559814453125,-20.51604461669922,20.51604461669922,0.43182846903800964,0.22550371289253235,10.35412311553955
vgsae_gamma=0.5_seed=0,0,0.5,200.0,-33.845703125,0.003,0.0386071652173996,0.3088573217391968,0.3059071898460388,7.069855690002441,-20.38789939880371,20.38789939880371,0.4418659806251526,0.22394081950187683,13.013113021850586
vgsae_gamma=0.5_seed=0,0,0.5,250.0,-34.931156158447266,0.003,0.031423747539520264,0.2513899803161621,0.2681533694267273,7.148676872253418,-20.205860137939453,20.205860137939453,0.4467923045158386,0.22160357236862183,15.398138046264648
vgsae_gamma=0.5_seed=0,0,0.5,300.0,-35.733646392822266,0.003,0.02779528498649597,0.22236227989196777,0.2369968444108963,7.1415815353393555,-20.016311645507812,20.016311645507812,0.4463489055633545,0.21912610530853271,17.415569305419922
vgsae_gamma=0.5_seed=0,0,0.5,350.0,-36.35666275024414,0.003,0.025665370747447014,0.2053229659795761,0.21165816485881805,7.143818378448486,-19.867233276367188,19.867233276367188,0.446488618850708,0.2172088921070099,19.18552017211914
vgsae_gamma=0.5_seed=0,0,0.5,400.0,-36.897430419921875,0.003,0.023463834077119827,0.18771067261695862,0.19689474999904633,7.104984283447266,-19.722585678100586,19.722585678100586,0.4440615177154541,0.21531185507774353,20.800537109375
vgsae_gamma=0.5_seed=0,0,0.5,450.0,-37.38526153564453,0.003,0.02159276232123375,0.17274209856987,0.1846449226140976,7.076970100402832,-19.5952091217041,19.5952091217041,0.442310631275177,0.2136622816324234,22.384693145751953
vgsae_gamma=0.5_seed=0,0,0.5,500.0,-37.83796691894531,0.003,0.020428497344255447,0.16342797875404358,0.17003831267356873,7.082246780395508,-19.498973846435547,19.498973846435547,0.44264042377471924,0.21245846152305603,23.99043083190918
vgsae_gamma=0.5_seed=0,0,0.5,550.0,-38.26026916503906,0.003,0.0190602894872427,0.1524823158979416,0.16105690598487854,7.036351680755615,-19.382444381713867,19.382444381713867,0.43977195024490356,0.21093732118606567,25.515148162841797
vgsae_gamma=0.5_seed=0,0,0.5,600.0,-38.66136169433594,0.003,0.017918042838573456,0.14334434270858765,0.15238738059997559,7.008838653564453,-19.288246154785156,19.288246154785156,0.4380524158477783,0.20973020792007446,27.051544189453125
vgsae_gamma=0.5_seed=0,0,0.5,650.0,-39.03057861328125,0.003,0.01697879657149315,0.1358303725719452,0.14421644806861877,6.984201908111572,-19.19685935974121,19.19685935974121,0.43651261925697327,0.2085629254579544,28.566652297973633
vgsae_gamma=0.5_seed=0,0,0.5,700.0,-39.38163375854492,0.003,0.016244936734437943,0.12995949387550354,0.13619393110275269,6.956369876861572,-19.113012313842773,19.113012313842773,0.43477314710617065,0.20749276876449585,30.057851791381836
vgsae_gamma=0.5_seed=0,0,0.5,750.0,-39.708106994628906,0.003,0.015578051097691059,0.12462440878152847,0.12914316356182098,6.936466217041016,-19.038349151611328,19.038349151611328,0.4335291385650635,0.20655317604541779,31.52490997314453
vgsae_gamma=0.5_seed=0,0,0.5,799.0,-40.00294876098633,0.003,0.014897888526320457,0.11918310821056366,0.1242593452334404,6.887777805328369,-18.95219612121582,18.95219612121582,0.43048611283302307,0.20542752742767334,32.861976623535156
vgsae_gamma=1.0_seed=0,0,1.0,0.0,-17.29424285888672,0.003,0.18497632443904877,1.4798105955123901,0.9728763103485107,3.9013988971710205,-11.737581253051758,11.737581253051758,0.12191871553659439,0.10615488141775131,3.2617287635803223
vgsae_gamma=1.0_seed=0,0,1.0,50.0,-20.36237335205078,0.003,0.12411005795001984,0.9928804636001587,0.8356049656867981,4.9648756980896,-13.519620895385742,13.519620895385742,0.1551523655653,0.1283555030822754,4.375205993652344
vgsae_gamma=1.0_seed=0,0,1.0,100.0,-24.463977813720703,0.003,0.08368070423603058,0.6694456338882446,0.5141026973724365,8.045028686523438,-17.22161102294922,17.22161102294922,0.2514071464538574,0.17780017852783203,6.759335517883301
vgsae_gamma=1.0_seed=0,0,1.0,150.0,-26.780887603759766,0.003,0.057115111500024796,0.45692089200019836,0.37198856472969055,10.134329795837402,-18.77853012084961,18.77853012084961,0.3166978061199188,0.19994139671325684,9.65123462677002
vgsae_gamma=1.0_seed=0,0,1.0,200.0,-28.121078491210938,0.003,0.04446302354335785,0.3557041883468628,0.3194403350353241,10.288715362548828,-18.631633758544922,18.631633758544922,0.3215223550796509,0.19812607765197754,11.84931468963623
vgsae_gamma=1.0_seed=0,0,1.0,250.0,-29.158422470092773,0.003,0.03624900430440903,0.2899920344352722,0.28386515378952026,10.341619491577148,-18.421512603759766,18.421512603759766,0.3231755793094635,0.19543683528900146,13.940751075744629
vgsae_gamma=1.0_seed=0,0,1.0,300.0,-30.001113891601562,0.003,0.0313895046710968,0.2511160373687744,0.25113505125045776,10.364188194274902,-18.220529556274414,18.220529556274414,0.3238808810710907,0.19287817180156708,15.9282865524292
vgsae_gamma=1.0_seed=0,0,1.0,350.0,-30.711246490478516,0.003,0.027958180755376816,0.22366544604301453,0.22526949644088745,10.372605323791504,-18.041301727294922,18.041301727294922,0.3241439163684845,0.19061312079429626,17.819955825805664
vgsae_gamma=1.0_seed=0,0,1.0,400.0,-31.316707611083984,0.003,0.02560141682624817,0.20481133460998535,0.20347873866558075,10.372658729553223,-17.887615203857422,17.887615203857422,0.3241455852985382,0.1886855512857437,19.593914031982422
vgsae_gamma=1.0_seed=0,0,1.0,450.0,-31.854272842407227,0.003,0.023473626002669334,0.18778900802135468,0.18807829916477203,10.334251403808594,-17.724838256835938,17.724838256835938,0.32294535636901855,0.18661700189113617,21.284107208251953
vgsae_gamma=1.0_seed=0,0,1.0,500.0,-32.32914352416992,0.003,0.021926797926425934,0.17541438341140747,0.17416727542877197,10.29750919342041,-17.582975387573242,17.582975387573242,0.3217971622943878,0.18482743203639984,22.884496688842773
vgsae_gamma=1.0_seed=0,0,1.0,550.0,-32.76463317871094,0.003,0.02075960859656334,0.1660768687725067,0.16096526384353638,10.27357292175293,-17.461345672607422,17.461345672607422,0.32104915380477905,0.18332117795944214,24.46167755126953
vgsae_gamma=1.0_seed=0,0,1.0,600.0,-33.156288146972656,0.003,0.01989833638072014,0.1591866910457611,0.148695707321167,10.254798889160156,-17.35125732421875,17.35125732421875,0.3204624652862549,0.18197199702262878,25.983943939208984
vgsae_gamma=1.0_seed=0,0,1.0,650.0,-33.51233673095703,0.003,0.01871652342379093,0.14973218739032745,0.14245590567588806,10.173089981079102,-17.207035064697266,17.207035064697266,0.3179090619087219,0.18012872338294983,27.379621505737305
vgsae_gamma=1.0_seed=0,0,1.0,700.0,-33.83019256591797,0.003,0.018068458884954453,0.14454767107963562,0.1337229609489441,10.145832061767578,-17.107202529907227,17.107202529907227,0.3170572519302368,0.1789059042930603,28.748991012573242
vgsae_gamma=1.0_seed=0,0,1.0,750.0,-34.121280670166016,0.003,0.017349038273096085,0.13879230618476868,0.12750807404518127,10.090648651123047,-16.99135398864746,16.99135398864746,0.3153327703475952,0.17745284736156464,30.041263580322266
vgsae_gamma=1.0_seed=0,0,1.0,799.0,-34.38144302368164,0.003,0.016834396868944168,0.13467517495155334,0.12130509316921234,10.041810989379883,-16.88648223876953,16.88648223876953,0.31380659341812134,0.17614302039146423,31.25240707397461
vgsae_gamma=1.5_seed=0,0,1.5,0.0,-15.500011444091797,0.003,0.17301607131958008,1.3841285705566406,1.0161919593811035,5.819376468658447,-11.688673973083496,11.688673973083496,0.12123700976371765,0.10557714104652405,3.332888126373291
vgsae_gamma=1.5_seed=0,0,1.5,50.0,-17.92184066772461,0.003,0.1172524094581604,0.9380192756652832,0.8450027704238892,6.5440168380737305,-12.456802368164062,12.456802368164062,0.13633368909358978,0.11522410809993744,4.486764430999756
vgsae_gamma=1.5_seed=0,0,1.5,100.0,-20.717357635498047,0.003,0.08115749806165695,0.6492599844932556,0.5683964490890503,8.955394744873047,-14.61264419555664,14.61264419555664,0.18657073378562927,0.14302131533622742,6.569998264312744
vgsae_gamma=1.5_seed=0,0,1.5,150.0,-22.768741607666016,0.003,0.057258859276771545,0.45807087421417236,0.42253392934799194,10.51636028289795,-15.632396697998047,15.632396697998047,0.21909084916114807,0.15671469271183014,9.08466625213623
vgsae_gamma=1.5_seed=0,0,1.5,200.0,-24.19147491455078,0.003,0.04412811994552612,0.353024959564209,0.3541802763938904,10.762491226196289,-15.546958923339844,15.546958923339844,0.22421856224536896,0.15587395429611206,11.3121337890625
vgsae_gamma=1.5_seed=0,0,1.5,250.0,-25.287694931030273,0.003,0.036739248782396317,0.29391399025917053,0.3016906678676605,10.856023788452148,-15.362760543823242,15.362760543823242,0.22616715729236603,0.15374723076820374,13.43172836303711
vgsae_gamma=1.5_seed=0,0,1.5,300.0,-26.1724853515625,0.003,0.03212437406182289,0.25699499249458313,0.26279217004776,10.825796127319336,-15.128060340881348,15.128060340881348,0.22553741931915283,0.15093809366226196,15.390915870666504
vgsae_gamma=1.5_seed=0,0,1.5,350.0,-26.94245147705078,0.003,0.028637152165174484,0.22909721732139587,0.2329334169626236,10.781379699707031,-14.91130542755127,14.91130542755127,0.2246120572090149,0.1483531892299652,17.314868927001953
vgsae_gamma=1.5_seed=0,0,1.5,400.0,-27.637008666992188,0.003,0.025629987940192223,0.20503990352153778,0.21101370453834534,10.718207359313965,-14.704153060913086,14.704153060913086,0.22329597175121307,0.14588013291358948,19.228290557861328
vgsae_gamma=1.5_seed=0,0,1.5,450.0,-28.250898361206055,0.003,0.023257525637745857,0.18606020510196686,0.19303643703460693,10.66500473022461,-14.52065658569336,14.52065658569336,0.2221876084804535,0.14370942115783691,21.102798461914062
vgsae_gamma=1.5_seed=0,0,1.5,500.0,-28.803287506103516,0.003,0.02157771959900856,0.17262175679206848,0.1758202612400055,10.62144660949707,-14.354934692382812,14.354934692382812,0.22128011286258698,0.14176490902900696,22.959341049194336
vgsae_gamma=1.5_seed=0,0,1.5,550.0,-29.302001953125,0.003,0.02013242617249489,0.1610594093799591,0.1618131399154663,10.57638931274414,-14.19887924194336,14.19887924194336,0.22034141421318054,0.13993865251541138,24.777576446533203
vgsae_gamma=1.5_seed=0,0,1.5,600.0,-29.754798889160156,0.003,0.01899656653404236,0.15197253227233887,0.14933151006698608,10.522164344787598,-14.044346809387207,14.044346809387207,0.21921175718307495,0.1381276249885559,26.551254272460938
vgsae_gamma=1.5_seed=0,0,1.5,650.0,-30.150657653808594,0.003,0.017969654873013496,0.14375723898410797,0.13980785012245178,10.467901229858398,-13.900519371032715,13.900519371032715,0.2180812656879425,0.1364426612854004,28.212215423583984
vgsae_gamma=1.5_seed=0,0,1.5,700.0,-30.503000259399414,0.003,0.01734396256506443,0.13875170052051544,0.129625603556633,10.435400009155273,-13.779975891113281,13.779975891113281,0.21740415692329407,0.13505229353904724,29.808780670166016
vgsae_gamma=1.5_seed=0,0,1.5,750.0,-30.81011199951172,0.003,0.016511952504515648,0.13209562003612518,0.12369527667760849,10.388710021972656,-13.65613079071045,13.65613079071045,0.21643145382404327,0.13360798358917236,31.27554702758789
vgsae_gamma=1.5_seed=0,0,1.5,799.0,-31.09189796447754,0.003,0.016166893765330315,0.12933515012264252,0.11528727412223816,10.371841430664062,-13.563892364501953,13.563892364501953,0.21608000993728638,0.13256029784679413,32.70346450805664
vgsae_gamma=2.0_seed=0,0,2.0,0.0,-13.637297630310059,0.003,0.16828948259353638,1.346315860748291,1.029954433441162,7.809008598327637,-11.735031127929688,11.735031127929688,0.12201575934886932,0.10614422708749771,3.3666203022003174
vgsae_gamma=2.0_seed=0,0,2.0,50.0,-15.872323036193848,0.003,0.1284918636083603,1.0279349088668823,0.7461581826210022,7.223977088928223,-11.047082901000977,11.047082901000977,0.11287462711334229,0.09836694598197937,4.509346008300781
vgsae_gamma=2.0_seed=0,0,2.0,100.0,-18.19257354736328,0.003,0.08940239995718002,0.7152191996574402,0.5419353246688843,8.176411628723145,-11.564258575439453,11.564258575439453,0.12775641679763794,0.1053859144449234,6.363577842712402
vgsae_gamma=2.0_seed=0,0,2.0,150.0,-20.014827728271484,0.003,0.06537945568561554,0.5230356454849243,0.41311830282211304,9.343101501464844,-12.194596290588379,12.194596290588379,0.1459859311580658,0.11345578730106354,8.545602798461914
vgsae_gamma=2.0_seed=0,0,2.0,200.0,-21.41973114013672,0.003,0.05016122758388519,0.40128982067108154,0.3457615375518799,9.787917137145996,-12.23914623260498,12.23914623260498,0.152936190366745,0.11435608565807343,10.708767890930176
vgsae_gamma=2.0_seed=0,0,2.0,250.0,-22.578353881835938,0.003,0.04072435945272446,0.32579487562179565,0.29415008425712585,9.999441146850586,-12.117264747619629,12.117264747619629,0.1562412828207016,0.11322301626205444,12.904372215270996
vgsae_gamma=2.0_seed=0,0,2.0,300.0,-23.520084381103516,0.003,0.03469213843345642,0.27753710746765137,0.2556909918785095,10.06746768951416,-11.92156982421875,11.92156982421875,0.15730419754981995,0.11116534471511841,15.002962112426758
vgsae_gamma=2.0_seed=0,0,2.0,350.0,-24.282766342163086,0.003,0.030573710799217224,0.2445896863937378,0.22779567539691925,10.071142196655273,-11.718694686889648,11.718694686889648,0.15736159682273865,0.10898439586162567,16.935325622558594
vgsae_gamma=2.0_seed=0,0,2.0,400.0,-24.9189453125,0.003,0.028100650757551193,0.22480520606040955,0.20208844542503357,10.069847106933594,-11.543498039245605,11.543498039245605,0.1573413610458374,0.10711126029491425,18.74003028869629
vgsae_gamma=2.0_seed=0,0,2.0,450.0,-25.49186134338379,0.003,0.025633491575717926,0.2050679326057434,0.18465712666511536,10.044346809387207,-11.362166404724121,11.362166404724121,0.1569429337978363,0.10516013205051422,20.527292251586914
vgsae_gamma=2.0_seed=0,0,2.0,500.0,-26.028770446777344,0.003,0.023658566176891327,0.18926852941513062,0.1685134470462799,10.02107048034668,-11.191656112670898,11.191656112670898,0.15657924115657806,0.10334017872810364,22.359987258911133
vgsae_gamma=2.0_seed=0,0,2.0,550.0,-26.55734634399414,0.003,0.021689288318157196,0.17351430654525757,0.1559087485074997,9.97698974609375,-11.01550579071045,11.01550579071045,0.15589047968387604,0.10144901275634766,24.284881591796875
vgsae_gamma=2.0_seed=0,0,2.0,600.0,-27.026609420776367,0.003,0.01998346857726574,0.15986774861812592,0.14636081457138062,9.922889709472656,-10.846578598022461,10.846578598022461,0.15504515171051025,0.09963861107826233,26.124277114868164
vgsae_gamma=2.0_seed=0,0,2.0,650.0,-27.441226959228516,0.003,0.018883313983678818,0.15106651186943054,0.13579297065734863,9.878889083862305,-10.694480895996094,10.694480895996094,0.1543576419353485,0.09801838546991348,27.88821792602539
vgsae_gamma=2.0_seed=0,0,2.0,700.0,-27.8061466217041,0.003,0.017994951456785202,0.14395961165428162,0.12701046466827393,9.816543579101562,-10.541183471679688,10.541183471679688,0.15338349342346191,0.09638333320617676,29.523555755615234
vgsae_gamma=2.0_seed=0,0,2.0,750.0,-28.141006469726562,0.003,0.017128966748714447,0.13703173398971558,0.11987458914518356,9.77790641784668,-10.411029815673828,10.411029815673828,0.15277978777885437,0.09501665830612183,31.13975715637207
vgsae_gamma=2.0_seed=0,0,2.0,799.0,-28.434310913085938,0.003,0.01656392402946949,0.13251139223575592,0.11263958364725113,9.743879318237305,-10.295610427856445,10.295610427856445,0.1522480994462967,0.09380726516246796,32.63294982910156
vgsae_gamma=3.0_seed=0,0,3.0,0.0,-9.52439022064209,0.003,0.18583586812019348,1.4866869449615479,0.953006386756897,11.74720573425293,-11.771041870117188,11.771041870117188,0.12236672639846802,0.10650290548801422,3.2791008949279785
vgsae_gamma=3.0_seed=0,0,3.0,50.0,-12.411556243896484,0.003,0.15408197045326233,1.2326557636260986,0.6098145246505737,9.608396530151367,-10.27327823638916,10.27327823638916,0.10008746385574341,0.089204341173172,4.341996669769287
vgsae_gamma=3.0_seed=0,0,3.0,100.0,-14.385124206542969,0.003,0.12597878277301788,1.007830262184143,0.43823227286338806,8.471487045288086,-9.171833038330078,9.171833038330078,0.08824465423822403,0.07782171666622162,5.532264709472656
vgsae_gamma=3.0_seed=0,0,3.0,150.0,-15.880395889282227,0.003,0.09522326290607452,0.7617861032485962,0.3875666558742523,8.602109909057617,-8.960565567016602,8.960565567016602,0.08960531651973724,0.07619273662567139,6.960439205169678
vgsae_gamma=3.0_seed=0,0,3.0,200.0,-17.316219329833984,0.003,0.0708838552236557,0.5670708417892456,0.3486914038658142,8.84839916229248,-8.825098991394043,8.825098991394043,0.0921708196401596,0.07521927356719971,8.735892295837402
vgsae_gamma=3.0_seed=0,0,3.0,250.0,-18.54694366455078,0.003,0.05672192946076393,0.45377543568611145,0.2987683415412903,9.027349472045898,-8.664390563964844,8.664390563964844,0.09403489530086517,0.07385917007923126,10.63061237335205
vgsae_gamma=3.0_seed=0,0,3.0,300.0,-19.589759826660156,0.003,0.047317586839199066,0.37854069471359253,0.25906193256378174,9.133201599121094,-8.487107276916504,8.487107276916504,0.09513752907514572,0.07224833965301514,12.547000885009766
vgsae_gamma=3.0_seed=0,0,3.0,350.0,-20.516523361206055,0.003,0.040620677173137665,0.3249654173851013,0.22676455974578857,9.184123992919922,-8.30754280090332,8.30754280090332,0.09566795080900192,0.07057905197143555,14.499844551086426
vgsae_gamma=3.0_seed=0,0,3.0,400.0,-21.330427169799805,0.003,0.03531808406114578,0.28254467248916626,0.20332445204257965,9.231988906860352,-8.152355194091797,8.152355194091797,0.09616656601428986,0.06913715600967407,16.46533966064453
vgsae_gamma=3.0_seed=0,0,3.0,450.0,-21.998903274536133,0.003,0.03226736560463905,0.2581389248371124,0.17968788743019104,9.234270095825195,-7.99018669128418,7.99018669128418,0.09619031846523285,0.067597396671772,18.272064208984375
vgsae_gamma=3.0_seed=0,0,3.0,500.0,-22.55912208557129,0.003,0.029832053929567337,0.2386564314365387,0.16246753931045532,9.235952377319336,-7.851664066314697,7.851664066314697,0.09620783478021622,0.06628589332103729,19.943960189819336
vgsae_gamma=3.0_seed=0,0,3.0,550.0,-23.078006744384766,0.003,0.027657093480229378,0.22125674784183502,0.1488053798675537,9.2307710647583,-7.7205705642700195,7.7205705642700195,0.0961538702249527,0.06505084782838821,21.617990493774414
vgsae_gamma=3.0_seed=0,0,3.0,600.0,-23.545711517333984,0.003,0.02588123455643654,0.2070498764514923,0.1371493935585022,9.221384048461914,-7.599287986755371,7.599287986755371,0.09605607390403748,0.06391828507184982,23.242351531982422
vgsae_gamma=3.0_seed=0,0,3.0,650.0,-23.980499267578125,0.003,0.024231653660535812,0.1938532292842865,0.12784504890441895,9.218806266784668,-7.490643501281738,7.490643501281738,0.09602923691272736,0.06291216611862183,24.86802101135254
vgsae_gamma=3.0_seed=0,0,3.0,700.0,-24.371746063232422,0.003,0.022769322618842125,0.182154580950737,0.12041991949081421,9.213768005371094,-7.386558532714844,7.386558532714844,0.09597674757242203,0.06194993481040001,26.439769744873047
vgsae_gamma=3.0_seed=0,0,3.0,750.0,-24.718379974365234,0.003,0.021780850365757942,0.17424680292606354,0.11242420226335526,9.193069458007812,-7.2805585861206055,7.2805585861206055,0.09576114267110825,0.06095874309539795,27.906553268432617
vgsae_gamma=3.0_seed=0,0,3.0,799.0,-25.015867233276367,0.003,0.021226916462183,0.169815331697464,0.10411868989467621,9.145072937011719,-7.166463851928711,7.166463851928711,0.09526117891073227,0.05987592414021492,29.20411491394043
vgsae_gamma=5.0_seed=0,0,5.0,0.0,-1.553365707397461,0.003,0.185029998421669,1.480239987373352,0.9697602987289429,19.737884521484375,-11.824422836303711,11.824422836303711,0.12336178123950958,0.1071726530790329,3.265305757522583
vgsae_gamma=5.0_seed=0,0,5.0,50.0,-6.517930030822754,0.003,0.18165430426597595,1.4532344341278076,0.5055410861968994,14.262224197387695,-9.523178100585938,9.523178100585938,0.08913890272378922,0.0807141363620758,4.084184646606445
vgsae_gamma=5.0_seed=0,0,5.0,100.0,-9.898908615112305,0.003,0.20830658078193665,1.6664526462554932,0.24325188994407654,7.385743141174316,-5.824707508087158,5.824707508087158,0.04616088792681694,0.043492332100868225,4.189129829406738
vgsae_gamma=5.0_seed=0,0,5.0,150.0,-11.104416847229004,0.003,0.17893648147583008,1.4314918518066406,0.26568424701690674,6.368511199951172,-5.069121360778809,5.069121360778809,0.03980319947004318,0.0370841845870018,4.713712692260742
vgsae_gamma=5.0_seed=0,0,5.0,200.0,-12.020009994506836,0.003,0.1538175493478775,1.23054039478302,0.25449442863464355,6.32515287399292,-4.8731369972229,4.8731369972229,0.03953220695257187,0.03577037900686264,5.387078762054443
vgsae_gamma=5.0_seed=0,0,5.0,250.0,-12.937162399291992,0.003,0.12984295189380646,1.0387436151504517,0.24663008749485016,6.498320579528809,-4.808348178863525,4.808348178863525,0.04061450436711311,0.035527750849723816,6.223870277404785
vgsae_gamma=5.0_seed=0,0,5.0,300.0,-13.781496047973633,0.003,0.11149099469184875,0.89192795753479,0.22470037639141083,6.7388482093811035,-4.767322540283203,4.767322540283203,0.04211780056357384,0.03542209789156914,7.164424419403076
vgsae_gamma=5.0_seed=0,0,5.0,350.0,-14.389564514160156,0.003,0.10072996467351913,0.8058397173881531,0.20266805589199066,6.844766616821289,-4.666572093963623,4.666572093963623,0.04277978837490082,0.034723129123449326,7.932512283325195
vgsae_gamma=5.0_seed=0,0,5.0,400.0,-14.929725646972656,0.003,0.09075576066970825,0.726046085357666,0.1896907091140747,7.048172950744629,-4.638157844543457,4.638157844543457,0.04405108094215393,0.034629713743925095,8.736133575439453
vgsae_gamma=5.0_seed=0,0,5.0,450.0,-15.450725555419922,0.003,0.08239808678627014,0.6591846942901611,0.1772487610578537,7.20603084564209,-4.592358112335205,4.592358112335205,0.04503769055008888,0.03435870260000229,9.564417839050293
vgsae_gamma=5.0_seed=0,0,5.0,500.0,-15.918956756591797,0.003,0.07564526051282883,0.6051620841026306,0.16627630591392517,7.332279205322266,-4.53971529006958,4.53971529006958,0.0458267442882061,0.03401772677898407,10.370238304138184
vgsae_gamma=5.0_seed=0,0,5.0,550.0,-16.373876571655273,0.003,0.06897194683551788,0.5517755746841431,0.15963326394557953,7.520474433898926,-4.534755229949951,4.534755229949951,0.04700296372175217,0.03408443182706833,11.245292663574219
vgsae_gamma=5.0_seed=0,0,5.0,600.0,-16.82865333557129,0.003,0.06316576898097992,0.5053261518478394,0.15114742517471313,7.683462619781494,-4.509601593017578,4.509601593017578,0.04802164062857628,0.03397300839424133,12.186323165893555
vgsae_gamma=5.0_seed=0,0,5.0,650.0,-17.22443389892578,0.003,0.058833785355091095,0.47067028284072876,0.14252331852912903,7.786853790283203,-4.463156700134277,4.463156700134277,0.04866783693432808,0.033628568053245544,13.046451568603516
vgsae_gamma=5.0_seed=0,0,5.0,700.0,-17.560087203979492,0.003,0.055520199239254,0.444161593914032,0.13316461443901062,7.904994487762451,-4.43476676940918,4.43476676940918,0.04940621927380562,0.033425603061914444,13.856985092163086
vgsae_gamma=5.0_seed=0,0,5.0,750.0,-17.840702056884766,0.003,0.05317370593547821,0.4253896474838257,0.1260327845811844,7.933862686157227,-4.3769989013671875,4.3769989013671875,0.049586646258831024,0.0329439751803875,14.507933616638184
vgsae_gamma=5.0_seed=0,0,5.0,799.0,-18.0810604095459,0.003,0.051275767385959625,0.410206139087677,0.1193855032324791,7.962608337402344,-4.322944641113281,4.322944641113281,0.04976630210876465,0.03249253332614899,15.105977058410645
vgsae_gamma=7.0_seed=0,0,7.0,0.0,6.059377670288086,0.003,0.18658533692359924,1.492682695388794,0.9688402414321899,27.19259262084961,-11.703924179077148,11.703924179077148,0.12139549851417542,0.10572904348373413,3.2500202655792236
vgsae_gamma=7.0_seed=0,0,7.0,50.0,-1.9336042404174805,0.003,0.20415827631950378,1.6332662105560303,0.4117822051048279,17.714496612548828,-8.735939979553223,8.735939979553223,0.07908257842063904,0.07233025133609772,3.9118881225585938
vgsae_gamma=7.0_seed=0,0,7.0,100.0,-7.536248207092285,0.003,0.27743831276893616,2.2195065021514893,0.1269809603691101,6.204968452453613,-3.9290409088134766,3.9290409088134766,0.027700750157237053,0.026695555076003075,3.409351110458374
vgsae_gamma=7.0_seed=0,0,7.0,150.0,-8.877222061157227,0.003,0.2596963346004486,2.077570676803589,0.11909231543540955,4.4296464920043945,-2.9668517112731934,2.9668517112731934,0.019775209948420525,0.019149262458086014,3.6418874263763428
vgsae_gamma=7.0_seed=0,0,7.0,200.0,-9.491613388061523,0.003,0.24736811220645905,1.9789448976516724,0.11061215400695801,3.9032158851623535,-2.654913902282715,2.654913902282715,0.017425071448087692,0.016856150701642036,3.8285624980926514
vgsae_gamma=7.0_seed=0,0,7.0,250.0,-10.007333755493164,0.003,0.23261722922325134,1.8609378337860107,0.11301995068788528,3.6730217933654785,-2.4851479530334473,2.4851479530334473,0.016397418454289436,0.01567741483449936,4.05277156829834
vgsae_gamma=7.0_seed=0,0,7.0,300.0,-10.512836456298828,0.003,0.21666428446769714,1.7333142757415771,0.11097411066293716,3.6031036376953125,-2.377155065536499,2.377155065536499,0.01608528383076191,0.014958467334508896,4.337716579437256
vgsae_gamma=7.0_seed=0,0,7.0,350.0,-10.921324729919434,0.003,0.20549626648426056,1.6439701318740845,0.09916020184755325,3.5616648197174072,-2.2929184436798096,2.2929184436798096,0.01590028963983059,0.014397763647139072,4.589444160461426
vgsae_gamma=7.0_seed=0,0,7.0,400.0,-11.244396209716797,0.003,0.19666321575641632,1.5733057260513306,0.09687735140323639,3.4987871646881104,-2.211118221282959,2.211118221282959,0.015619585290551186,0.013852395117282867,4.789893627166748
vgsae_gamma=7.0_seed=0,0,7.0,450.0,-11.555431365966797,0.003,0.18746866285800934,1.4997493028640747,0.09572157263755798,3.5049099922180176,-2.162160873413086,2.162160873413086,0.01564691960811615,0.013562056235969067,5.014193534851074
vgsae_gamma=7.0_seed=0,0,7.0,500.0,-11.798990249633789,0.003,0.18233934044837952,1.4587147235870361,0.08838167041540146,3.4095942974090576,-2.064091682434082,2.064091682434082,0.01522140484303236,0.012889320962131023,5.1709771156311035
vgsae_gamma=7.0_seed=0,0,7.0,550.0,-12.030973434448242,0.003,0.17600905895233154,1.4080724716186523,0.08560788631439209,3.4275050163269043,-2.0328898429870605,2.0328898429870605,0.015301361680030823,0.012706132605671883,5.355898857116699
vgsae_gamma=7.0_seed=0,0,7.0,600.0,-12.224247932434082,0.003,0.17100022733211517,1.3680018186569214,0.0846341922879219,3.4117889404296875,-1.9875444173812866,1.9875444173812866,0.015231199562549591,0.012424595654010773,5.507229328155518
vgsae_gamma=7.0_seed=0,0,7.0,650.0,-12.392698287963867,0.003,0.1667734980583191,1.3341879844665527,0.0832570493221283,3.3953452110290527,-1.9433598518371582,1.9433598518371582,0.015157792717218399,0.012147371657192707,5.643957138061523
vgsae_gamma=7.0_seed=0,0,7.0,700.0,-12.551429748535156,0.003,0.16237255930900574,1.298980474472046,0.08377949893474579,3.4054436683654785,-1.9139924049377441,1.9139924049377441,0.015202872455120087,0.011979503557085991,5.7855305671691895
vgsae_gamma=7.0_seed=0,0,7.0,750.0,-12.725592613220215,0.003,0.157469242811203,1.259753942489624,0.08748200535774231,3.398860216140747,-1.8733599185943604,1.8733599185943604,0.015173482708632946,0.011734985746443272,5.938084602355957
vgsae_gamma=7.0_seed=0,0,7.0,799.0,-13.036867141723633,0.003,0.14925172924995422,1.1940138339996338,0.08942015469074249,3.462482452392578,-1.8601312637329102,1.8601312637329102,0.015457510948181152,0.011707453057169914,6.233277797698975
vgsae_gamma=10.0_seed=0,0,10.0,0.0,18.311901092529297,0.003,0.20647530257701874,1.65180242061615,0.9597242474555969,38.986488342285156,-11.718535423278809,11.718535423278809,0.12183278053998947,0.10596368461847305,3.0633420944213867
vgsae_gamma=10.0_seed=0,0,10.0,50.0,5.953347206115723,0.003,0.20801082253456116,1.6640865802764893,0.4208201766014099,25.492069244384766,-8.78098201751709,8.78098201751709,0.07966271787881851,0.07279984652996063,3.8371024131774902
vgsae_gamma=10.0_seed=0,0,10.0,100.0,-4.370681285858154,0.003,0.30935344099998474,2.474827527999878,0.11222109198570251,8.438997268676758,-3.778287410736084,3.778287410736084,0.02637186460196972,0.02543581649661064,3.0923268795013428
vgsae_gamma=10.0_seed=0,0,10.0,150.0,-7.216116905212402,0.003,0.30323660373687744,2.4258928298950195,0.11568072438240051,3.9359636306762695,-1.9788153171539307,1.9788153171539307,0.012299885973334312,0.011930786073207855,3.1476564407348633
vgsae_gamma=10.0_seed=0,0,10.0,200.0,-8.02346134185791,0.003,0.2904122471809387,2.3232979774475098,0.08959850668907166,3.2067975997924805,-1.6413497924804688,1.6413497924804688,0.010021241381764412,0.009695479646325111,3.3155174255371094
vgsae_gamma=10.0_seed=0,0,10.0,250.0,-8.517641067504883,0.003,0.27969270944595337,2.237541675567627,0.07748176157474518,2.8966078758239746,-1.4940764904022217,1.4940764904022217,0.009051899425685406,0.008750028908252716,3.455688238143921
vgsae_gamma=10.0_seed=0,0,10.0,300.0,-8.945876121520996,0.003,0.2668040096759796,2.134432077407837,0.07589700818061829,2.77040958404541,-1.4258838891983032,1.4258838891983032,0.008657529950141907,0.008337849751114845,3.619370698928833
vgsae_gamma=10.0_seed=0,0,10.0,350.0,-9.344400405883789,0.003,0.2577902674674988,2.0623221397399902,0.0669282004237175,2.568568229675293,-1.3235971927642822,1.3235971927642822,0.00802677497267723,0.007668768987059593,3.757190465927124
vgsae_gamma=10.0_seed=0,0,10.0,400.0,-9.66277027130127,0.003,0.250404417514801,2.003235340118408,0.060328081250190735,2.429342746734619,-1.2520549297332764,1.2520549297332764,0.007591696456074715,0.0071932477876544,3.876789093017578
vgsae_gamma=10.0_seed=0,0,10.0,450.0,-9.94091510772705,0.003,0.24191352725028992,1.9353082180023193,0.0634743943810463,2.3667922019958496,-1.2124814987182617,1.2124814987182617,0.007396225817501545,0.006941989064216614,4.00243616104126
vgsae_gamma=10.0_seed=0,0,10.0,500.0,-10.24131965637207,0.003,0.23036915063858032,1.8429532051086426,0.0691758319735527,2.4123246669769287,-1.2038506269454956,1.2038506269454956,0.007538514211773872,0.0069121103733778,4.1838178634643555
vgsae_gamma=10.0_seed=0,0,10.0,550.0,-10.519441604614258,0.003,0.22089311480522156,1.7671449184417725,0.0675707757472992,2.44927716255188,-1.1883018016815186,1.1883018016815186,0.007653990760445595,0.006833343300968409,4.360348701477051
vgsae_gamma=10.0_seed=0,0,10.0,600.0,-10.748444557189941,0.003,0.21518941223621368,1.7215152978897095,0.06285563111305237,2.392493963241577,-1.1379338502883911,1.1379338502883911,0.0074765440076589584,0.006514277774840593,4.483372688293457
vgsae_gamma=10.0_seed=0,0,10.0,650.0,-10.926701545715332,0.003,0.2111881971359253,1.6895055770874023,0.06001080945134163,2.3233695030212402,-1.0892531871795654,1.0892531871795654,0.0072605302557349205,0.006201753858476877,4.572692394256592
vgsae_gamma=10.0_seed=0,0,10.0,700.0,-11.084897994995117,0.003,0.20755159854888916,1.6604127883911133,0.05711743235588074,2.277818202972412,-1.054283618927002,1.054283618927002,0.007118182256817818,0.005978366360068321,4.657851219177246
vgsae_gamma=10.0_seed=0,0,10.0,750.0,-11.226517677307129,0.003,0.20362240076065063,1.628979206085205,0.056764401495456696,2.266183614730835,-1.0348236560821533,1.0348236560821533,0.007081823423504829,0.0058573270216584206,4.745680332183838
vgsae_gamma=10.0_seed=0,0,10.0,799.0,-11.35831069946289,0.003,0.2010115534067154,1.6080924272537231,0.0559546984732151,2.1924073696136475,-0.9892076849937439,0.9892076849937439,0.0068512726575136185,0.005569376517087221,4.80755615234375
vgsae_gamma=0.0_seed=1,1,0.0,0.0,-20.667465209960938,0.003,0.20255935192108154,1.6204748153686523,1.0184507369995117,0.0,-11.794906616210938,11.794906616210938,0.12306986004114151,0.10688336193561554,3.031536817550659
vgsae_gamma=0.0_seed=1,1,0.0,50.0,-26.592803955078125,0.003,0.12579885125160217,1.0063908100128174,0.8691856861114502,0.0,-14.98859977722168,14.98859977722168,0.1904151290655136,0.1476423442363739,4.265355110168457
vgsae_gamma=0.0_seed=1,1,0.0,100.0,-34.607452392578125,0.003,0.07782204449176788,0.6225763559341431,0.5980756282806396,0.0,-19.567001342773438,19.567001342773438,0.3709701895713806,0.21131578087806702,6.55387544631958
vgsae_gamma=0.0_seed=1,1,0.0,150.0,-39.473548889160156,0.003,0.044246163219213486,0.3539693057537079,0.3697481155395508,0.0,-20.251182556152344,20.251182556152344,0.5654415488243103,0.2226714938879013,11.054039001464844
vgsae_gamma=0.0_seed=1,1,0.0,200.0,-41.399322509765625,0.003,0.03269818797707558,0.2615855038166046,0.28715914487838745,0.0,-19.96281623840332,19.96281623840332,0.5829934477806091,0.2188187539577484,14.578728675842285
vgsae_gamma=0.0_seed=1,1,0.0,250.0,-42.38554382324219,0.003,0.027389755472540855,0.21911804378032684,0.24713675677776337,0.0,-19.64582633972168,19.64582633972168,0.5933589935302734,0.21466869115829468,17.158000946044922
vgsae_gamma=0.0_seed=1,1,0.0,300.0,-43.10375213623047,0.003,0.024876171723008156,0.19900937378406525,0.21315890550613403,0.0,-19.377634048461914,19.377634048461914,0.5995321273803711,0.21125242114067078,19.4095458984375
vgsae_gamma=0.0_seed=1,1,0.0,350.0,-43.793212890625,0.003,0.021772373467683792,0.17417898774147034,0.19065390527248383,0.0,-19.09115219116211,19.09115219116211,0.6044858694076538,0.2077573835849762,21.927846908569336
vgsae_gamma=0.0_seed=1,1,0.0,400.0,-44.546897888183594,0.003,0.01972837559878826,0.1578270047903061,0.1608307808637619,0.0,-18.762264251708984,18.762264251708984,0.6106013059616089,0.20409487187862396,25.10529899597168
vgsae_gamma=0.0_seed=1,1,0.0,450.0,-45.36452865600586,0.003,0.018153108656406403,0.14522486925125122,0.13530537486076355,0.0,-18.560405731201172,18.560405731201172,0.6119003891944885,0.20218786597251892,28.517423629760742
vgsae_gamma=0.0_seed=1,1,0.0,500.0,-46.09279251098633,0.003,0.017147229984402657,0.13717783987522125,0.11600592732429504,0.0,-18.468141555786133,18.468141555786133,0.6114097237586975,0.2014632523059845,31.597604751586914
vgsae_gamma=0.0_seed=1,1,0.0,550.0,-46.68641662597656,0.003,0.016107309609651566,0.12885847687721252,0.10482358187437057,0.0,-18.420536041259766,18.420536041259766,0.6103115677833557,0.2011694312095642,34.23455047607422
vgsae_gamma=0.0_seed=1,1,0.0,600.0,-47.12110137939453,0.003,0.01552208885550499,0.12417671084403992,0.09527519345283508,0.0,-18.35259246826172,18.35259246826172,0.6114051342010498,0.20050466060638428,36.4544563293457
vgsae_gamma=0.0_seed=1,1,0.0,650.0,-47.44151306152344,0.003,0.014883521012961864,0.11906816810369492,0.09083493053913116,0.0,-18.31710433959961,18.31710433959961,0.6101119518280029,0.20020052790641785,38.11282730102539
vgsae_gamma=0.0_seed=1,1,0.0,700.0,-47.72618865966797,0.003,0.014329495839774609,0.11463596671819687,0.08687092363834381,0.0,-18.275205612182617,18.275205612182617,0.6094551086425781,0.199767604470253,39.70087432861328
vgsae_gamma=0.0_seed=1,1,0.0,750.0,-47.98006820678711,0.003,0.013893857598304749,0.11115086078643799,0.08277449011802673,0.0,-18.222278594970703,18.222278594970703,0.6107664108276367,0.19915248453617096,41.25299072265625
vgsae_gamma=0.0_seed=1,1,0.0,799.0,-48.18426513671875,0.003,0.013581594452261925,0.1086527556180954,0.07964722067117691,0.0,-18.190982818603516,18.190982818603516,0.610556960105896,0.19880259037017822,42.48540115356445
vgsae_gamma=0.25_seed=1,1,0.25,0.0,-19.799468994140625,0.003,0.20096370577812195,1.6077096462249756,0.9692227840423584,0.9729828238487244,-11.709718704223633,11.709718704223633,0.12162284553050995,0.10585162043571472,3.104465961456299
vgsae_gamma=0.25_seed=1,1,0.25,50.0,-25.12308120727539,0.003,0.12059696018695831,0.9647756814956665,0.8381709456443787,1.4424872398376465,-14.645413398742676,14.645413398742676,0.1803109049797058,0.14296483993530273,4.437180995941162
vgsae_gamma=0.25_seed=1,1,0.25,100.0,-32.475975036621094,0.003,0.07656437158584595,0.6125149726867676,0.5096224546432495,2.8001999855041504,-19.56252670288086,19.56252670288086,0.3500249981880188,0.21097137033939362,7.129251003265381
vgsae_gamma=0.25_seed=1,1,0.25,150.0,-36.405235290527344,0.003,0.04645930603146553,0.37167444825172424,0.31337857246398926,4.10225772857666,-20.84588623046875,20.84588623046875,0.5127822160720825,0.23070117831230164,11.677928924560547
vgsae_gamma=0.25_seed=1,1,0.25,200.0,-37.866336822509766,0.003,0.03548739105463028,0.28389912843704224,0.27261704206466675,4.141095161437988,-20.683425903320312,20.683425903320312,0.5176368951797485,0.22859174013137817,14.375144004821777
vgsae_gamma=0.25_seed=1,1,0.25,250.0,-38.778411865234375,0.003,0.029931047931313515,0.23944838345050812,0.24290166795253754,4.173459053039551,-20.483657836914062,20.483657836914062,0.5216823816299438,0.22596903145313263,16.585464477539062
vgsae_gamma=0.25_seed=1,1,0.25,300.0,-39.4328498840332,0.003,0.027051128447055817,0.21640902757644653,0.21793532371520996,4.182162284851074,-20.30813980102539,20.30813980102539,0.522770345211029,0.22367888689041138,18.418567657470703
vgsae_gamma=0.25_seed=1,1,0.25,350.0,-39.973697662353516,0.003,0.024372436106204987,0.1949794888496399,0.20271281898021698,4.181204795837402,-20.142757415771484,20.142757415771484,0.5226505994796753,0.2215195596218109,20.11605453491211
vgsae_gamma=0.25_seed=1,1,0.25,400.0,-40.44029235839844,0.003,0.02253982052206993,0.18031856417655945,0.18830594420433044,4.177937984466553,-19.998884201049805,19.998884201049805,0.5222422480583191,0.21965721249580383,21.702299118041992
vgsae_gamma=0.25_seed=1,1,0.25,450.0,-40.83934020996094,0.003,0.02124246582388878,0.16993972659111023,0.17517423629760742,4.1791911125183105,-19.871952056884766,19.871952056884766,0.5223989486694336,0.2180301547050476,23.180747985839844
vgsae_gamma=0.25_seed=1,1,0.25,500.0,-41.17163848876953,0.003,0.020446699112653732,0.16357359290122986,0.16247236728668213,4.1869659423828125,-19.757339477539062,19.757339477539062,0.5233707427978516,0.2165745198726654,24.536418914794922
vgsae_gamma=0.25_seed=1,1,0.25,550.0,-41.489036560058594,0.003,0.01882171630859375,0.15057373046875,0.16029465198516846,4.151653289794922,-19.65807342529297,19.65807342529297,0.5189566612243652,0.21528179943561554,25.734363555908203
vgsae_gamma=0.25_seed=1,1,0.25,600.0,-41.791080474853516,0.003,0.01798143796622753,0.14385150372982025,0.15249581634998322,4.144646644592285,-19.57040786743164,19.57040786743164,0.5180807709693909,0.21417741477489471,26.995351791381836
vgsae_gamma=0.25_seed=1,1,0.25,650.0,-42.06153106689453,0.003,0.017335977405309677,0.13868781924247742,0.14478671550750732,4.146108627319336,-19.487045288085938,19.487045288085938,0.518263578414917,0.21314406394958496,28.221229553222656
vgsae_gamma=0.25_seed=1,1,0.25,700.0,-42.28880310058594,0.003,0.017023781314492226,0.1361902505159378,0.1373850703239441,4.137575626373291,-19.42142105102539,19.42142105102539,0.5171970129013062,0.2123275101184845,29.242403030395508
vgsae_gamma=0.25_seed=1,1,0.25,750.0,-42.528953552246094,0.003,0.016215497627854347,0.12972398102283478,0.13445638120174408,4.111168384552002,-19.355602264404297,19.355602264404297,0.5138960480690002,0.21149446070194244,30.28234100341797
vgsae_gamma=0.25_seed=1,1,0.25,799.0,-42.747215270996094,0.003,0.0157234538346529,0.1257876306772232,0.12938007712364197,4.1115264892578125,-19.296533584594727,19.296533584594727,0.5139408707618713,0.2107735574245453,31.351930618286133
vgsae_gamma=0.5_seed=1,1,0.5,0.0,-18.78171157836914,0.003,0.20414480566978455,1.6331584453582764,0.9514346718788147,1.9377195835113525,-11.68044376373291,11.68044376373291,0.12110746651887894,0.10546473413705826,3.0952651500701904
vgsae_gamma=0.5_seed=1,1,0.5,50.0,-23.241649627685547,0.003,0.12395399808883667,0.9916319847106934,0.8460570573806763,2.7322299480438232,-14.20641803741455,14.20641803741455,0.17076438665390015,0.13726967573165894,4.353293418884277
vgsae_gamma=0.5_seed=1,1,0.5,100.0,-28.831050872802734,0.003,0.08138938993215561,0.6511151194572449,0.5536586046218872,5.039423942565918,-18.725276947021484,18.725276947021484,0.3149639964103699,0.19897308945655823,6.6402506828308105
vgsae_gamma=0.5_seed=1,1,0.5,150.0,-31.973451614379883,0.003,0.05286280810832977,0.4229024648666382,0.3786086142063141,6.877283096313477,-20.44515037536621,20.44515037536621,0.4298301935195923,0.22433032095432281,9.981147766113281
vgsae_gamma=0.5_seed=1,1,0.5,200.0,-33.472999572753906,0.003,0.040472179651260376,0.323777437210083,0.3182952404022217,7.083294868469238,-20.376331329345703,20.376331329345703,0.4427059292793274,0.22362801432609558,12.459650039672852
vgsae_gamma=0.5_seed=1,1,0.5,250.0,-34.5029296875,0.003,0.033390577882528305,0.26712462306022644,0.27863436937332153,7.171404838562012,-20.19417953491211,20.19417953491211,0.44821277260780334,0.22128447890281677,14.65848445892334
vgsae_gamma=0.5_seed=1,1,0.5,300.0,-35.2962760925293,0.003,0.029353922232985497,0.23483137786388397,0.24617603421211243,7.205807685852051,-20.01156997680664,20.01156997680664,0.4503629207611084,0.2189231514930725,16.631759643554688
vgsae_gamma=0.5_seed=1,1,0.5,350.0,-35.92774200439453,0.003,0.026418162509799004,0.21134530007839203,0.2249242663383484,7.169198513031006,-19.825450897216797,19.825450897216797,0.4480748772621155,0.216464102268219,18.3372859954834
vgsae_gamma=0.5_seed=1,1,0.5,400.0,-36.46001052856445,0.003,0.024453390389680862,0.1956271231174469,0.2043907642364502,7.191310882568359,-19.685821533203125,19.685821533203125,0.44945693016052246,0.21469807624816895,19.99910545349121
vgsae_gamma=0.5_seed=1,1,0.5,450.0,-36.914093017578125,0.003,0.022734137251973152,0.18187309801578522,0.19023558497428894,7.1672186851501465,-19.537227630615234,19.537227630615234,0.44795116782188416,0.2127692699432373,21.499094009399414
vgsae_gamma=0.5_seed=1,1,0.5,500.0,-37.29978561401367,0.003,0.021658986806869507,0.17327189445495605,0.1767735630273819,7.147696495056152,-19.414409637451172,19.414409637451172,0.4467310309410095,0.21118947863578796,22.854175567626953
vgsae_gamma=0.5_seed=1,1,0.5,550.0,-37.662986755371094,0.003,0.020259110257029533,0.16207288205623627,0.16871380805969238,7.108068466186523,-19.28527069091797,19.28527069091797,0.4442543089389801,0.2095036506652832,24.184768676757812
vgsae_gamma=0.5_seed=1,1,0.5,600.0,-38.00014114379883,0.003,0.019330354407429695,0.15464283525943756,0.1591866910457611,7.090974807739258,-19.184341430664062,19.184341430664062,0.4431859254837036,0.20821961760520935,25.491544723510742
vgsae_gamma=0.5_seed=1,1,0.5,650.0,-38.298099517822266,0.003,0.018629908561706543,0.14903926849365234,0.1505974382162094,7.080489158630371,-19.101581573486328,19.101581573486328,0.44253063201904297,0.2071840465068817,26.698997497558594
vgsae_gamma=0.5_seed=1,1,0.5,700.0,-38.580604553222656,0.003,0.017862726002931595,0.14290180802345276,0.14414480328559875,7.056728363037109,-19.01691436767578,19.01691436767578,0.44104552268981934,0.2061096876859665,27.870038986206055
vgsae_gamma=0.5_seed=1,1,0.5,750.0,-38.84507751464844,0.003,0.017192786559462547,0.13754229247570038,0.13852594792842865,7.024288177490234,-18.936975479125977,18.936975479125977,0.43901801109313965,0.2050912231206894,28.978342056274414
vgsae_gamma=0.5_seed=1,1,0.5,799.0,-39.10796356201172,0.003,0.01656995341181755,0.1325596272945404,0.13335511088371277,6.990230560302734,-18.866024017333984,18.866024017333984,0.4368894100189209,0.20418812334537506,30.08483123779297
vgsae_gamma=1.0_seed=1,1,1.0,0.0,-17.188825607299805,0.003,0.1793319582939148,1.4346556663513184,1.0662752389907837,3.9859113693237305,-11.87250804901123,11.87250804901123,0.12455973029136658,0.10785079002380371,3.1988091468811035
vgsae_gamma=1.0_seed=1,1,1.0,50.0,-20.814828872680664,0.003,0.11092853546142578,0.8874282836914062,0.8651294708251953,5.425273418426514,-14.093179702758789,14.093179702758789,0.16953980922698975,0.1358920782804489,4.564756870269775
vgsae_gamma=1.0_seed=1,1,1.0,100.0,-24.648666381835938,0.003,0.07178657501935959,0.5742926001548767,0.5468605756759644,8.622600555419922,-17.550596237182617,17.550596237182617,0.26945629715919495,0.18243971467018127,7.135510444641113
vgsae_gamma=1.0_seed=1,1,1.0,150.0,-26.76190757751465,0.003,0.05297292396426201,0.42378339171409607,0.386979877948761,10.085792541503906,-18.533933639526367,18.533933639526367,0.31518104672431946,0.1964297592639923,9.8672456741333
vgsae_gamma=1.0_seed=1,1,1.0,200.0,-27.92821502685547,0.003,0.043398916721343994,0.34719133377075195,0.32889753580093384,10.29515266418457,-18.456388473510742,18.456388473510742,0.3217235505580902,0.19557487964630127,11.832763671875
vgsae_gamma=1.0_seed=1,1,1.0,250.0,-28.85619354248047,0.003,0.03718394786119461,0.2974715828895569,0.28931862115859985,10.33646011352539,-18.292417526245117,18.292417526245117,0.32301440834999084,0.19349941611289978,13.633492469787598
vgsae_gamma=1.0_seed=1,1,1.0,300.0,-29.633132934570312,0.003,0.032417964190244675,0.2593437135219574,0.2622690498828888,10.336885452270508,-18.12784767150879,18.12784767150879,0.32302767038345337,0.19141042232513428,15.337047576904297
vgsae_gamma=1.0_seed=1,1,1.0,350.0,-30.3659610748291,0.003,0.02875027060508728,0.23000216484069824,0.2370743304491043,10.318536758422852,-17.9588680267334,17.9588680267334,0.3224542737007141,0.18927043676376343,17.12781524658203
vgsae_gamma=1.0_seed=1,1,1.0,400.0,-31.00814437866211,0.003,0.026108501479029655,0.20886801183223724,0.21498391032218933,10.297529220581055,-17.803173065185547,17.803173065185547,0.32179778814315796,0.18731264770030975,18.874513626098633
vgsae_gamma=1.0_seed=1,1,1.0,450.0,-31.590885162353516,0.003,0.02407287433743477,0.19258299469947815,0.19477346539497375,10.303987503051758,-17.672060012817383,17.672060012817383,0.32199960947036743,0.18570023775100708,20.65281105041504
vgsae_gamma=1.0_seed=1,1,1.0,500.0,-32.08948516845703,0.003,0.02233188971877098,0.17865511775016785,0.18080057203769684,10.246400833129883,-17.515037536621094,17.515037536621094,0.32020002603530884,0.18370023369789124,22.25587272644043
vgsae_gamma=1.0_seed=1,1,1.0,550.0,-32.56199264526367,0.003,0.020680364221334457,0.16544291377067566,0.1695481538772583,10.182855606079102,-17.360105514526367,17.360105514526367,0.3182142376899719,0.1817268282175064,23.88123321533203
vgsae_gamma=1.0_seed=1,1,1.0,600.0,-32.982704162597656,0.003,0.01955062337219715,0.1564049869775772,0.15777041018009186,10.165761947631836,-17.250503540039062,17.250503540039062,0.3176800310611725,0.18037846684455872,25.463481903076172
vgsae_gamma=1.0_seed=1,1,1.0,650.0,-33.362422943115234,0.003,0.018484557047486305,0.14787645637989044,0.14883199334144592,10.114694595336914,-17.121543884277344,17.121543884277344,0.31608420610427856,0.17875587940216064,26.962493896484375
vgsae_gamma=1.0_seed=1,1,1.0,700.0,-33.7038459777832,0.003,0.017600921913981438,0.1408073753118515,0.14090144634246826,10.066438674926758,-16.99970054626465,16.99970054626465,0.31457623839378357,0.1772300899028778,28.398120880126953
vgsae_gamma=1.0_seed=1,1,1.0,750.0,-34.013771057128906,0.003,0.016756881028413773,0.13405504822731018,0.134690523147583,10.015922546386719,-16.882240295410156,16.882240295410156,0.31299757957458496,0.17575564980506897,29.767932891845703
vgsae_gamma=1.0_seed=1,1,1.0,799.0,-34.28376007080078,0.003,0.01623731106519699,0.12989848852157593,0.12775810062885284,9.999794960021973,-16.79899787902832,16.79899787902832,0.31249362230300903,0.17474901676177979,31.049081802368164
vgsae_gamma=1.5_seed=1,1,1.5,0.0,-14.871828079223633,0.003,0.20220381021499634,1.6176304817199707,0.9818863272666931,5.858855724334717,-11.737756729125977,11.737756729125977,0.12205949425697327,0.10618007183074951,3.0774948596954346
vgsae_gamma=1.5_seed=1,1,1.5,50.0,-17.805124282836914,0.003,0.12672029435634613,1.013762354850769,0.797722578048706,6.705652713775635,-12.628419876098633,12.628419876098633,0.13970109820365906,0.11736045777797699,4.416266441345215
vgsae_gamma=1.5_seed=1,1,1.5,100.0,-20.753726959228516,0.003,0.08314207941293716,0.6651366353034973,0.5370688438415527,9.31253433227539,-14.90399169921875,14.90399169921875,0.1940111219882965,0.1468116044998169,6.6544365882873535
vgsae_gamma=1.5_seed=1,1,1.5,150.0,-22.593568801879883,0.003,0.0615408793091774,0.4923270344734192,0.40329891443252563,10.623565673828125,-15.699743270874023,15.699743270874023,0.22132429480552673,0.15757116675376892,8.932300567626953
vgsae_gamma=1.5_seed=1,1,1.5,200.0,-23.806182861328125,0.003,0.04869374632835388,0.38954997062683105,0.35007256269454956,10.838200569152832,-15.595928192138672,15.595928192138672,0.22579583525657654,0.15647615492343903,10.816328048706055
vgsae_gamma=1.5_seed=1,1,1.5,250.0,-24.761829376220703,0.003,0.04172610864043236,0.33380886912345886,0.30049929022789,10.926287651062012,-15.410821914672852,15.410821914672852,0.22763097286224365,0.15432709455490112,12.612165451049805
vgsae_gamma=1.5_seed=1,1,1.5,300.0,-25.53850555419922,0.003,0.03639216721057892,0.29113733768463135,0.2684280574321747,10.9554443359375,-15.213659286499023,15.213659286499023,0.22823841869831085,0.15200386941432953,14.296809196472168
vgsae_gamma=1.5_seed=1,1,1.5,350.0,-26.19801139831543,0.003,0.03286002576351166,0.26288020610809326,0.2401677668094635,10.970956802368164,-15.03687858581543,15.03687858581543,0.22856159508228302,0.14993074536323547,15.903055191040039
vgsae_gamma=1.5_seed=1,1,1.5,400.0,-26.78287124633789,0.003,0.02950233593583107,0.23601868748664856,0.221588134765625,10.96487808227539,-14.858257293701172,14.858257293701172,0.2284349799156189,0.14783033728599548,17.482257843017578
vgsae_gamma=1.5_seed=1,1,1.5,450.0,-27.305688858032227,0.003,0.02715759538114071,0.21726076304912567,0.20311549305915833,10.965503692626953,-14.70281982421875,14.70281982421875,0.22844800353050232,0.14601461589336395,19.03057098388672
vgsae_gamma=1.5_seed=1,1,1.5,500.0,-27.783527374267578,0.003,0.02501070126891136,0.2000856101512909,0.1894574612379074,10.927605628967285,-14.533353805541992,14.533353805541992,0.2276584357023239,0.1440078467130661,20.536882400512695
vgsae_gamma=1.5_seed=1,1,1.5,550.0,-28.228057861328125,0.003,0.02326185628771782,0.18609485030174255,0.17655596137046814,10.915128707885742,-14.393135070800781,14.393135070800781,0.22739849984645844,0.142373725771904,22.05978775024414
vgsae_gamma=1.5_seed=1,1,1.5,600.0,-28.63713836669922,0.003,0.021757502108812332,0.17406001687049866,0.16565941274166107,10.877459526062012,-14.241984367370605,14.241984367370605,0.22661375999450684,0.140594944357872,23.548843383789062
vgsae_gamma=1.5_seed=1,1,1.5,650.0,-29.016029357910156,0.003,0.020647475495934486,0.1651798039674759,0.1541426181793213,10.874828338623047,-14.122893333435059,14.122893333435059,0.2265588939189911,0.13923022150993347,25.053049087524414
vgsae_gamma=1.5_seed=1,1,1.5,700.0,-29.369686126708984,0.003,0.019428802654147148,0.15543042123317719,0.14629819989204407,10.831838607788086,-13.980172157287598,13.980172157287598,0.22566327452659607,0.13755913078784943,26.513893127441406
vgsae_gamma=1.5_seed=1,1,1.5,750.0,-29.705175399780273,0.003,0.0186954066157341,0.1495632529258728,0.13615721464157104,10.814430236816406,-13.862142562866211,13.862142562866211,0.2253006398677826,0.1362096071243286,27.999393463134766
vgsae_gamma=1.5_seed=1,1,1.5,799.0,-29.991098403930664,0.003,0.01787286065518856,0.14298288524150848,0.12961843609809875,10.794050216674805,-13.751657485961914,13.751657485961914,0.2248760312795639,0.13494527339935303,29.346885681152344
vgsae_gamma=2.0_seed=1,1,2.0,0.0,-12.842754364013672,0.003,0.20424602925777435,1.6339682340621948,0.9918001294136047,7.7374982833862305,-11.667709350585938,11.667709350585938,0.12089841812849045,0.10533545911312103,3.046727180480957
vgsae_gamma=2.0_seed=1,1,2.0,50.0,-15.641815185546875,0.003,0.13706468045711517,1.0965174436569214,0.7314428687095642,7.268870830535889,-11.100760459899902,11.100760459899902,0.11357610672712326,0.09894033521413803,4.376462459564209
vgsae_gamma=2.0_seed=1,1,2.0,100.0,-17.922237396240234,0.003,0.09669594466686249,0.7735675573348999,0.5178389549255371,8.6165132522583,-11.949073791503906,11.949073791503906,0.13463301956653595,0.10992228984832764,6.194796085357666
vgsae_gamma=2.0_seed=1,1,2.0,150.0,-19.557636260986328,0.003,0.07131825387477875,0.57054603099823,0.41538265347480774,9.687793731689453,-12.496527671813965,12.496527671813965,0.1513717770576477,0.11701273173093796,8.114177703857422
vgsae_gamma=2.0_seed=1,1,2.0,200.0,-20.903980255126953,0.003,0.05498741567134857,0.4398993253707886,0.35693666338920593,9.996003150939941,-12.447599411010742,12.447599411010742,0.15618756413459778,0.11677876859903336,10.039708137512207
vgsae_gamma=2.0_seed=1,1,2.0,250.0,-21.99123191833496,0.003,0.04562854766845703,0.36502838134765625,0.30551862716674805,10.117929458618164,-12.276336669921875,12.276336669921875,0.1580926477909088,0.11504186689853668,11.930558204650879
vgsae_gamma=2.0_seed=1,1,2.0,300.0,-22.843914031982422,0.003,0.03897499665617943,0.3117999732494354,0.2741222083568573,10.132317543029785,-12.064153671264648,12.064153671264648,0.1583174616098404,0.11276593059301376,13.653690338134766
vgsae_gamma=2.0_seed=1,1,2.0,350.0,-23.58364486694336,0.003,0.03480850160121918,0.2784680128097534,0.24221506714820862,10.172258377075195,-11.89946174621582,11.89946174621582,0.15894153714179993,0.11102844774723053,15.364431381225586
vgsae_gamma=2.0_seed=1,1,2.0,400.0,-24.211406707763672,0.003,0.03157323598861694,0.25258588790893555,0.21828410029411316,10.187623977661133,-11.738110542297363,11.738110542297363,0.159181609749794,0.10930143296718597,16.98982810974121
vgsae_gamma=2.0_seed=1,1,2.0,450.0,-24.769271850585938,0.003,0.028879988938570023,0.23103991150856018,0.1991022825241089,10.205323219299316,-11.589948654174805,11.589948654174805,0.159458190202713,0.10771370679140091,18.598501205444336
vgsae_gamma=2.0_seed=1,1,2.0,500.0,-25.248424530029297,0.003,0.027192864567041397,0.21754291653633118,0.18042738735675812,10.201944351196289,-11.44381332397461,11.44381332397461,0.1594053953886032,0.10613790154457092,20.10200309753418
vgsae_gamma=2.0_seed=1,1,2.0,550.0,-25.676048278808594,0.003,0.025059333071112633,0.20047466456890106,0.17091533541679382,10.176467895507812,-11.292962074279785,11.292962074279785,0.15900731086730957,0.10449853539466858,21.54069709777832
vgsae_gamma=2.0_seed=1,1,2.0,600.0,-26.074628829956055,0.003,0.02384553849697113,0.19076430797576904,0.15666870772838593,10.208269119262695,-11.189897537231445,11.189897537231445,0.15950420498847961,0.10342694818973541,23.02602195739746
vgsae_gamma=2.0_seed=1,1,2.0,650.0,-26.435508728027344,0.003,0.022579459473490715,0.18063567578792572,0.14669349789619446,10.208558082580566,-11.074220657348633,11.074220657348633,0.15950870513916016,0.10220333188772202,24.440229415893555
vgsae_gamma=2.0_seed=1,1,2.0,700.0,-26.762786865234375,0.003,0.021433871239423752,0.17147096991539001,0.1387518048286438,10.197635650634766,-10.961172103881836,10.961172103881836,0.1593380570411682,0.10100419819355011,25.787921905517578
vgsae_gamma=2.0_seed=1,1,2.0,750.0,-27.065092086791992,0.003,0.020445091649889946,0.16356073319911957,0.1316118836402893,10.177127838134766,-10.84512710571289,10.84512710571289,0.1590176373720169,0.09977146983146667,27.102787017822266
vgsae_gamma=2.0_seed=1,1,2.0,799.0,-27.33315658569336,0.003,0.019638657569885254,0.15710926055908203,0.12506473064422607,10.17466926574707,-10.750442504882812,10.750442504882812,0.15897920727729797,0.09878362715244293,28.351301193237305
vgsae_gamma=3.0_seed=1,1,3.0,0.0,-8.959423065185547,0.003,0.2017526924610138,1.6140215396881104,0.9992069005966187,11.694788932800293,-11.703370094299316,11.703370094299316,0.12182071805000305,0.10582977533340454,3.061347484588623
vgsae_gamma=3.0_seed=1,1,3.0,50.0,-12.308771133422852,0.003,0.15528905391693115,1.2423124313354492,0.6253888010978699,9.456571578979492,-10.127477645874023,10.127477645874023,0.09850594401359558,0.08771209418773651,4.283339977264404
vgsae_gamma=3.0_seed=1,1,3.0,100.0,-14.435358047485352,0.003,0.12214354425668716,0.9771483540534973,0.44039300084114075,8.593042373657227,-9.184259414672852,9.184259414672852,0.08951086550951004,0.07811509072780609,5.643574237823486
vgsae_gamma=3.0_seed=1,1,3.0,150.0,-15.904766082763672,0.003,0.09332393109798431,0.7465914487838745,0.3849288821220398,8.693219184875488,-8.950949668884277,8.950949668884277,0.0905543640255928,0.07615823298692703,7.070134162902832
vgsae_gamma=3.0_seed=1,1,3.0,200.0,-17.108327865600586,0.003,0.07514835894107819,0.6011868715286255,0.3345501124858856,8.822867393493652,-8.764296531677246,8.764296531677246,0.09190487116575241,0.07457301020622253,8.549410820007324
vgsae_gamma=3.0_seed=1,1,3.0,250.0,-18.131256103515625,0.003,0.06211227923631668,0.49689823389053345,0.29833248257637024,8.929264068603516,-8.592004776000977,8.592004776000977,0.09301316738128662,0.07305868715047836,10.059972763061523
vgsae_gamma=3.0_seed=1,1,3.0,300.0,-19.093141555786133,0.003,0.052101485431194305,0.41681188344955444,0.2660379409790039,9.026496887207031,-8.43226432800293,8.43226432800293,0.09402601420879364,0.07163388282060623,11.715606689453125
vgsae_gamma=3.0_seed=1,1,3.0,350.0,-19.926197052001953,0.003,0.04505370184779167,0.3604296147823334,0.23826825618743896,9.094103813171387,-8.280782699584961,8.280782699584961,0.09473025053739548,0.07025443762540817,13.36233139038086
vgsae_gamma=3.0_seed=1,1,3.0,400.0,-20.63030433654785,0.003,0.04046931862831116,0.32375454902648926,0.21225076913833618,9.11672592163086,-8.122608184814453,8.122608184814453,0.09496589750051498,0.06879039108753204,14.925225257873535
vgsae_gamma=3.0_seed=1,1,3.0,450.0,-21.205562591552734,0.003,0.03714952617883682,0.2971962094306946,0.19213901460170746,9.130756378173828,-7.983128547668457,7.983128547668457,0.09511204808950424,0.06749965250492096,16.348709106445312
vgsae_gamma=3.0_seed=1,1,3.0,500.0,-21.689260482788086,0.003,0.034563735127449036,0.2765098810195923,0.17616881430149078,9.137639045715332,-7.850785732269287,7.850785732269287,0.09518374502658844,0.06627614051103592,17.672578811645508
vgsae_gamma=3.0_seed=1,1,3.0,550.0,-22.115310668945312,0.003,0.03250354528427124,0.2600283622741699,0.16246135532855988,9.147953033447266,-7.735011100769043,7.735011100769043,0.09529116749763489,0.06521923094987869,18.935373306274414
vgsae_gamma=3.0_seed=1,1,3.0,600.0,-22.485179901123047,0.003,0.0309983529150486,0.2479868233203888,0.15012440085411072,9.132465362548828,-7.613922119140625,7.613922119140625,0.09512984752655029,0.0640961304306984,20.094886779785156
vgsae_gamma=3.0_seed=1,1,3.0,650.0,-22.82233428955078,0.003,0.029451843351125717,0.23561474680900574,0.14123837649822235,9.133434295654297,-7.513038635253906,7.513038635253906,0.09513993561267853,0.06317700445652008,21.228429794311523
vgsae_gamma=3.0_seed=1,1,3.0,700.0,-23.166234970092773,0.003,0.027913901954889297,0.22331121563911438,0.13337171077728271,9.13330364227295,-7.416741371154785,7.416741371154785,0.09513857215642929,0.06230054795742035,22.42888641357422
vgsae_gamma=3.0_seed=1,1,3.0,750.0,-23.510461807250977,0.003,0.026448655873537064,0.2115892469882965,0.12633007764816284,9.127782821655273,-7.323127746582031,7.323127746582031,0.09508107602596283,0.06145131215453148,23.674291610717773
vgsae_gamma=3.0_seed=1,1,3.0,799.0,-23.780946731567383,0.003,0.02550468221306801,0.20403745770454407,0.11917237192392349,9.113119125366211,-7.222904205322266,7.222904205322266,0.0949283242225647,0.060534462332725525,24.75172233581543
vgsae_gamma=5.0_seed=1,1,5.0,0.0,-0.9435224533081055,0.003,0.22615689039230347,1.8092551231384277,0.9118355512619019,19.35116958618164,-11.6674222946167,11.6674222946167,0.1209448054432869,0.10534875839948654,2.939997434616089
vgsae_gamma=5.0_seed=1,1,5.0,50.0,-6.556790351867676,0.003,0.212094247341156,1.696753978729248,0.4189813733100891,12.958662986755371,-8.875139236450195,8.875139236450195,0.08099164813756943,0.07386191934347153,3.781191825866699
vgsae_gamma=5.0_seed=1,1,5.0,100.0,-9.383390426635742,0.003,0.22650200128555298,1.8120160102844238,0.241856187582016,7.130390167236328,-5.636063098907471,5.636063098907471,0.04456493258476257,0.04194771125912666,3.8950817584991455
vgsae_gamma=5.0_seed=1,1,5.0,150.0,-10.602014541625977,0.003,0.19172585010528564,1.5338068008422852,0.2597103416919708,6.401113033294678,-5.041024208068848,5.041024208068848,0.040006957948207855,0.03705567121505737,4.460509300231934
vgsae_gamma=5.0_seed=1,1,5.0,200.0,-11.620567321777344,0.003,0.15942449867725372,1.2753959894180298,0.2566952109336853,6.504302501678467,-4.902406215667725,4.902406215667725,0.040651895105838776,0.036285899579524994,5.221621513366699
vgsae_gamma=5.0_seed=1,1,5.0,250.0,-12.472162246704102,0.003,0.1372314840555191,1.0978518724441528,0.24365675449371338,6.609912395477295,-4.796900272369385,4.796900272369385,0.04131195321679115,0.03562765195965767,5.963436126708984
vgsae_gamma=5.0_seed=1,1,5.0,300.0,-13.187607765197754,0.003,0.12243537604808807,0.9794830083847046,0.22223502397537231,6.657828330993652,-4.6799211502075195,4.6799211502075195,0.041611433029174805,0.03475060313940048,6.657135963439941
vgsae_gamma=5.0_seed=1,1,5.0,350.0,-13.768603324890137,0.003,0.11138136684894562,0.8910509347915649,0.2059836983680725,6.728687286376953,-4.602643966674805,4.602643966674805,0.042054299265146255,0.03419291600584984,7.292386531829834
vgsae_gamma=5.0_seed=1,1,5.0,400.0,-14.419778823852539,0.003,0.09921896457672119,0.7937517166137695,0.193990096449852,6.881153583526611,-4.566728591918945,4.566728591918945,0.04300720989704132,0.03400137647986412,8.099282264709473
vgsae_gamma=5.0_seed=1,1,5.0,450.0,-14.979785919189453,0.003,0.08930255472660065,0.7144204378128052,0.18592840433120728,7.030069828033447,-4.5345377922058105,4.5345377922058105,0.043937936425209045,0.0338403657078743,8.885444641113281
vgsae_gamma=5.0_seed=1,1,5.0,500.0,-15.407270431518555,0.003,0.08351076394319534,0.6680861115455627,0.17227596044540405,7.065780162811279,-4.446138381958008,4.446138381958008,0.04416113346815109,0.033175837248563766,9.519705772399902
vgsae_gamma=5.0_seed=1,1,5.0,550.0,-15.802141189575195,0.003,0.07828715443611145,0.6262972354888916,0.16201314330101013,7.102649211883545,-4.366352081298828,4.366352081298828,0.044391557574272156,0.03257926180958748,10.148286819458008
vgsae_gamma=5.0_seed=1,1,5.0,600.0,-16.147663116455078,0.003,0.07331369817256927,0.5865095853805542,0.15520721673965454,7.216042518615723,-4.337872505187988,4.337872505187988,0.045100267976522446,0.03241758793592453,10.785786628723145
vgsae_gamma=5.0_seed=1,1,5.0,650.0,-16.43801498413086,0.003,0.07000476866960526,0.560038149356842,0.1464838981628418,7.250194549560547,-4.273468971252441,4.273468971252441,0.04531371593475342,0.031924355775117874,11.323073387145996
vgsae_gamma=5.0_seed=1,1,5.0,700.0,-16.749778747558594,0.003,0.0654301792383194,0.5234414339065552,0.14498783648014069,7.370774745941162,-4.262424468994141,4.262424468994141,0.04606734216213226,0.03189799562096596,11.96835708618164
vgsae_gamma=5.0_seed=1,1,5.0,750.0,-17.082956314086914,0.003,0.06150326505303383,0.49202612042427063,0.1396188586950302,7.452723026275635,-4.224723815917969,4.224723815917969,0.0465795174241066,0.031638629734516144,12.66534423828125
vgsae_gamma=5.0_seed=1,1,5.0,799.0,-17.372709274291992,0.003,0.05835703760385513,0.46685630083084106,0.13340024650096893,7.533732891082764,-4.187725067138672,4.187725067138672,0.04708583280444145,0.031377438455820084,13.327634811401367
vgsae_gamma=7.0_seed=1,1,7.0,0.0,6.340478897094727,0.003,0.17746888101100922,1.4197510480880737,1.0544015169143677,27.496353149414062,-11.767526626586914,11.767526626586914,0.12275157868862152,0.10656815767288208,3.2334303855895996
vgsae_gamma=7.0_seed=1,1,7.0,50.0,-1.3055362701416016,0.003,0.20346449315547943,1.6277159452438354,0.48254305124282837,18.262527465820312,-8.90701675415039,8.90701675415039,0.08152914047241211,0.07426153123378754,3.791003704071045
vgsae_gamma=7.0_seed=1,1,7.0,100.0,-6.6778717041015625,0.003,0.2664524018764496,2.1316192150115967,0.21430324018001556,7.827240943908691,-4.691009521484375,4.691009521484375,0.03494303673505783,0.033327508717775345,3.410172462463379
vgsae_gamma=7.0_seed=1,1,7.0,150.0,-8.540263175964355,0.003,0.24505236744880676,1.960418939590454,0.202671080827713,5.301817417144775,-3.3788504600524902,3.3788504600524902,0.02366882935166359,0.022559693083167076,3.6984128952026367
vgsae_gamma=7.0_seed=1,1,7.0,200.0,-9.497023582458496,0.003,0.22237040102481842,1.7789632081985474,0.18366177380084991,4.731625556945801,-2.987380027770996,2.987380027770996,0.021123329177498817,0.019690025597810745,4.076173305511475
vgsae_gamma=7.0_seed=1,1,7.0,250.0,-10.121009826660156,0.003,0.20799791812896729,1.6639833450317383,0.16533619165420532,4.430352210998535,-2.7473819255828857,2.7473819255828857,0.019778357818722725,0.017977843061089516,4.373210906982422
vgsae_gamma=7.0_seed=1,1,7.0,300.0,-10.619473457336426,0.003,0.19515420496463776,1.561233639717102,0.15678170323371887,4.298849105834961,-2.6121485233306885,2.6121485233306885,0.01919129118323326,0.017056601122021675,4.656535625457764
vgsae_gamma=7.0_seed=1,1,7.0,350.0,-11.086971282958984,0.003,0.17973019182682037,1.437841534614563,0.16118676960468292,4.383803367614746,-2.5904111862182617,2.5904111862182617,0.019570548087358475,0.0170133076608181,5.00303840637207
vgsae_gamma=7.0_seed=1,1,7.0,400.0,-11.561332702636719,0.003,0.1651023030281067,1.3208184242248535,0.1590162217617035,4.482876777648926,-2.544121265411377,2.544121265411377,0.02001284249126911,0.0167919360101223,5.406008720397949
vgsae_gamma=7.0_seed=1,1,7.0,450.0,-11.981338500976562,0.003,0.15346185863018036,1.2276948690414429,0.15427061915397644,4.544488430023193,-2.4783477783203125,2.4783477783203125,0.0202878937125206,0.016388533636927605,5.7888569831848145
vgsae_gamma=7.0_seed=1,1,7.0,500.0,-12.317119598388672,0.003,0.14477986097335815,1.1582388877868652,0.14626923203468323,4.611625671386719,-2.419821262359619,2.419821262359619,0.02058761566877365,0.0160199161618948,6.132579326629639
vgsae_gamma=7.0_seed=1,1,7.0,550.0,-12.57727336883545,0.003,0.1382281482219696,1.1058251857757568,0.13953453302383423,4.687698841094971,-2.3848352432250977,2.3848352432250977,0.020927228033542633,0.015808504074811935,6.423847198486328
vgsae_gamma=7.0_seed=1,1,7.0,600.0,-12.80611801147461,0.003,0.13285361230373383,1.0628288984298706,0.13433519005775452,4.720903396606445,-2.3311338424682617,2.3311338424682617,0.02107546105980873,0.015452761203050613,6.682458400726318
vgsae_gamma=7.0_seed=1,1,7.0,650.0,-13.010643005371094,0.003,0.1286630779504776,1.0293046236038208,0.12845095992088318,4.708343505859375,-2.255321741104126,2.255321741104126,0.02101938985288143,0.014925278723239899,6.9099202156066895
vgsae_gamma=7.0_seed=1,1,7.0,700.0,-13.176799774169922,0.003,0.125660702586174,1.005285620689392,0.1229812279343605,4.684892654418945,-2.1916215419769287,2.1916215419769287,0.020914698019623756,0.014469983987510204,7.090520858764648
vgsae_gamma=7.0_seed=1,1,7.0,750.0,-13.323997497558594,0.003,0.12269234657287598,0.9815387725830078,0.1188935786485672,4.7087082862854,-2.1628000736236572,2.1628000736236572,0.02102101966738701,0.014269187115132809,7.269869804382324
vgsae_gamma=7.0_seed=1,1,7.0,799.0,-13.457189559936523,0.003,0.12082264572381973,0.9665811657905579,0.11359044909477234,4.666266441345215,-2.1048824787139893,2.1048824787139893,0.020831547677516937,0.013852328062057495,7.406230926513672
vgsae_gamma=10.0_seed=1,1,10.0,0.0,18.43185806274414,0.003,0.2001410722732544,1.6011285781860352,0.9857568740844727,39.225685119628906,-11.761931419372559,11.761931419372559,0.12258026003837585,0.10649238526821136,3.092521905899048
vgsae_gamma=10.0_seed=1,1,10.0,50.0,5.427609443664551,0.003,0.226204514503479,1.809636116027832,0.3805406093597412,24.26114845275879,-8.469863891601562,8.469863891601562,0.0758160948753357,0.06956130266189575,3.6526737213134766
vgsae_gamma=10.0_seed=1,1,10.0,100.0,-4.481936454772949,0.003,0.3378138542175293,2.7025108337402344,0.10545597970485687,7.255870819091797,-3.3619604110717773,3.3619604110717773,0.022674595937132835,0.02200379967689514,2.849036693572998
vgsae_gamma=10.0_seed=1,1,10.0,150.0,-7.068685054779053,0.003,0.31103673577308655,2.4882938861846924,0.1264074444770813,3.8650307655334473,-1.987381935119629,1.987381935119629,0.012078221887350082,0.011814525350928307,3.0596230030059814
vgsae_gamma=10.0_seed=1,1,10.0,200.0,-8.033651351928711,0.003,0.28933197259902954,2.3146557807922363,0.10050208121538162,3.248210906982422,-1.7004469633102417,1.7004469633102417,0.010150659829378128,0.009892622008919716,3.312412977218628
vgsae_gamma=10.0_seed=1,1,10.0,250.0,-8.615493774414062,0.003,0.2774352431297302,2.219481945037842,0.0788356214761734,2.891732692718506,-1.529113531112671,1.529113531112671,0.009036664851009846,0.008756253868341446,3.480806827545166
vgsae_gamma=10.0_seed=1,1,10.0,300.0,-9.025010108947754,0.003,0.26821863651275635,2.145749092102051,0.06795672327280045,2.6801741123199463,-1.4269943237304688,1.4269943237304688,0.008375544100999832,0.00808369554579258,3.6138501167297363
vgsae_gamma=10.0_seed=1,1,10.0,350.0,-9.347275733947754,0.003,0.2637086808681488,2.1096694469451904,0.05875299498438835,2.3839123249053955,-1.2876551151275635,1.2876551151275635,0.007449725642800331,0.007162435911595821,3.6893179416656494
vgsae_gamma=10.0_seed=1,1,10.0,400.0,-9.616764068603516,0.003,0.2568546533584595,2.054837226867676,0.055702097713947296,2.272261142730713,-1.2290425300598145,1.2290425300598145,0.0071008154191076756,0.006790568120777607,3.7905001640319824
vgsae_gamma=10.0_seed=1,1,10.0,450.0,-9.874034881591797,0.003,0.24913525581359863,1.993082046508789,0.05805445462465286,2.19925594329834,-1.1849113702774048,1.1849113702774048,0.006872675381600857,0.006519107148051262,3.9002764225006104
vgsae_gamma=10.0_seed=1,1,10.0,500.0,-10.162529945373535,0.003,0.2400871068239212,1.9206968545913696,0.05990643426775932,2.1446499824523926,-1.1388578414916992,1.1388578414916992,0.006702031008899212,0.006248109042644501,4.039173603057861
vgsae_gamma=10.0_seed=1,1,10.0,550.0,-10.388432502746582,0.003,0.2327316552400589,1.8618532419204712,0.05711156874895096,2.1439924240112305,-1.1111791133880615,1.1111791133880615,0.006699976045638323,0.006087562534958124,4.168914318084717
vgsae_gamma=10.0_seed=1,1,10.0,600.0,-10.564974784851074,0.003,0.22783374786376953,1.8226699829101562,0.05501602590084076,2.101247787475586,-1.0710114240646362,1.0710114240646362,0.006566399708390236,0.005847586318850517,4.260563373565674
vgsae_gamma=10.0_seed=1,1,10.0,650.0,-10.720257759094238,0.003,0.2241491675376892,1.7931933403015137,0.05376611649990082,2.0224409103393555,-1.0154916048049927,1.0154916048049927,0.006320127751678228,0.0055136894807219505,4.3314433097839355
vgsae_gamma=10.0_seed=1,1,10.0,700.0,-10.858794212341309,0.003,0.21970941126346588,1.757675290107727,0.053934454917907715,2.018190860748291,-0.9951794743537903,0.9951794743537903,0.006306846626102924,0.005402961280196905,4.415962219238281
vgsae_gamma=10.0_seed=1,1,10.0,750.0,-10.993073463439941,0.003,0.21571336686611176,1.725706934928894,0.056972481310367584,1.977217674255371,-0.9596990346908569,0.9596990346908569,0.00617880467325449,0.005203884094953537,4.487627029418945
vgsae_gamma=10.0_seed=1,1,10.0,799.0,-11.15943431854248,0.003,0.2083776295185089,1.6670210361480713,0.06429580599069595,2.052140712738037,-0.9671007394790649,0.9671007394790649,0.0064129396341741085,0.005300246179103851,4.620759963989258
vgsae_gamma=0.0_seed=2,2,0.0,0.0,-20.508560180664062,0.003,0.21496891975402832,1.7197513580322266,0.9880168437957764,0.0,-11.842024803161621,11.842024803161621,0.12380467355251312,0.1074196845293045,2.9544625282287598
vgsae_gamma=0.0_seed=2,2,0.0,50.0,-25.620033264160156,0.003,0.13733339309692383,1.0986671447753906,0.8535613417625427,0.0,-14.336273193359375,14.336273193359375,0.17273497581481934,0.13891904056072235,4.097880840301514
vgsae_gamma=0.0_seed=2,2,0.0,100.0,-34.044219970703125,0.003,0.09302063286304474,0.7441650629043579,0.557297945022583,0.0,-19.5166015625,19.5166015625,0.3446289300918579,0.21047860383987427,6.146927833557129
vgsae_gamma=0.0_seed=2,2,0.0,150.0,-39.33673858642578,0.003,0.05213407427072525,0.417072594165802,0.3391614854335785,0.0,-20.465970993041992,20.465970993041992,0.5753746628761292,0.22537484765052795,10.5787353515625
vgsae_gamma=0.0_seed=2,2,0.0,200.0,-41.13542938232422,0.003,0.037308190017938614,0.2984655201435089,0.2891846001148224,0.0,-20.246910095214844,20.246910095214844,0.5834001302719116,0.22243523597717285,13.613542556762695
vgsae_gamma=0.0_seed=2,2,0.0,250.0,-42.24925994873047,0.003,0.030422484502196312,0.2433798760175705,0.2497090995311737,0.0,-19.957204818725586,19.957204818725586,0.591550350189209,0.21862025558948517,16.224252700805664
vgsae_gamma=0.0_seed=2,2,0.0,300.0,-43.06610107421875,0.003,0.026856008917093277,0.21484807133674622,0.21387289464473724,0.0,-19.65497589111328,19.65497589111328,0.5986490845680237,0.21474173665046692,18.66015625
vgsae_gamma=0.0_seed=2,2,0.0,350.0,-43.73417282104492,0.003,0.024485671892762184,0.19588537514209747,0.184244766831398,0.0,-19.360706329345703,19.360706329345703,0.6040551662445068,0.2111506462097168,21.045425415039062
vgsae_gamma=0.0_seed=2,2,0.0,400.0,-44.433128356933594,0.003,0.022026514634490013,0.1762121170759201,0.16159844398498535,0.0,-19.11543846130371,19.11543846130371,0.6059032678604126,0.20844759047031403,23.68191146850586
vgsae_gamma=0.0_seed=2,2,0.0,450.0,-45.09699630737305,0.003,0.020290549844503403,0.16232439875602722,0.1422906219959259,0.0,-18.951810836791992,18.951810836791992,0.6050355434417725,0.20684269070625305,26.262657165527344
vgsae_gamma=0.0_seed=2,2,0.0,500.0,-45.66160583496094,0.003,0.019281314685940742,0.15425051748752594,0.12483777105808258,0.0,-18.816255569458008,18.816255569458008,0.6052795052528381,0.20546241104602814,28.664764404296875
vgsae_gamma=0.0_seed=2,2,0.0,550.0,-46.09901428222656,0.003,0.018340585753321648,0.14672468602657318,0.11355312168598175,0.0,-18.695438385009766,18.695438385009766,0.6062837243080139,0.20414340496063232,30.73638916015625
vgsae_gamma=0.0_seed=2,2,0.0,600.0,-46.46185302734375,0.003,0.017321091145277023,0.1385687291622162,0.10674955695867538,0.0,-18.58473014831543,18.58473014831543,0.6073100566864014,0.20290407538414001,32.610694885253906
vgsae_gamma=0.0_seed=2,2,0.0,650.0,-46.74614334106445,0.003,0.016498496755957603,0.13198797404766083,0.101686030626297,0.0,-18.479984283447266,18.479984283447266,0.6080173850059509,0.20175601541996002,34.23573303222656
vgsae_gamma=0.0_seed=2,2,0.0,700.0,-46.99267578125,0.003,0.01581716723740101,0.12653733789920807,0.09729728102684021,0.0,-18.38236427307129,18.38236427307129,0.6082029342651367,0.20071712136268616,35.74066925048828
vgsae_gamma=0.0_seed=2,2,0.0,750.0,-47.25969696044922,0.003,0.015120815485715866,0.12096652388572693,0.09279817342758179,0.0,-18.281129837036133,18.281129837036133,0.609733521938324,0.19960936903953552,37.42432403564453
vgsae_gamma=0.0_seed=2,2,0.0,799.0,-47.46809005737305,0.003,0.014475757256150246,0.11580605804920197,0.09068407118320465,0.0,-18.212535858154297,18.212535858154297,0.609529972076416,0.1988922357559204,38.742774963378906
vgsae_gamma=0.25_seed=2,2,0.25,0.0,-19.92645263671875,0.003,0.19150100648403168,1.5320080518722534,1.0250811576843262,0.9835357069969177,-11.78541374206543,11.78541374206543,0.12294196337461472,0.10676170885562897,3.1285572052001953
vgsae_gamma=0.25_seed=2,2,0.25,50.0,-24.265663146972656,0.003,0.127326101064682,1.018608808517456,0.8793396949768066,1.3599729537963867,-14.116292953491211,14.116292953491211,0.16999661922454834,0.13625845313072205,4.2150774002075195
vgsae_gamma=0.25_seed=2,2,0.25,100.0,-30.98833465576172,0.003,0.08465591073036194,0.6772472858428955,0.5774338245391846,2.544769287109375,-18.712623596191406,18.712623596191406,0.31809619069099426,0.19920304417610168,6.376121997833252
vgsae_gamma=0.25_seed=2,2,0.25,150.0,-35.45481872558594,0.003,0.04853871464729309,0.3883097171783447,0.36951589584350586,3.9857938289642334,-20.58666229248047,20.58666229248047,0.49822425842285156,0.22703193128108978,10.5565185546875
vgsae_gamma=0.25_seed=2,2,0.25,200.0,-37.137168884277344,0.003,0.03649768605828285,0.2919814884662628,0.3014988899230957,4.0853071212768555,-20.412933349609375,20.412933349609375,0.5106633901596069,0.2247486412525177,13.479804992675781
vgsae_gamma=0.25_seed=2,2,0.25,250.0,-38.179588317871094,0.003,0.030696958303451538,0.2455756664276123,0.2585352063179016,4.147989749908447,-20.212373733520508,20.212373733520508,0.5184987187385559,0.22216388583183289,15.869526863098145
vgsae_gamma=0.25_seed=2,2,0.25,300.0,-38.950706481933594,0.003,0.02727843075990677,0.21822744607925415,0.22739072144031525,4.172608852386475,-20.021440505981445,20.021440505981445,0.5215761065483093,0.2197401523590088,17.952590942382812
vgsae_gamma=0.25_seed=2,2,0.25,350.0,-39.590476989746094,0.003,0.024720218032598495,0.19776174426078796,0.20340557396411896,4.184412956237793,-19.83234405517578,19.83234405517578,0.5230516195297241,0.21742698550224304,19.941802978515625
vgsae_gamma=0.25_seed=2,2,0.25,400.0,-40.196922302246094,0.003,0.023298470303416252,0.18638776242733002,0.1762346774339676,4.202704429626465,-19.64894676208496,19.64894676208496,0.5253380537033081,0.2154005467891693,22.061511993408203
vgsae_gamma=0.25_seed=2,2,0.25,450.0,-40.835601806640625,0.003,0.022036034613847733,0.17628827691078186,0.15269675850868225,4.197653770446777,-19.503782272338867,19.503782272338867,0.5247067213058472,0.21395856142044067,24.317214965820312
vgsae_gamma=0.25_seed=2,2,0.25,500.0,-41.44160461425781,0.003,0.020963216200470924,0.1677057296037674,0.13355307281017303,4.19052267074585,-19.398311614990234,19.398311614990234,0.5238152742385864,0.2129017859697342,26.555240631103516
vgsae_gamma=0.25_seed=2,2,0.25,550.0,-41.93537902832031,0.003,0.020051177591085434,0.16040942072868347,0.12003103643655777,4.180926322937012,-19.30962371826172,19.30962371826172,0.5226157903671265,0.21190787851810455,28.52655601501465
vgsae_gamma=0.25_seed=2,2,0.25,600.0,-42.29500961303711,0.003,0.019108783453702927,0.1528702676296234,0.11302831768989563,4.176998138427734,-19.23935317993164,19.23935317993164,0.5221248269081116,0.211077481508255,30.086658477783203
vgsae_gamma=0.25_seed=2,2,0.25,650.0,-42.5794677734375,0.003,0.01844898983836174,0.14759191870689392,0.10685625672340393,4.181005001068115,-19.175678253173828,19.175678253173828,0.5226255655288696,0.21031451225280762,31.44058609008789
vgsae_gamma=0.25_seed=2,2,0.25,700.0,-42.798484802246094,0.003,0.017887521535158157,0.14310017228126526,0.1026245504617691,4.1849684715271,-19.11957359313965,19.11957359313965,0.5231209993362427,0.2096397876739502,32.556758880615234
vgsae_gamma=0.25_seed=2,2,0.25,750.0,-43.01566696166992,0.003,0.017116181552410126,0.136929452419281,0.1010250598192215,4.170126438140869,-19.06485366821289,19.06485366821289,0.5212658047676086,0.20895272493362427,33.619869232177734
vgsae_gamma=0.25_seed=2,2,0.25,799.0,-43.18614196777344,0.003,0.016626592725515366,0.13301274180412292,0.09863466024398804,4.1665778160095215,-19.016878128051758,19.016878128051758,0.5208222270011902,0.20835986733436584,34.535247802734375
vgsae_gamma=0.5_seed=2,2,0.5,0.0,-18.71160125732422,0.003,0.20098017156124115,1.6078413724899292,1.0329844951629639,1.9768497943878174,-11.821653366088867,11.821653366088867,0.12355311214923859,0.10719938576221466,3.02935528755188
vgsae_gamma=0.5_seed=2,2,0.5,50.0,-22.87578010559082,0.003,0.12764298915863037,1.021143913269043,0.8883968591690063,2.6950182914733887,-14.11016845703125,14.11016845703125,0.1684386134147644,0.1360476016998291,4.189488887786865
vgsae_gamma=0.5_seed=2,2,0.5,100.0,-28.81269073486328,0.003,0.08166059106588364,0.6532847285270691,0.5643419623374939,4.901859283447266,-18.654247283935547,18.654247283935547,0.3063662052154541,0.19812199473381042,6.570158004760742
vgsae_gamma=0.5_seed=2,2,0.5,150.0,-32.36592102050781,0.003,0.05179548263549805,0.4143638610839844,0.3465558886528015,7.0633087158203125,-20.607879638671875,20.607879638671875,0.44145679473876953,0.2269480675458908,10.513591766357422
vgsae_gamma=0.5_seed=2,2,0.5,200.0,-33.792327880859375,0.003,0.04086640477180481,0.3269312381744385,0.2928009033203125,7.1462297439575195,-20.475282669067383,20.475282669067383,0.44663935899734497,0.22524580359458923,12.90880298614502
vgsae_gamma=0.5_seed=2,2,0.5,250.0,-34.69922637939453,0.003,0.03522306680679321,0.2817845344543457,0.25910496711730957,7.169831275939941,-20.317203521728516,20.317203521728516,0.44811442494392395,0.22317422926425934,14.790450096130371
vgsae_gamma=0.5_seed=2,2,0.5,300.0,-35.41505813598633,0.003,0.03127996250987053,0.25023970007896423,0.23466214537620544,7.177526473999023,-20.166582107543945,20.166582107543945,0.44859543442726135,0.22120384871959686,16.498184204101562
vgsae_gamma=0.5_seed=2,2,0.5,350.0,-36.007286071777344,0.003,0.027774864807724953,0.22219891846179962,0.22186365723609924,7.135801315307617,-20.01323699951172,20.01323699951172,0.4459875822067261,0.2191638946533203,18.015478134155273
vgsae_gamma=0.5_seed=2,2,0.5,400.0,-36.531917572021484,0.003,0.025596193969249725,0.2047695517539978,0.20436882972717285,7.148110866546631,-19.894882202148438,19.894882202148438,0.44675692915916443,0.2176516205072403,19.553285598754883
vgsae_gamma=0.5_seed=2,2,0.5,450.0,-36.951908111572266,0.003,0.024047330021858215,0.19237864017486572,0.19122111797332764,7.132920265197754,-19.78404998779297,19.78404998779297,0.4458075165748596,0.21621771156787872,20.855072021484375
vgsae_gamma=0.5_seed=2,2,0.5,500.0,-37.322227478027344,0.003,0.02285689488053322,0.18285515904426575,0.1791262924671173,7.122165203094482,-19.679561614990234,19.679561614990234,0.44513535499572754,0.21487395465373993,22.1005802154541
vgsae_gamma=0.5_seed=2,2,0.5,550.0,-37.658546447753906,0.003,0.021673819050192833,0.17339055240154266,0.17045068740844727,7.097985744476318,-19.580398559570312,19.580398559570312,0.4436241090297699,0.21358799934387207,23.266551971435547
vgsae_gamma=0.5_seed=2,2,0.5,600.0,-37.95856475830078,0.003,0.02060573920607567,0.16484591364860535,0.16369441151618958,7.062986373901367,-19.481250762939453,19.481250762939453,0.44143667817115784,0.21229027211666107,24.350133895874023
vgsae_gamma=0.5_seed=2,2,0.5,650.0,-38.2315559387207,0.003,0.019509052857756615,0.15607242286205292,0.1595834493637085,7.000113010406494,-19.371315002441406,19.371315002441406,0.4375070333480835,0.2108152061700821,25.344057083129883
vgsae_gamma=0.5_seed=2,2,0.5,700.0,-38.486549377441406,0.003,0.01912778988480568,0.15302231907844543,0.14972224831581116,7.022158622741699,-19.31424903869629,19.31424903869629,0.4388849139213562,0.21013860404491425,26.42491912841797
vgsae_gamma=0.5_seed=2,2,0.5,750.0,-38.71828079223633,0.003,0.01826746203005314,0.1461396962404251,0.146347314119339,6.968355655670166,-19.21642303466797,19.21642303466797,0.43552225828170776,0.2088303565979004,27.351640701293945
vgsae_gamma=0.5_seed=2,2,0.5,799.0,-38.927669525146484,0.003,0.017623478546738625,0.140987828373909,0.14236235618591309,6.9252119064331055,-19.12877655029297,19.12877655029297,0.4328257441520691,0.20766806602478027,28.23361587524414
vgsae_gamma=1.0_seed=2,2,1.0,0.0,-16.924619674682617,0.003,0.19070965051651,1.52567720413208,1.0499653816223145,3.9513964653015137,-11.80927562713623,11.80927562713623,0.1234811395406723,0.10709068179130554,3.106020927429199
vgsae_gamma=1.0_seed=2,2,1.0,50.0,-19.957002639770508,0.003,0.12172399461269379,0.9737919569015503,0.9305263757705688,4.951192378997803,-13.425654411315918,13.425654411315918,0.15472476184368134,0.1273561418056488,4.200978755950928
vgsae_gamma=1.0_seed=2,2,1.0,100.0,-23.839000701904297,0.003,0.0836615264415741,0.6692922115325928,0.5838508009910583,7.394769668579102,-16.40347671508789,16.40347671508789,0.23108655214309692,0.16685017943382263,6.383947849273682
vgsae_gamma=1.0_seed=2,2,1.0,150.0,-26.387096405029297,0.003,0.059443242847919464,0.4755459427833557,0.38893362879753113,10.056456565856934,-18.643001556396484,18.643001556396484,0.3142642676830292,0.19811967015266418,9.254122734069824
vgsae_gamma=1.0_seed=2,2,1.0,200.0,-27.670141220092773,0.003,0.04645035043358803,0.3716028034687042,0.3401009440422058,10.282218933105469,-18.596080780029297,18.596080780029297,0.3213193118572235,0.19765722751617432,11.240632057189941
vgsae_gamma=1.0_seed=2,2,1.0,250.0,-28.6613826751709,0.003,0.03874264657497406,0.3099411725997925,0.2995150685310364,10.385351181030273,-18.449695587158203,18.449695587158203,0.32454222440719604,0.19583646953105927,13.126455307006836
vgsae_gamma=1.0_seed=2,2,1.0,300.0,-29.463253021240234,0.003,0.03387252986431122,0.27098023891448975,0.2660202085971832,10.424670219421387,-18.278343200683594,18.278343200683594,0.32577094435691833,0.1936711072921753,14.897563934326172
vgsae_gamma=1.0_seed=2,2,1.0,350.0,-30.100006103515625,0.003,0.03014165721833706,0.24113325774669647,0.24514983594417572,10.368789672851562,-18.065547943115234,18.065547943115234,0.32402467727661133,0.19090679287910461,16.451322555541992
vgsae_gamma=1.0_seed=2,2,1.0,400.0,-30.660099029541016,0.003,0.0277596116065979,0.2220768928527832,0.22265976667404175,10.367860794067383,-17.91024398803711,17.91024398803711,0.3239956796169281,0.18895260989665985,17.98817253112793
vgsae_gamma=1.0_seed=2,2,1.0,450.0,-31.1500244140625,0.003,0.025833211839199066,0.20666569471359253,0.20487752556800842,10.338029861450195,-17.749792098999023,17.749792098999023,0.3230634331703186,0.1869179904460907,19.439029693603516
vgsae_gamma=1.0_seed=2,2,1.0,500.0,-31.579620361328125,0.003,0.024171793833374977,0.19337435066699982,0.19154827296733856,10.271919250488281,-17.578304290771484,17.578304290771484,0.3209974467754364,0.18471381068229675,20.783397674560547
vgsae_gamma=1.0_seed=2,2,1.0,550.0,-31.96694564819336,0.003,0.02275349386036396,0.18202795088291168,0.18026548624038696,10.21808910369873,-17.427095413208008,17.427095413208008,0.3193153142929077,0.18278707563877106,22.081544876098633
vgsae_gamma=1.0_seed=2,2,1.0,600.0,-32.31147003173828,0.003,0.02150486595928669,0.17203892767429352,0.17116855084896088,10.165870666503906,-17.286449432373047,17.286449432373047,0.31768351793289185,0.18100211024284363,23.30951499938965
vgsae_gamma=1.0_seed=2,2,1.0,650.0,-32.62908935546875,0.003,0.020651094615459442,0.16520875692367554,0.16132709383964539,10.120257377624512,-17.160091400146484,17.160091400146484,0.316258043050766,0.17940787971019745,24.49960708618164
vgsae_gamma=1.0_seed=2,2,1.0,700.0,-32.907745361328125,0.003,0.01998012699186802,0.15984101593494415,0.15259705483913422,10.08150863647461,-17.04693031311035,17.04693031311035,0.31504714488983154,0.17799194157123566,25.60507583618164
vgsae_gamma=1.0_seed=2,2,1.0,750.0,-33.16706085205078,0.003,0.019125165417790413,0.1530013233423233,0.14714738726615906,10.011911392211914,-16.91562271118164,16.91562271118164,0.3128722012042999,0.17631277441978455,26.65345573425293
vgsae_gamma=1.0_seed=2,2,1.0,799.0,-33.39286804199219,0.003,0.018589269369840622,0.14871415495872498,0.14104199409484863,9.965027809143066,-16.812639236450195,16.812639236450195,0.31140708923339844,0.1750176101922989,27.609424591064453
vgsae_gamma=1.5_seed=2,2,1.5,0.0,-14.769919395446777,0.003,0.20850209891796112,1.668016791343689,0.9682044982910156,5.928407669067383,-11.817567825317383,11.817567825317383,0.12350849062204361,0.1071624755859375,3.034646511077881
vgsae_gamma=1.5_seed=2,2,1.5,50.0,-17.32563591003418,0.003,0.1374698132276535,1.099758505821228,0.8304488658905029,6.602664947509766,-12.553788185119629,12.553788185119629,0.13755552470684052,0.11635124683380127,4.144632339477539
vgsae_gamma=1.5_seed=2,2,1.5,100.0,-20.641254425048828,0.003,0.0868864357471466,0.6950914859771729,0.5390002727508545,9.007944107055664,-14.6963472366333,14.6963472366333,0.18766552209854126,0.14417096972465515,6.482500076293945
vgsae_gamma=1.5_seed=2,2,1.5,150.0,-22.768783569335938,0.003,0.060603395104408264,0.4848271608352661,0.38705962896347046,10.901365280151367,-15.937849998474121,15.937849998474121,0.22711175680160522,0.16090285778045654,9.175503730773926
vgsae_gamma=1.5_seed=2,2,1.5,200.0,-24.002880096435547,0.003,0.04779472574591637,0.38235780596733093,0.3348729610443115,11.132418632507324,-15.840904235839844,15.840904235839844,0.2319253832101822,0.15988531708717346,11.154011726379395
vgsae_gamma=1.5_seed=2,2,1.5,250.0,-24.920459747314453,0.003,0.041116632521152496,0.32893306016921997,0.29000958800315857,11.21832275390625,-15.665308952331543,15.665308952331543,0.23371505737304688,0.15781815350055695,12.92526912689209
vgsae_gamma=1.5_seed=2,2,1.5,300.0,-25.68238067626953,0.003,0.03586920350790024,0.2869536280632019,0.26127296686172485,11.205862045288086,-15.444177627563477,15.444177627563477,0.23345544934272766,0.15514244139194489,14.592506408691406
vgsae_gamma=1.5_seed=2,2,1.5,350.0,-26.30935287475586,0.003,0.0324539914727211,0.2596319317817688,0.23572446405887604,11.197969436645508,-15.251968383789062,15.251968383789062,0.23329100012779236,0.1528441309928894,16.149986267089844
vgsae_gamma=1.5_seed=2,2,1.5,400.0,-26.827781677246094,0.003,0.029672911390662193,0.23738329112529755,0.21870625019073486,11.136373519897461,-15.048093795776367,15.048093795776367,0.23200780153274536,0.15037427842617035,17.540414810180664
vgsae_gamma=1.5_seed=2,2,1.5,450.0,-27.280025482177734,0.003,0.027784738689661026,0.2222779095172882,0.20142897963523865,11.101627349853516,-14.876412391662598,14.876412391662598,0.23128390312194824,0.14832967519760132,18.880977630615234
vgsae_gamma=1.5_seed=2,2,1.5,500.0,-27.695152282714844,0.003,0.025767739862203598,0.20614191889762878,0.1906244456768036,11.007108688354492,-14.671467781066895,14.671467781066895,0.22931475937366486,0.1458459198474884,20.163000106811523
vgsae_gamma=1.5_seed=2,2,1.5,550.0,-28.067272186279297,0.003,0.0249131191521883,0.1993049532175064,0.1740272492170334,10.981771469116211,-14.531220436096191,14.531220436096191,0.2287869155406952,0.14420366287231445,21.428634643554688
vgsae_gamma=1.5_seed=2,2,1.5,600.0,-28.399402618408203,0.003,0.023526456207036972,0.18821164965629578,0.16591419279575348,10.894601821899414,-14.353649139404297,14.353649139404297,0.2269708514213562,0.14206969738006592,22.590839385986328
vgsae_gamma=1.5_seed=2,2,1.5,650.0,-28.705350875854492,0.003,0.02228890173137188,0.17831121385097504,0.1588752716779709,10.814447402954102,-14.187313079833984,14.187313079833984,0.22530096769332886,0.14008301496505737,23.725740432739258
vgsae_gamma=1.5_seed=2,2,1.5,700.0,-28.97911262512207,0.003,0.02127520553767681,0.1702016443014145,0.15228056907653809,10.747611999511719,-14.037534713745117,14.037534713745117,0.22390857338905334,0.13830670714378357,24.80756950378418
vgsae_gamma=1.5_seed=2,2,1.5,750.0,-29.232837677001953,0.003,0.020570069551467896,0.16456055641174316,0.1450292468070984,10.673601150512695,-13.890850067138672,13.890850067138672,0.22236669063568115,0.13656722009181976,25.84064483642578
vgsae_gamma=1.5_seed=2,2,1.5,799.0,-29.47629737854004,0.003,0.019922306761145592,0.15937845408916473,0.13792431354522705,10.643667221069336,-13.780399322509766,13.780399322509766,0.22174309194087982,0.1352921724319458,26.908594131469727
vgsae_gamma=2.0_seed=2,2,2.0,0.0,-13.051461219787598,0.003,0.19276411831378937,1.542112946510315,1.0143309831619263,7.817742347717285,-11.742609024047852,11.742609024047852,0.12215222418308258,0.10622583329677582,3.1293468475341797
vgsae_gamma=2.0_seed=2,2,2.0,50.0,-15.44339656829834,0.003,0.13928794860839844,1.1143035888671875,0.7591301202774048,7.235185623168945,-11.06523323059082,11.06523323059082,0.11304978281259537,0.09854242205619812,4.270233631134033
vgsae_gamma=2.0_seed=2,2,2.0,100.0,-17.798137664794922,0.003,0.10134050250053406,0.8107240200042725,0.5147891044616699,8.199604034423828,-11.616605758666992,11.616605758666992,0.12811881303787231,0.10592223703861237,6.035398483276367
vgsae_gamma=2.0_seed=2,2,2.0,150.0,-19.642091751098633,0.003,0.07159125804901123,0.5727300643920898,0.411342978477478,9.502342224121094,-12.380460739135742,12.380460739135742,0.14847411215305328,0.11566363275051117,8.129476547241211
vgsae_gamma=2.0_seed=2,2,2.0,200.0,-21.02346420288086,0.003,0.055406875908374786,0.4432550072669983,0.34389933943748474,10.058635711669922,-12.5319185256958,12.5319185256958,0.15716618299484253,0.1179119348526001,10.163191795349121
vgsae_gamma=2.0_seed=2,2,2.0,250.0,-22.099782943725586,0.003,0.04540269449353218,0.36322155594825745,0.29927241802215576,10.264955520629883,-12.435256958007812,12.435256958007812,0.16038993000984192,0.11706618964672089,12.075579643249512
vgsae_gamma=2.0_seed=2,2,2.0,300.0,-22.956632614135742,0.003,0.03841283172369003,0.30730265378952026,0.27052536606788635,10.296667098999023,-12.229934692382812,12.229934692382812,0.16088542342185974,0.11485326290130615,13.844950675964355
vgsae_gamma=2.0_seed=2,2,2.0,350.0,-23.630722045898438,0.003,0.035285357385873795,0.28228285908699036,0.23561227321624756,10.333122253417969,-12.064453125,12.064453125,0.16145503520965576,0.11308002471923828,15.447141647338867
vgsae_gamma=2.0_seed=2,2,2.0,400.0,-24.181964874267578,0.003,0.03226267546415329,0.2581014037132263,0.21575945615768433,10.283998489379883,-11.85569953918457,11.85569953918457,0.16068747639656067,0.11076949536800385,16.882591247558594
vgsae_gamma=2.0_seed=2,2,2.0,450.0,-24.684104919433594,0.003,0.029782822355628014,0.2382625788450241,0.19828656315803528,10.243478775024414,-11.661215782165527,11.661215782165527,0.16005434095859528,0.10863037407398224,18.325542449951172
vgsae_gamma=2.0_seed=2,2,2.0,500.0,-25.135299682617188,0.003,0.027653463184833527,0.2212277054786682,0.18407799303531647,10.209396362304688,-11.48425579071045,11.48425579071045,0.15952183306217194,0.10669545084238052,19.738187789916992
vgsae_gamma=2.0_seed=2,2,2.0,550.0,-25.53485870361328,0.003,0.0257944967597723,0.2063559740781784,0.17307144403457642,10.17260456085205,-11.319196701049805,11.319196701049805,0.1589469313621521,0.10489390790462494,21.084402084350586
vgsae_gamma=2.0_seed=2,2,2.0,600.0,-25.905412673950195,0.003,0.02448456548154354,0.19587652385234833,0.16090351343154907,10.144585609436035,-11.169379234313965,11.169379234313965,0.15850915014743805,0.1032692939043045,22.422780990600586
vgsae_gamma=2.0_seed=2,2,2.0,650.0,-26.254817962646484,0.003,0.02302664704620838,0.18421317636966705,0.15243397653102875,10.104291915893555,-11.013819694519043,11.013819694519043,0.15787957608699799,0.1015809029340744,23.76375389099121
vgsae_gamma=2.0_seed=2,2,2.0,700.0,-26.56795883178711,0.003,0.02202150970697403,0.17617207765579224,0.14332284033298492,10.069876670837402,-10.874191284179688,10.874191284179688,0.1573418229818344,0.10007204115390778,25.039522171020508
vgsae_gamma=2.0_seed=2,2,2.0,750.0,-26.854190826416016,0.003,0.020816411823034286,0.1665312945842743,0.1379774510860443,10.028547286987305,-10.734762191772461,10.734762191772461,0.15669605135917664,0.09856763482093811,26.27182388305664
vgsae_gamma=2.0_seed=2,2,2.0,799.0,-27.10978126525879,0.003,0.019941380247473717,0.15953104197978973,0.13204488158226013,9.998638153076172,-10.613248825073242,10.613248825073242,0.156228706240654,0.09726456552743912,27.437108993530273
vgsae_gamma=3.0_seed=2,2,3.0,0.0,-8.712189674377441,0.003,0.21983613073825836,1.758689045906067,0.9456539154052734,11.678245544433594,-11.713774681091309,11.713774681091309,0.1216483861207962,0.10587888956069946,2.958204746246338
vgsae_gamma=3.0_seed=2,2,3.0,50.0,-11.97649097442627,0.003,0.17924650013446808,1.4339720010757446,0.5415557026863098,9.074329376220703,-9.86197280883789,9.86197280883789,0.09452426433563232,0.08464211225509644,4.049551010131836
vgsae_gamma=3.0_seed=2,2,3.0,100.0,-13.95804500579834,0.003,0.14284059405326843,1.1427247524261475,0.3950062692165375,8.073606491088867,-8.838582038879395,8.838582038879395,0.08410006761550903,0.07423339784145355,5.202470779418945
vgsae_gamma=3.0_seed=2,2,3.0,150.0,-15.527870178222656,0.003,0.10398373007774353,0.8318698406219482,0.37038835883140564,8.431646347045898,-8.797597885131836,8.797597885131836,0.08782964944839478,0.07444912940263748,6.654143810272217
vgsae_gamma=3.0_seed=2,2,3.0,200.0,-16.98725128173828,0.003,0.07818840444087982,0.6255072355270386,0.32599109411239624,8.7701997756958,-8.724180221557617,8.724180221557617,0.09135624766349792,0.0741802453994751,8.407792091369629
vgsae_gamma=3.0_seed=2,2,3.0,250.0,-18.13270378112793,0.003,0.06253322958946228,0.5002658367156982,0.28796520829200745,9.026641845703125,-8.620101928710938,8.620101928710938,0.09402752667665482,0.07348491996526718,10.149308204650879
vgsae_gamma=3.0_seed=2,2,3.0,300.0,-19.04773712158203,0.003,0.05245237797498703,0.41961902379989624,0.25759032368659973,9.188483238220215,-8.482490539550781,8.482490539550781,0.09571336954832077,0.07236722111701965,11.813185691833496
vgsae_gamma=3.0_seed=2,2,3.0,350.0,-19.78714370727539,0.003,0.04678800329566002,0.37430402636528015,0.2255759835243225,9.239571571350098,-8.302978515625,8.302978515625,0.09624553471803665,0.07073260843753815,13.335999488830566
vgsae_gamma=3.0_seed=2,2,3.0,400.0,-20.403467178344727,0.003,0.04224973917007446,0.3379979133605957,0.20486566424369812,9.256477355957031,-8.137235641479492,8.137235641479492,0.09642164409160614,0.069185271859169,14.736666679382324
vgsae_gamma=3.0_seed=2,2,3.0,450.0,-20.931425094604492,0.003,0.03872758150100708,0.30982065200805664,0.18908122181892395,9.248139381408691,-7.981265068054199,7.981265068054199,0.0963347852230072,0.0677042156457901,16.03521728515625
vgsae_gamma=3.0_seed=2,2,3.0,500.0,-21.418060302734375,0.003,0.036427296698093414,0.2914183735847473,0.17087607085704803,9.203938484191895,-7.8140411376953125,7.8140411376953125,0.0958743542432785,0.06609544157981873,17.304988861083984
vgsae_gamma=3.0_seed=2,2,3.0,550.0,-21.8576602935791,0.003,0.03404366597533226,0.2723493278026581,0.1592007875442505,9.18427562713623,-7.683431148529053,7.683431148529053,0.09566953778266907,0.06484800577163696,18.537822723388672
vgsae_gamma=3.0_seed=2,2,3.0,600.0,-22.25501251220703,0.003,0.03205161541700363,0.25641292333602905,0.14916163682937622,9.156232833862305,-7.556107521057129,7.556107521057129,0.09537741541862488,0.06363080441951752,19.7251033782959
vgsae_gamma=3.0_seed=2,2,3.0,650.0,-22.613441467285156,0.003,0.03035501018166542,0.24284008145332336,0.14063876867294312,9.134486198425293,-7.444629669189453,7.444629669189453,0.0951509028673172,0.06256886571645737,20.86164665222168
vgsae_gamma=3.0_seed=2,2,3.0,700.0,-22.93744468688965,0.003,0.02900589630007744,0.2320471704006195,0.1327018141746521,9.09650993347168,-7.330055236816406,7.330055236816406,0.09475530683994293,0.061473406851291656,21.932889938354492
vgsae_gamma=3.0_seed=2,2,3.0,750.0,-23.233623504638672,0.003,0.027782591059803963,0.2222607284784317,0.12601152062416077,9.06033706665039,-7.220261573791504,7.220261573791504,0.0943785086274147,0.06042569503188133,22.970535278320312
vgsae_gamma=3.0_seed=2,2,3.0,799.0,-23.494918823242188,0.003,0.02676377072930336,0.21411016583442688,0.12037386000156403,9.017587661743164,-7.115644454956055,7.115644454956055,0.09393320232629776,0.05942344665527344,23.917436599731445
vgsae_gamma=5.0_seed=2,2,5.0,0.0,-0.8561716079711914,0.003,0.21002298593521118,1.6801838874816895,1.0113942623138428,19.614852905273438,-11.756512641906738,11.756512641906738,0.12259282916784286,0.10645012557506561,2.9722342491149902
vgsae_gamma=5.0_seed=2,2,5.0,50.0,-6.449128150939941,0.003,0.20317640900611877,1.6254112720489502,0.4496322274208069,13.502523422241211,-9.155977249145508,9.155977249145508,0.08439075946807861,0.07672281563282013,3.8553404808044434
vgsae_gamma=5.0_seed=2,2,5.0,100.0,-9.729887008666992,0.003,0.2169763147830963,1.7358105182647705,0.23193712532520294,7.237856388092041,-5.747326850891113,5.747326850891113,0.04523659870028496,0.04257762059569359,4.065561771392822
vgsae_gamma=5.0_seed=2,2,5.0,150.0,-10.932816505432129,0.003,0.1900990605354309,1.5207924842834473,0.23300781846046448,6.189578056335449,-4.981142997741699,4.981142997741699,0.038684867322444916,0.03595273196697235,4.561522483825684
vgsae_gamma=5.0_seed=2,2,5.0,200.0,-11.903109550476074,0.003,0.16245393455028534,1.2996314764022827,0.2313702553510666,6.086642265319824,-4.761597633361816,4.761597633361816,0.03804151341319084,0.0343562550842762,5.22533655166626
vgsae_gamma=5.0_seed=2,2,5.0,250.0,-12.744856834411621,0.003,0.1412096917629242,1.1296775341033936,0.21556209027767181,6.1500163078308105,-4.631918907165527,4.631918907165527,0.038437601178884506,0.03352062404155731,5.946895599365234
vgsae_gamma=5.0_seed=2,2,5.0,300.0,-13.407668113708496,0.003,0.12483193725347519,0.9986554980278015,0.20886489748954773,6.27962589263916,-4.560314178466797,4.560314178466797,0.03924766182899475,0.03313013166189194,6.625146389007568
vgsae_gamma=5.0_seed=2,2,5.0,350.0,-14.095531463623047,0.003,0.11062532663345337,0.885002613067627,0.19279831647872925,6.457383155822754,-4.516764163970947,4.516764163970947,0.04035864770412445,0.032940205186605453,7.422520637512207
vgsae_gamma=5.0_seed=2,2,5.0,400.0,-14.494221687316895,0.003,0.10416526347398758,0.8333221077919006,0.1764567345380783,6.455080509185791,-4.391619682312012,4.391619682312012,0.040344253182411194,0.032000280916690826,7.922526836395264
vgsae_gamma=5.0_seed=2,2,5.0,450.0,-14.849480628967285,0.003,0.09638828784227371,0.7711063027381897,0.17598043382167816,6.592758655548096,-4.37178897857666,4.37178897857666,0.04120474308729172,0.03196658194065094,8.446955680847168
vgsae_gamma=5.0_seed=2,2,5.0,500.0,-15.330248832702637,0.003,0.08687204122543335,0.6949763298034668,0.17516711354255676,6.792380332946777,-4.374319076538086,4.374319076538086,0.042452372610569,0.0321464017033577,9.193886756896973
vgsae_gamma=5.0_seed=2,2,5.0,550.0,-15.809167861938477,0.003,0.0790041834115982,0.6320334672927856,0.16866421699523926,6.9494524002075195,-4.344912052154541,4.344912052154541,0.043434083461761475,0.032053008675575256,9.991286277770996
vgsae_gamma=5.0_seed=2,2,5.0,600.0,-16.295989990234375,0.003,0.0719197690486908,0.5753581523895264,0.15893886983394623,7.136401176452637,-4.326124668121338,4.326124668121338,0.04460250213742256,0.03203500062227249,10.894775390625
vgsae_gamma=5.0_seed=2,2,5.0,650.0,-16.6955509185791,0.003,0.0666641891002655,0.533313512802124,0.15019327402114868,7.269798278808594,-4.285667419433594,4.285667419433594,0.04543624073266983,0.031788744032382965,11.704345703125
vgsae_gamma=5.0_seed=2,2,5.0,700.0,-17.031723022460938,0.003,0.06361337006092072,0.5089069604873657,0.13928405940532684,7.231447219848633,-4.1590776443481445,4.1590776443481445,0.045196544378995895,0.0307769775390625,12.342040061950684
vgsae_gamma=5.0_seed=2,2,5.0,750.0,-17.325809478759766,0.003,0.05961603298783302,0.4769282639026642,0.1355583667755127,7.388630390167236,-4.15708065032959,4.15708065032959,0.046178944408893585,0.030819352716207504,13.061509132385254
vgsae_gamma=5.0_seed=2,2,5.0,799.0,-17.576766967773438,0.003,0.05691687762737274,0.45533502101898193,0.1302642673254013,7.4532670974731445,-4.113546371459961,4.113546371459961,0.04658292233943939,0.030496016144752502,13.661218643188477
vgsae_gamma=7.0_seed=2,2,7.0,0.0,6.485979080200195,0.003,0.20044374465942383,1.6035499572753906,0.9916961193084717,27.170141220092773,-11.678081512451172,11.678081512451172,0.12129528075456619,0.10551008582115173,3.082559108734131
vgsae_gamma=7.0_seed=2,2,7.0,50.0,-1.3180065155029297,0.003,0.21374204754829407,1.7099363803863525,0.4536014795303345,17.96883773803711,-8.825270652770996,8.825270652770996,0.08021802455186844,0.07324807345867157,3.6976470947265625
vgsae_gamma=7.0_seed=2,2,7.0,100.0,-6.987495422363281,0.003,0.28636258840560913,2.290900707244873,0.16531875729560852,6.5880351066589355,-4.1289849281311035,4.1289849281311035,0.029410870745778084,0.028265779837965965,3.257037878036499
vgsae_gamma=7.0_seed=2,2,7.0,150.0,-8.57371711730957,0.003,0.25695493817329407,2.0556395053863525,0.17074376344680786,4.850514888763428,-3.191727638244629,3.191727638244629,0.02165408246219158,0.02080322429537773,3.5932717323303223
vgsae_gamma=7.0_seed=2,2,7.0,200.0,-9.520228385925293,0.003,0.22808578610420227,1.8246862888336182,0.17643770575523376,4.502474308013916,-2.936842679977417,2.936842679977417,0.02010033093392849,0.018979135900735855,3.997753381729126
vgsae_gamma=7.0_seed=2,2,7.0,250.0,-10.305047035217285,0.003,0.20809760689735413,1.664780855178833,0.15427392721176147,4.274807929992676,-2.730858087539673,2.730858087539673,0.019083963707089424,0.017527448013424873,4.397888660430908
vgsae_gamma=7.0_seed=2,2,7.0,300.0,-10.835503578186035,0.003,0.19475534558296204,1.5580427646636963,0.13955989480018616,4.175595283508301,-2.6093034744262695,2.6093034744262695,0.018641050904989243,0.01670987904071808,4.712527751922607
vgsae_gamma=7.0_seed=2,2,7.0,350.0,-11.297122955322266,0.003,0.18175172805786133,1.4540138244628906,0.14001724123954773,4.1261820793151855,-2.5179004669189453,2.5179004669189453,0.01842045597732067,0.016126248985528946,5.018723011016846
vgsae_gamma=7.0_seed=2,2,7.0,400.0,-11.751060485839844,0.003,0.16813011467456818,1.3450409173965454,0.13676780462265015,4.231327056884766,-2.4929633140563965,2.4929633140563965,0.018889853730797768,0.016067467629909515,5.398807525634766
vgsae_gamma=7.0_seed=2,2,7.0,450.0,-12.124519348144531,0.003,0.15955963730812073,1.2764770984649658,0.12857413291931152,4.177171230316162,-2.386747360229492,2.386747360229492,0.01864808425307274,0.015363186597824097,5.6937432289123535
vgsae_gamma=7.0_seed=2,2,7.0,500.0,-12.41227912902832,0.003,0.15291064977645874,1.22328519821167,0.12066346406936646,4.167922019958496,-2.3095643520355225,2.3095643520355225,0.018606793135404587,0.01486465148627758,5.952608585357666
vgsae_gamma=7.0_seed=2,2,7.0,550.0,-12.627067565917969,0.003,0.14847543835639954,1.1878035068511963,0.11461950093507767,4.125274658203125,-2.230621814727783,2.230621814727783,0.018416402861475945,0.014339827001094818,6.142396926879883
vgsae_gamma=7.0_seed=2,2,7.0,600.0,-12.807607650756836,0.003,0.14413990080356598,1.1531192064285278,0.11211828887462616,4.133641719818115,-2.1877951622009277,2.1877951622009277,0.01845375820994377,0.014076213352382183,6.32292366027832
vgsae_gamma=7.0_seed=2,2,7.0,650.0,-12.978723526000977,0.003,0.1400495022535324,1.1203960180282593,0.11133614182472229,4.133738040924072,-2.1442999839782715,2.1442999839782715,0.018454188480973244,0.013801323249936104,6.4949188232421875
vgsae_gamma=7.0_seed=2,2,7.0,700.0,-13.172515869140625,0.003,0.13431480526924133,1.0745184421539307,0.11437366902828217,4.221675872802734,-2.142836093902588,2.142836093902588,0.018846765160560608,0.013843048363924026,6.728952884674072
vgsae_gamma=7.0_seed=2,2,7.0,750.0,-13.362649917602539,0.003,0.1308308243751526,1.0466465950012207,0.11025901138782501,4.176763534545898,-2.0698721408843994,2.0698721408843994,0.01864626631140709,0.013356356881558895,6.914997577667236
vgsae_gamma=7.0_seed=2,2,7.0,799.0,-13.548572540283203,0.003,0.12547598779201508,1.0038079023361206,0.1121218279004097,4.281078338623047,-2.0716209411621094,2.0716209411621094,0.019111955538392067,0.013416637666523457,7.168910980224609
vgsae_gamma=10.0_seed=2,2,10.0,0.0,18.16521453857422,0.003,0.2004239410161972,1.6033915281295776,0.9952447414398193,38.84982681274414,-11.688974380493164,11.688974380493164,0.1214057132601738,0.10560622811317444,3.078537940979004
vgsae_gamma=10.0_seed=2,2,10.0,50.0,5.818775177001953,0.003,0.2160768061876297,1.7286144495010376,0.4195801019668579,25.023326873779297,-8.686040878295898,8.686040878295898,0.0781978964805603,0.07164928317070007,3.72405743598938
vgsae_gamma=10.0_seed=2,2,10.0,100.0,-4.746451377868652,0.003,0.3204106092453003,2.5632848739624023,0.11964385211467743,7.4800333976745605,-3.48622465133667,3.48622465133667,0.02337510511279106,0.0227232463657856,2.981816053390503
vgsae_gamma=10.0_seed=2,2,10.0,150.0,-7.4827880859375,0.003,0.2934566140174866,2.3476529121398926,0.14851757884025574,3.8697872161865234,-2.0351057052612305,2.0351057052612305,0.012093085795640945,0.01186044979840517,3.204908847808838
vgsae_gamma=10.0_seed=2,2,10.0,200.0,-8.50688648223877,0.003,0.27154597640037537,2.172367811203003,0.12286977469921112,3.1895599365234375,-1.707604169845581,1.707604169845581,0.009967373684048653,0.009692882187664509,3.485477924346924
vgsae_gamma=10.0_seed=2,2,10.0,250.0,-9.144013404846191,0.003,0.2543700337409973,2.0349602699279785,0.10859807580709457,2.9593639373779297,-1.5675828456878662,1.5675828456878662,0.00924801267683506,0.00883685052394867,3.732111692428589
vgsae_gamma=10.0_seed=2,2,10.0,300.0,-9.586565017700195,0.003,0.24441422522068024,1.955313801765442,0.09506289660930634,2.7229785919189453,-1.4182000160217285,1.4182000160217285,0.008509308099746704,0.007925893180072308,3.9017221927642822
vgsae_gamma=10.0_seed=2,2,10.0,350.0,-9.90939712524414,0.003,0.2367938756942749,1.8943510055541992,0.08505526185035706,2.580430030822754,-1.3166708946228027,1.3166708946228027,0.00806384440511465,0.007312960922718048,4.041615962982178
vgsae_gamma=10.0_seed=2,2,10.0,400.0,-10.153377532958984,0.003,0.2310975342988968,1.8487802743911743,0.0778845027089119,2.4772191047668457,-1.2413878440856934,1.2413878440856934,0.0077413106337189674,0.006859485525637865,4.152253150939941
vgsae_gamma=10.0_seed=2,2,10.0,450.0,-10.346921920776367,0.003,0.2275136113166809,1.8201088905334473,0.07163352519273758,2.3534727096557617,-1.1648492813110352,1.1648492813110352,0.007354602217674255,0.006391673348844051,4.228905200958252
vgsae_gamma=10.0_seed=2,2,10.0,500.0,-10.504274368286133,0.003,0.22476278245449066,1.7981022596359253,0.06652195751667023,2.246617555618286,-1.0998351573944092,1.0998351573944092,0.007020680233836174,0.0059978896751999855,4.290409088134766
vgsae_gamma=10.0_seed=2,2,10.0,550.0,-10.639747619628906,0.003,0.22209429740905762,1.776754379272461,0.06260064244270325,2.1759939193725586,-1.055530071258545,1.055530071258545,0.006799980532377958,0.005732991266995668,4.349350452423096
vgsae_gamma=10.0_seed=2,2,10.0,600.0,-10.758655548095703,0.003,0.22040489315986633,1.7632391452789307,0.059478290379047394,2.070685863494873,-0.9964372515678406,0.9964372515678406,0.006470893509685993,0.0053764148615300655,4.3890509605407715
vgsae_gamma=10.0_seed=2,2,10.0,650.0,-10.872365951538086,0.003,0.2174934595823288,1.7399476766586304,0.060438819229602814,2.025754928588867,-0.9666000604629517,0.9666000604629517,0.00633048452436924,0.005205044522881508,4.443490028381348
vgsae_gamma=10.0_seed=2,2,10.0,700.0,-11.043407440185547,0.003,0.21186141669750214,1.694891333580017,0.062163203954696655,2.0355329513549805,-0.9525194764137268,0.9525194764137268,0.006361040286719799,0.005141756497323513,4.553074359893799
vgsae_gamma=10.0_seed=2,2,10.0,750.0,-11.159245491027832,0.003,0.20882964134216309,1.6706371307373047,0.06000281125307083,2.015130043029785,-0.9267730712890625,0.9267730712890625,0.006297281477600336,0.005001621320843697,4.622567653656006
vgsae_gamma=10.0_seed=2,2,10.0,799.0,-11.273283004760742,0.003,0.205363929271698,1.642911434173584,0.06270483136177063,1.9896668195724487,-0.8988301753997803,0.8988301753997803,0.006217708811163902,0.004858538508415222,4.690386772155762
