run_id,seed,method,method_label,control_name,control_value,rho_model,generalization_error,reconstruction_error,clean_reconstruction_error,explained_variance,reconstruction_mse,selection_error,mask_uncertainty,paper_style_sigma_sel,support_precision,support_recall,support_f1,support_average_precision,support_roc_auc,decoder_recovery_cosine,dead_fraction,amplitude_shrinkage,mean_activation,average_l0,expected_l0,l1_raw_relu_rho_model,l1_raw_relu_selection_error,l1_raw_relu_sigma_sel,l1_gmm_threshold,l1_raw_relu_density
gated_l1_coefficient=0.1_seed=1,1,gated,Gated,l1_coefficient,0.1,0.046195997606698916,1.1300652886607492,0.45456406474113464,0.45456406474113464,0.766231119632721,0.08485914766788483,0.13082279945866826,0.04170071789001121,0.043835541355888415,0.6756756756756757,0.015299877600979192,0.029922202274087373,0.22175688737384733,0.6288104474825219,0.6553146839141846,0.0,1.1525322963368545,0.25898516178131104,0.072265625,1.4782719234143653,,,,,
gated_l1_coefficient=0.1_seed=4,4,gated,Gated,l1_coefficient,0.1,0.048083553322306904,1.183149264818645,0.5108122229576111,0.5108122229576111,0.7042535543441772,0.11265368014574051,0.13462366740817083,0.04354260801322334,0.045496095330603996,0.6052631578947368,0.013897280966767372,0.02717070289427053,0.19638052827140007,0.6136069808231248,0.621968150138855,0.0,1.2428793198769335,0.2740791440010071,0.07421875,1.538673706313821,,,,,
gated_l1_coefficient=0.1_seed=3,3,gated,Gated,l1_coefficient,0.1,0.04825471464625478,1.1166014909719302,0.37394335865974426,0.37394335865974426,0.8414972424507141,0.06094725430011749,0.13631690606185645,0.04410778877944082,0.04569305400377329,0.8,0.009495548961424332,0.0187683284457478,0.22546365428984178,0.5958838920591099,0.6327746510505676,0.0,2.2519475925485652,0.2678130269050598,0.0390625,1.544150868680153,,,,,
gated_l1_coefficient=0.1_seed=2,2,gated,Gated,l1_coefficient,0.1,0.05112931858299098,1.078398060573624,0.45339637994766235,0.45339637994766235,0.7798497080802917,0.08681313693523407,0.13363271821224776,0.04442893765245711,0.04820461787163984,0.5121951219512195,0.025625381330079317,0.04880883207437536,0.2262262036170859,0.6502800196383051,0.6647429466247559,0.0,3.2602541637594546,0.2546851634979248,0.16015625,1.6361381946557114,,,,,
gated_l1_coefficient=0.1_seed=0,0,gated,Gated,l1_coefficient,0.1,0.051640405015741006,1.0864133782065228,0.6383695602416992,0.6383695602416992,0.570178210735321,0.1589713990688324,0.12956202972994307,0.045023477459648444,0.04874333056112441,0.6410256410256411,0.031407035175879394,0.05988023952095808,0.25577478737349235,0.6554523394419365,0.7191867828369141,0.0,4.077156233065901,0.2390345185995102,0.15234375,1.6524929605037122,,,,,
gated_l1_coefficient=0.07_seed=1,1,gated,Gated,l1_coefficient,0.07,0.05649830109284534,1.1362402254596666,0.42804643511772156,0.42804643511772156,0.79271000623703,0.07524717599153519,0.13797994086484514,0.05048524079937106,0.05309187040335831,0.8125,0.02386780905752754,0.046373365041617126,0.2394065440449985,0.6226618882642159,0.645893931388855,0.0,1.2584769975091996,0.2751844525337219,0.09375,1.807945634971051,,,,,
gated_l1_coefficient=0.07_seed=3,3,gated,Gated,l1_coefficient,0.07,0.058438932179145565,1.052140957608571,0.38847649097442627,0.38847649097442627,0.8289375305175781,0.06577669084072113,0.14231216044570597,0.05121766513001977,0.0546925223856651,0.4722222222222222,0.020178041543026708,0.03870233352305066,0.22090778582468917,0.6210832485627013,0.6621100902557373,0.0,2.6234117954618763,0.2776745557785034,0.140625,1.870045829732658,,,,,
gated_l1_coefficient=0.07_seed=4,4,gated,Gated,l1_coefficient,0.07,0.058478082000090435,1.1823596467046589,0.398727685213089,0.398727685213089,0.8198021054267883,0.06863973289728165,0.14151225886530408,0.05226871586600272,0.054743501751164825,0.6808510638297872,0.01933534743202417,0.03760282021151586,0.22097626564040143,0.623323369500004,0.6296384334564209,0.0,1.2131524493818604,0.2875533699989319,0.091796875,1.871298624002894,,,,,
gated_l1_coefficient=0.07_seed=2,2,gated,Gated,l1_coefficient,0.07,0.062019946609092866,1.1939062149000412,0.46020251512527466,0.46020251512527466,0.7731905579566956,0.08943907916545868,0.14025546463105762,0.05320627280503585,0.057708986130770634,0.7156862745098039,0.044539353264185476,0.08385985066053993,0.23585638668826978,0.5977362570656624,0.6462621688842773,0.0,2.621400929925626,0.2704809010028839,0.19921875,1.9846382914909717,,,,,
gated_l1_coefficient=0.07_seed=0,0,gated,Gated,l1_coefficient,0.07,0.06281584305899923,1.0843806325112626,0.5635295510292053,0.5635295510292053,0.6650519371032715,0.12388195842504501,0.13852904401541022,0.054322279918871286,0.058457346900590394,0.6262626262626263,0.038944723618090454,0.07332939089296275,0.23795180561008258,0.6539474048514612,0.7122213244438171,0.0,3.507018760742978,0.2585412263870239,0.193359375,2.0101069778879754,,,,,
gated_l1_coefficient=0.05_seed=1,1,gated,Gated,l1_coefficient,0.05,0.06786093216908526,1.1571531259313625,0.30624765157699585,0.30624765157699585,0.8938934803009033,0.03851713985204697,0.14863989409033238,0.06025903010097438,0.0628755611193737,0.6046511627906976,0.01591187270501836,0.031007751937984496,0.1929741066602348,0.593032155674958,0.6515865325927734,0.0,1.1582615186026552,0.294187068939209,0.083984375,2.1715498294107283,,,,,
gated_l1_coefficient=0.05_seed=4,4,gated,Gated,l1_coefficient,0.05,0.06861298573290814,1.2613981584422895,0.3628265857696533,0.3628265857696533,0.8507909774780273,0.05683567002415657,0.1503859086936728,0.05994350970184818,0.06304249762256882,0.5833333333333334,0.025377643504531724,0.04863925883034163,0.17602747625899595,0.5510578325555007,0.6045435667037964,0.0,0.8794158141319671,0.2988409399986267,0.140625,2.1956155434530604,,,,,
gated_l1_coefficient=0.05_seed=3,3,gated,Gated,l1_coefficient,0.05,0.07029241171993787,1.1290246302053741,0.26405319571495056,0.26405319571495056,0.9209670424461365,0.030389629304409027,0.15161019507685497,0.0604256841315927,0.06451927119749477,0.45977011494252873,0.02373887240356083,0.04514672686230249,0.19914532939978669,0.5962550592371593,0.6582879424095154,0.0,3.1210069785926438,0.2918548583984375,0.169921875,2.249357175038012,,,,,
gated_l1_coefficient=0.05_seed=0,0,gated,Gated,l1_coefficient,0.05,0.07392725842192482,1.0374470888387617,0.40887612104415894,0.40887612104415894,0.82366943359375,0.06521660089492798,0.14712850350164053,0.06347487800934046,0.06809002402974743,0.6470588235294118,0.0414572864321608,0.0779220779220779,0.23840155383541334,0.6594629150688542,0.6491816639900208,0.0,7.49707381652611,0.27459704875946045,0.19921875,2.3656722695015944,,,,,
gated_l1_coefficient=0.05_seed=2,2,gated,Gated,l1_coefficient,0.05,0.07539672234602954,1.070417484380314,0.3742996156215668,0.3742996156215668,0.8499617576599121,0.05916544795036316,0.1493582824110907,0.0620192734116434,0.06884211676596542,0.4685714285714286,0.050030506406345335,0.09040793825799338,0.22290310970434785,0.6288070681346983,0.6443929672241211,0.0,3.803306505175753,0.2750689387321472,0.341796875,2.412695115072945,,,,,
gated_l1_coefficient=0.03_seed=3,3,gated,Gated,l1_coefficient,0.03,0.0923756557871368,1.0960375215997977,0.23796294629573822,0.23796294629573822,0.9358134865760803,0.024680910632014275,0.16464167579474565,0.07704900132380042,0.08280255585910312,0.5533333333333333,0.04925816023738872,0.09046321525885559,0.2428571519431461,0.6330264902253186,0.6670269966125488,0.0,3.013840514437666,0.310230553150177,0.29296875,2.9560209851883776,,,,,
gated_l1_coefficient=0.03_seed=4,4,gated,Gated,l1_coefficient,0.03,0.09264010886188734,1.224144741350174,0.2656031847000122,0.2656031847000122,0.9200416803359985,0.030457157641649246,0.1703578252085225,0.07951305892340896,0.08291289619698569,0.42168674698795183,0.021148036253776436,0.04027617951668585,0.15999606834100763,0.5651839815363119,0.596785306930542,0.0,1.6000270061127133,0.32112598419189453,0.162109375,2.964483483580395,,,,,
gated_l1_coefficient=0.03_seed=1,1,gated,Gated,l1_coefficient,0.03,0.09340339189386593,1.0950399058011566,0.2738410234451294,0.2738410234451294,0.9151613712310791,0.03079679235816002,0.16163553329609948,0.07761734973026649,0.08340368944728466,0.6363636363636364,0.05997552019583843,0.10961968680089484,0.26126935867118417,0.647053565130801,0.6344645023345947,0.0,1.6383895066614802,0.31338292360305786,0.30078125,2.9889085406037097,,,,,
gated_l1_coefficient=0.03_seed=2,2,gated,Gated,l1_coefficient,0.03,0.09416081197656145,1.1629331076260276,0.2790886163711548,0.2790886163711548,0.9165843725204468,0.03289376571774483,0.16928278189029944,0.07955315116105269,0.08401966618438096,0.41284403669724773,0.027455765710799267,0.05148741418764302,0.1761347236033356,0.5750446837647367,0.6147741079330444,0.0,1.8329222826931815,0.31187760829925537,0.212890625,3.0131459832499665,,,,,
gated_l1_coefficient=0.03_seed=0,0,gated,Gated,l1_coefficient,0.03,0.09717603847638134,1.1510922278236506,0.25714367628097534,0.25714367628097534,0.9302577972412109,0.025794457644224167,0.16508841305319244,0.07992982525469149,0.08683203436183544,0.4385026737967914,0.05150753768844221,0.09218662169758292,0.21307143095906989,0.6092780526483146,0.6410154104232788,0.0,6.9132697835627415,0.29254502058029175,0.365234375,3.109633231244203,,,,,
gated_l1_coefficient=0.02_seed=3,3,gated,Gated,l1_coefficient,0.02,0.11165267994636471,1.1248820340034136,0.18609285354614258,0.18609285354614258,0.9607459306716919,0.015093915164470673,0.18312725842434943,0.09150390950474327,0.09782200460078906,0.43103448275862066,0.04451038575667656,0.08068854222700378,0.1899957220008214,0.5833638130775767,0.6311131119728088,0.0,2.476393108924021,0.3145875036716461,0.33984375,3.572885758283671,,,,,
gated_l1_coefficient=0.02_seed=1,1,gated,Gated,l1_coefficient,0.02,0.1129332461100811,1.141887301335916,0.21653348207473755,0.21653348207473755,0.9469547271728516,0.01925566792488098,0.17850376770634252,0.0920716240226566,0.09843852136819048,0.5666666666666667,0.06242350061199511,0.11245865490628446,0.2287108226596335,0.6182768084973964,0.636732816696167,0.0,1.9496286194858556,0.316656231880188,0.3515625,3.613863875522595,,,,,
gated_l1_coefficient=0.02_seed=4,4,gated,Gated,l1_coefficient,0.02,0.11410670920227628,1.2240774436623263,0.1888739913702011,0.1888739913702011,0.9595665335655212,0.015401643700897694,0.18430980816935105,0.09168452905295263,0.09833279739651908,0.3905579399141631,0.05498489425981873,0.09639830508474577,0.16835645587186773,0.562727988580803,0.6014326214790344,0.0,1.1225845634943084,0.326655775308609,0.455078125,3.651414694472841,,,,,
gated_l1_coefficient=0.02_seed=2,2,gated,Gated,l1_coefficient,0.02,0.11780498189833155,1.1915379744027879,0.2616775929927826,0.2616775929927826,0.9266675710678101,0.02891761064529419,0.18658578349929789,0.09586057401032122,0.10182849702429171,0.44041450777202074,0.05186089078706528,0.09279475982532749,0.17723590932576877,0.5591011399609923,0.626725435256958,0.0,2.6255472556241815,0.32592877745628357,0.376953125,3.7697594207466096,,,,,
gated_l1_coefficient=0.02_seed=0,0,gated,Gated,l1_coefficient,0.02,0.11857941667208838,1.107638556226869,0.21326729655265808,0.21326729655265808,0.9520274996757507,0.017742840573191643,0.18037814014906406,0.09451708497838811,0.10264114692895093,0.42063492063492064,0.06658291457286432,0.11496746203904555,0.21144790554654308,0.6209922270560482,0.6511797904968262,0.0,7.096933241817588,0.3095366060733795,0.4921875,3.794541333506828,,,,,
gated_l1_coefficient=0.015_seed=1,1,gated,Gated,l1_coefficient,0.015,0.12800706042946253,1.1517969606016631,0.1878035068511963,0.1878035068511963,0.9600971341133118,0.014484912157058716,0.1918759616189103,0.10267266151805385,0.10967621160108457,0.4232558139534884,0.05569155446756426,0.09843158464034614,0.2032577900536078,0.6047767566334046,0.5871940851211548,0.0,1.6356649844868518,0.329224169254303,0.419921875,4.096225933742801,,,,,
gated_l1_coefficient=0.015_seed=4,4,gated,Gated,l1_coefficient,0.015,0.13358872657448045,1.2643415039356676,0.17555584013462067,0.17555584013462067,0.9650676846504211,0.013306179083883762,0.20065913256712414,0.10556713444262635,0.11182348472526864,0.3176470588235294,0.04894259818731118,0.08481675392670157,0.16156249365110797,0.5577103270999378,0.5844008922576904,0.0,1.6737425242631427,0.34193485975265503,0.498046875,4.2748392503833745,,,,,
gated_l1_coefficient=0.015_seed=3,3,gated,Gated,l1_coefficient,0.015,0.13600546230332267,1.1355660054363501,0.1627998650074005,0.1627998650074005,0.969957709312439,0.011551824398338795,0.2020485164814465,0.10781683543652071,0.11524442901272099,0.404,0.0599406528189911,0.10439276485788115,0.18097001978124327,0.571786711908176,0.6432878971099854,0.0,3.2910299689019586,0.3359716236591339,0.48828125,4.352174793706325,,,,,
gated_l1_coefficient=0.015_seed=0,0,gated,Gated,l1_coefficient,0.015,0.13692806265004143,1.2196381839023895,0.2130655199289322,0.2130655199289322,0.9521182179450989,0.017709285020828247,0.19767217905632484,0.10648880148627585,0.11552732106062205,0.35294117647058826,0.07160804020100503,0.11906005221932116,0.17722236042233588,0.569821499669793,0.614612877368927,0.0,8.440123717380638,0.3308667540550232,0.630859375,4.381698004801326,,,,,
gated_l1_coefficient=0.015_seed=2,2,gated,Gated,l1_coefficient,0.015,0.14101690893551755,1.0876909105785135,0.2062424123287201,0.2062424123287201,0.9544467926025391,0.017963267862796783,0.20064641697407204,0.11097909247206415,0.11878399221772575,0.43356643356643354,0.07565588773642465,0.12883116883116882,0.2084130042604281,0.6295866418146522,0.638256311416626,0.0,1.1948574164749903,0.34425437450408936,0.55859375,4.512541085936562,,,,,
gated_l1_coefficient=0.01_seed=4,4,gated,Gated,l1_coefficient,0.01,0.1564518996954818,1.1650238397177082,0.1398787945508957,0.1398787945508957,0.9778231382369995,0.008447468280792236,0.2147888000903202,0.11967988499843961,0.12752137018544793,0.3691460055096419,0.0809667673716012,0.13280475718533202,0.1855834874683232,0.599644432064577,0.6140710115432739,0.0,1.6604927759635433,0.3463442921638489,0.708984375,5.006460790255417,,,,,
gated_l1_coefficient=0.01_seed=0,0,gated,Gated,l1_coefficient,0.01,0.1609179719832161,1.1435288010185123,0.1948636770248413,0.1948636770248413,0.9599496722221375,0.014812774956226349,0.21176669082014765,0.12300469184618659,0.13224879722367316,0.4782608695652174,0.10364321608040201,0.17036654620547237,0.23605760281567525,0.6267567514084756,0.6461355686187744,0.0,5.511260920597974,0.3337181806564331,0.673828125,5.149375103462916,,,,,
gated_l1_coefficient=0.01_seed=2,2,gated,Gated,l1_coefficient,0.01,0.16517113681582263,1.1930605371828327,0.16620756685733795,0.16620756685733795,0.970415472984314,0.011666241101920605,0.22043270079788524,0.1256375677506033,0.1344533618569288,0.40561224489795916,0.09701037217815742,0.1565731166912851,0.19542836895240223,0.5885092949885702,0.6155247688293457,0.0,3.1751844234816016,0.3540669083595276,0.765625,5.285476378106324,,,,,
gated_l1_coefficient=0.01_seed=3,3,gated,Gated,l1_coefficient,0.01,0.16551173124820823,1.2134657408644194,0.149604931473732,0.149604931473732,0.9746301770210266,0.009755158796906471,0.22376383667122118,0.1236691333483266,0.13296214904492631,0.3177966101694915,0.08902077151335312,0.13908205841446453,0.17156476608944543,0.5867002599946747,0.6026806235313416,0.0,2.647146419255763,0.35912272334098816,0.921875,5.296375399942663,,,,,
gated_l1_coefficient=0.01_seed=1,1,gated,Gated,l1_coefficient,0.01,0.1693224255193444,1.2595837116064623,0.13401708006858826,0.13401708006858826,0.9796802997589111,0.007376133929938078,0.2274348779111226,0.13004164076291258,0.136540844014501,0.31438127090301005,0.05752753977968176,0.09725814795654422,0.1680139768308094,0.5754930813434849,0.6030802130699158,0.0,1.5483314832458628,0.37677186727523804,0.583984375,5.418317616619021,,,,,
gated_l1_coefficient=0.007_seed=4,4,gated,Gated,l1_coefficient,0.007,0.18427588000113992,1.1911836319482922,0.10709857195615768,0.10709857195615768,0.9869993925094604,0.004952108487486839,0.23798699140826862,0.13806688018959878,0.14448501359190186,0.3324607329842932,0.07673716012084592,0.12469317623956798,0.17311696435499951,0.604332431713419,0.6251015663146973,0.0,2.0496381785012368,0.38106998801231384,0.74609375,5.896828160036478,,,,,
gated_l1_coefficient=0.007_seed=3,3,gated,Gated,l1_coefficient,0.007,0.1894622756959201,1.1742510670228117,0.13019295036792755,0.13019295036792755,0.9807868003845215,0.00738783972337842,0.2435464211347984,0.141895318232498,0.15006166906715057,0.3255208333333333,0.07418397626112759,0.1208313194780087,0.1755598644539469,0.6048115669468623,0.5985003709793091,0.0,3.8611843269169843,0.38461554050445557,0.75,6.062792822269444,,,,,
gated_l1_coefficient=0.007_seed=1,1,gated,Gated,l1_coefficient,0.007,0.19104758174071357,1.2043589083724955,0.12407205253839493,0.12407205253839493,0.9825841784477234,0.006322028115391731,0.2429165006269578,0.142691473014947,0.14982510356445325,0.3839541547277937,0.08200734394124846,0.13514876449823499,0.18801271256927468,0.581825197601809,0.5942181348800659,0.0,2.121076074466553,0.3675662875175476,0.681640625,6.113522615702834,,,,,
gated_l1_coefficient=0.007_seed=0,0,gated,Gated,l1_coefficient,0.007,0.19144373539797854,1.2176496553492182,0.13686592876911163,0.13686592876911163,0.9802423715591431,0.007307440973818302,0.24196617376921026,0.1435915424813609,0.15136970847081477,0.33589743589743587,0.08228643216080402,0.13218970736629668,0.17897449520823902,0.5879789997513256,0.605701208114624,0.0,8.7997447169802,0.373102605342865,0.76171875,6.126199532735313,,,,,
gated_l1_coefficient=0.007_seed=2,2,gated,Gated,l1_coefficient,0.007,0.19752333783697296,1.2298109044960621,0.1523800790309906,0.1523800790309906,0.9751332402229309,0.009805861860513687,0.24503994354057923,0.1378983611868777,0.15110444261257833,0.2864321608040201,0.1391092129347163,0.18726899383983572,0.18048014837300977,0.5873456861003544,0.6036989092826843,0.0,3.7616993100126996,0.36539775133132935,1.5546875,6.320746810783135,,,,,
gated_l1_coefficient=0.005_seed=4,4,gated,Gated,l1_coefficient,0.005,0.22221786307682123,1.3113123019940482,0.10494310408830643,0.10494310408830643,0.9875174164772034,0.004754781723022461,0.2704910303716588,0.15266026170485936,0.16071049964249634,0.1943502824858757,0.10392749244712991,0.13543307086614176,0.1411953146563451,0.5572255363209517,0.578597903251648,0.0,1.444396363072533,0.3895653188228607,1.728515625,7.110971618458279,,,,,
gated_l1_coefficient=0.005_seed=0,0,gated,Gated,l1_coefficient,0.005,0.22600734458431404,1.2469093440055496,0.1101636290550232,0.1101636290550232,0.9871996641159058,0.004734249319881201,0.26711033171348575,0.15639196413156153,0.167039751001422,0.3109919571045576,0.1457286432160804,0.19846022241231823,0.17252418086248678,0.5837621509046041,0.6105131506919861,0.0,5.364944425897611,0.3866881728172302,1.45703125,7.232235026698049,,,,,
gated_l1_coefficient=0.005_seed=1,1,gated,Gated,l1_coefficient,0.005,0.22625599463965784,1.2922660789249234,0.09445444494485855,0.09445444494485855,0.9899064898490906,0.003663981333374977,0.2707830815614187,0.15135827293571555,0.1636540100142252,0.23563777994157742,0.1481028151774786,0.18188650883126645,0.15436042814243184,0.55090714270896,0.5639789700508118,0.0,1.876952514206753,0.38639557361602783,2.005859375,7.240191828469051,,,,,
gated_l1_coefficient=0.005_seed=2,2,gated,Gated,l1_coefficient,0.005,0.22792258596089132,1.2609645647680205,0.10801572352647781,0.10801572352647781,0.9875049591064453,0.004927235655486584,0.27075939412798133,0.15356098310137728,0.16508093401126134,0.2608236536430834,0.15070164734594266,0.19102861562258316,0.16607130091670436,0.5755883370977556,0.5802858471870422,0.0,4.156928334141671,0.38687190413475037,1.849609375,7.293522750748522,,,,,
gated_l1_coefficient=0.005_seed=3,3,gated,Gated,l1_coefficient,0.005,0.23284895881913759,1.3208155385885714,0.12149744480848312,0.12149744480848312,0.9832675457000732,0.006433937698602676,0.27599512315201746,0.1504549952130662,0.16125124490735798,0.21471025260029716,0.171513353115727,0.1906961398878258,0.16636682983248108,0.5580510432591652,0.6146976947784424,0.0,4.282874126872709,0.4143158793449402,2.62890625,7.451166682212403,,,,,
gated_l1_coefficient=0.003_seed=0,0,gated,Gated,l1_coefficient,0.003,0.25954088752492765,1.2871955775317716,0.10256776958703995,0.10256776958703995,0.9889039993286133,0.004103897139430046,0.2974253522795536,0.1746014023455657,0.18272305465537125,0.21462945139557266,0.14007537688442212,0.169517293804637,0.16034685760588036,0.560181225727067,0.5808942317962646,0.0,12.650885379821789,0.4014013409614563,2.029296875,8.305308400797685,,,,,
gated_l1_coefficient=0.003_seed=4,4,gated,Gated,l1_coefficient,0.003,0.2634918075829343,1.3651131583035363,0.07998254895210266,0.07998254895210266,0.9927491545677185,0.0027619339525699615,0.3015297713379039,0.16593014181471472,0.1766163169520898,0.20245398773006135,0.17945619335347432,0.19026265214606022,0.14516513828247374,0.5575027500877382,0.6271607279777527,0.0,2.0652391428114267,0.4129539728164673,2.865234375,8.431737842653897,,,,,
gated_l1_coefficient=0.003_seed=2,2,gated,Gated,l1_coefficient,0.003,0.26615153026375316,1.3113697086648155,0.10510193556547165,0.10510193556547165,0.9881700277328491,0.004664991050958633,0.2983678752823331,0.1709890894342398,0.18232963529624044,0.2950432730133753,0.2287980475899939,0.2577319587628866,0.19522351563429988,0.5778200943391737,0.6531409025192261,0.0,4.081920161921501,0.41705721616744995,2.482421875,8.516848968440101,,,,,
gated_l1_coefficient=0.003_seed=3,3,gated,Gated,l1_coefficient,0.003,0.2669148030984907,1.2577181272178743,0.08491569757461548,0.08491569757461548,0.9918266534805298,0.0031428129877895117,0.30459805916207827,0.17557768787302735,0.18459305753651306,0.26372549019607844,0.15964391691394658,0.1988909426987061,0.16601368356521656,0.570283652393237,0.6276949644088745,0.0,3.142298148057229,0.4055836796760559,1.9921875,8.541273699151702,,,,,
gated_l1_coefficient=0.003_seed=1,1,gated,Gated,l1_coefficient,0.003,0.27244840876766574,1.3016877195548375,0.09833161532878876,0.09833161532878876,0.9890608787536621,0.00397095363587141,0.30428278689139887,0.1707652389660686,0.18160478332473418,0.23087248322147652,0.21052631578947367,0.22023047375160051,0.1750628151260416,0.5782006929029313,0.6154946088790894,0.0,2.756012360764707,0.41837653517723083,2.91015625,8.718349080565304,,,,,
gated_l1_coefficient=0.002_seed=4,4,gated,Gated,l1_coefficient,0.002,0.2898285725850762,1.326833424115124,0.06756148487329483,0.06756148487329483,0.9948263764381409,0.0019707027822732925,0.3248916620018001,0.18092504748904534,0.19071326716322903,0.18424479166666666,0.17099697885196374,0.17737386399247884,0.14613526050784098,0.5298561585658643,0.6192323565483093,0.0,1.7172348074270232,0.41078972816467285,3.0,9.274514322722439,,,,,
gated_l1_coefficient=0.002_seed=2,2,gated,Gated,l1_coefficient,0.002,0.2947303659381646,1.284276624742933,0.07720440626144409,0.07720440626144409,0.9936166405677795,0.0025171758607029915,0.3245332494611546,0.1805933015233363,0.1907389596698159,0.19796954314720813,0.2141549725442343,0.20574443141852286,0.1650374369220028,0.563246121631287,0.6351522207260132,0.0,4.220714031735288,0.41184064745903015,3.462890625,9.431371710021267,,,,,
gated_l1_coefficient=0.002_seed=1,1,gated,Gated,l1_coefficient,0.002,0.29759390557118337,1.3293590033428693,0.07441435754299164,0.07441435754299164,0.993735134601593,0.002274164929986,0.32905206462253744,0.18505304094606093,0.19608097988599454,0.1985906470211403,0.189718482252142,0.19405320813771518,0.15281215975573564,0.546299317469867,0.6056197881698608,0.0,2.0920102806063703,0.40806442499160767,3.048828125,9.523004978277868,,,,,
gated_l1_coefficient=0.002_seed=0,0,gated,Gated,l1_coefficient,0.002,0.29932928303352924,1.300962605047025,0.09318043291568756,0.09318043291568756,0.9908421635627747,0.003387069795280695,0.3293833981024932,0.19139611971053885,0.1999600935025294,0.2039151712887439,0.157035175879397,0.177430801987225,0.15332767080486712,0.5759004340931265,0.598616898059845,0.0,10.943392857147838,0.4259580373764038,2.39453125,9.578537057072936,,,,,
gated_l1_coefficient=0.002_seed=3,3,gated,Gated,l1_coefficient,0.002,0.3112246233974112,1.3010620820822543,0.08672051876783371,0.08672051876783371,0.991475522518158,0.0032778289169073105,0.33853261555205805,0.1795159353331462,0.19081815305034447,0.17712691771269176,0.22611275964391692,0.19864442127215848,0.15931243396296318,0.5669987239488021,0.6578346490859985,0.0,4.190142350235321,0.4312676191329956,4.201171875,9.959187948717158,,,,,
gated_l1_coefficient=0.0015_seed=0,0,gated,Gated,l1_coefficient,0.0015,0.3153658434627289,1.311528402854156,0.08690226823091507,0.08690226823091507,0.9920346140861511,0.002946028020232916,0.3401354835469732,0.19593025162299907,0.2067080938210243,0.2325,0.23366834170854273,0.23308270676691734,0.18289212500195462,0.5761704471179587,0.612252950668335,0.0,-2.4940151320819006,0.42895209789276123,3.125,10.091706990807324,,,,,
gated_l1_coefficient=0.0015_seed=3,3,gated,Gated,l1_coefficient,0.0015,0.316132177229548,1.3098508229930386,0.07546831667423248,0.07546831667423248,0.9935441613197327,0.002482400741428137,0.34412705304376345,0.19346782073132313,0.20333459560873027,0.20365853658536584,0.19821958456973293,0.20090225563909772,0.15071809937611869,0.5679218170839858,0.6260746717453003,0.0,1.7566497366306126,0.4381997585296631,3.203125,10.116229671345536,,,,,
gated_l1_coefficient=0.0015_seed=2,2,gated,Gated,l1_coefficient,0.0015,0.3192044599922248,1.3624494210865308,0.07553316652774811,0.07553316652774811,0.9938900470733643,0.002409377135336399,0.3470170595290831,0.18453488402952598,0.19621587257286963,0.17057837384744343,0.2483221476510067,0.2022360248447205,0.15015830401288485,0.5302784100089978,0.614421546459198,0.0,4.273519418299322,0.4210832118988037,4.66015625,10.214542719751194,,,,,
gated_l1_coefficient=0.0015_seed=1,1,gated,Gated,l1_coefficient,0.0015,0.3295006070660591,1.3889723909949188,0.08020580559968948,0.08020580559968948,0.9927220940589905,0.002641922328621149,0.3515216224369695,0.18872424550248126,0.20021410513966628,0.18282208588957055,0.27356181150550796,0.21917136553076733,0.16216708231931157,0.5698866253137771,0.5817089676856995,0.0,2.0620080104140643,0.4362332224845886,4.775390625,10.544019426113891,,,,,
gated_l1_coefficient=0.0015_seed=4,4,gated,Gated,l1_coefficient,0.0015,0.33680042495603146,1.4914043413710696,0.07140597701072693,0.07140597701072693,0.9942207932472229,0.0022013643756508827,0.36345212614599376,0.18246311547047417,0.19557989981349264,0.1416976665539398,0.25317220543806646,0.18169991326973112,0.135248425752811,0.506243104269092,0.6061820983886719,0.0,0.9166031540698443,0.434431791305542,5.775390625,10.777613598593007,,,,,
gated_l1_coefficient=0.001_seed=2,2,gated,Gated,l1_coefficient,0.001,0.3434092890349518,1.3942967426904314,0.08217207342386246,0.08217207342386246,0.9927687644958496,0.002851529512554407,0.3660735069693999,0.19595920087100374,0.20725218226743253,0.1762132060461416,0.27028676021964615,0.2133397543944137,0.15519566954537078,0.530870041881396,0.6378664970397949,0.0,2.7858191179360325,0.4476390779018402,4.91015625,10.989097249118458,,,,,
gated_l1_coefficient=0.001_seed=4,4,gated,Gated,l1_coefficient,0.001,0.34757437564449845,1.4601227745346013,0.06703885644674301,0.06703885644674301,0.9949061274528503,0.0019403317710384727,0.371111293741464,0.19359096418306482,0.20219716366697646,0.14416203335980937,0.21933534743202418,0.17397555715312724,0.1356110609478417,0.5211186021616315,0.605066180229187,0.0,1.9174267671627983,0.46051347255706787,4.91796875,11.12238002062395,,,,,
gated_l1_coefficient=0.0005_seed=0,0,gated,Gated,l1_coefficient,0.0005,0.3487493505218424,1.3225550953610754,0.07757847756147385,0.07757847756147385,0.9936521649360657,0.002347778994590044,0.36823772364479623,0.20740274550636956,0.2163821223323393,0.1717171717171717,0.2242462311557789,0.19449741214927815,0.16375829463437114,0.5748732932510036,0.5863192081451416,0.0,11.36604550800025,0.4441116154193878,4.060546875,11.159979216698957,,,,,
gated_l1_coefficient=0.001_seed=1,1,gated,Gated,l1_coefficient,0.001,0.3509355293492433,1.3594781751130511,0.06853500753641129,0.06853500753641129,0.9946860074996948,0.001929005142301321,0.36829143236693085,0.19804998451811512,0.20730861818826757,0.16498921639108555,0.28090575275397794,0.20788043478260868,0.17335670068785444,0.5718693442316869,0.6324262619018555,0.0,2.8544973801031683,0.4686945676803589,5.43359375,11.229936939175786,,,,,
gated_l1_coefficient=0.0007_seed=0,0,gated,Gated,l1_coefficient,0.0007,0.3515236533811503,1.3330964402829133,0.06933335214853287,0.06933335214853287,0.9949297904968262,0.0018752492032945156,0.3683394062985599,0.20471402828287133,0.21463517891951428,0.18465326220763234,0.28266331658291455,0.22338049143708116,0.16752393298088258,0.5830071250995378,0.6115860939025879,0.0,10.770923952404148,0.4583472013473511,4.759765625,11.24875690819681,,,,,
gated_l1_coefficient=0.001_seed=3,3,gated,Gated,l1_coefficient,0.001,0.3532991252048987,1.4137294076141622,0.06656710803508759,0.06656710803508759,0.9949772357940674,0.001931354170665145,0.3704577440084904,0.19175404718798236,0.2036300590260882,0.1677310924369748,0.29614243323442135,0.21416309012875537,0.16341672992250345,0.5722400219801383,0.6141582131385803,0.0,4.481540144339901,0.4509389400482178,5.810546875,11.305572006556758,,,,,
gated_l1_coefficient=0.001_seed=0,0,gated,Gated,l1_coefficient,0.001,0.3541279262064734,1.3554735685635693,0.0910785049200058,0.0910785049200058,0.9912506341934204,0.003235984593629837,0.37063177724277807,0.20506169101549923,0.21585971816537297,0.1793664383561644,0.26319095477386933,0.21334012219959264,0.16845984813717416,0.5778694250389318,0.6168272495269775,0.0,-4.865697639199803,0.46793556213378906,4.5625,11.332093638607148,,,,,
gated_l1_coefficient=0.0007_seed=1,1,gated,Gated,l1_coefficient,0.0007,0.3631714120993479,1.4592995976380418,0.053825028240680695,0.053825028240680695,0.9967223405838013,0.0011898083612322807,0.38874418966094026,0.20197914259423216,0.21260825839507105,0.11793103448275861,0.20930232558139536,0.15086016762240848,0.12152230550605926,0.4767045827023214,0.5917344093322754,0.0,1.6671472492576394,0.4498756527900696,5.6640625,11.621485187179132,,,,,
gated_l1_coefficient=0.0005_seed=3,3,gated,Gated,l1_coefficient,0.0005,0.36364711090868695,1.3770266299269203,0.06247612088918686,0.06247612088918686,0.9955756068229675,0.0017012597527354956,0.38252699083159314,0.20236797834530224,0.2126421313065992,0.15730728985001743,0.26765578635014836,0.19815465729349735,0.16527251877430485,0.5382099914748233,0.6168270111083984,0.0,3.0584370276751427,0.45196664333343506,5.599609375,11.636707549077983,,,,,
gated_l1_coefficient=0.0007_seed=2,2,gated,Gated,l1_coefficient,0.0007,0.3644101382380569,1.3883332530019274,0.07429447770118713,0.07429447770118713,0.9940887689590454,0.002331000752747059,0.381593343321768,0.19408031772757953,0.20585804201378088,0.14857142857142858,0.3172666259914582,0.20237400272426542,0.14896631145405198,0.549566403519171,0.6083511114120483,0.0,4.295637059901947,0.45743921399116516,6.8359375,11.66112442361782,,,,,
gated_l1_coefficient=0.0005_seed=2,2,gated,Gated,l1_coefficient,0.0005,0.3692685080089291,1.3382651313720009,0.06764250993728638,0.06764250993728638,0.9950999021530151,0.001932274317368865,0.38470728226212714,0.20702207129529188,0.21606071029035306,0.16062544420753375,0.27577791336180596,0.20300920727599372,0.15992346500019375,0.5701630794484476,0.6188499331474304,0.0,1.77516935648623,0.45151352882385254,5.49609375,11.81659225628573,,,,,
gated_l1_coefficient=0.0005_seed=4,4,gated,Gated,l1_coefficient,0.0005,0.3802756890260639,1.4362082465217922,0.054926127195358276,0.054926127195358276,0.9965805411338806,0.0013025091029703617,0.39511980947014536,0.18504606632733067,0.1962503311619917,0.12444340285915163,0.32084592145015106,0.17933130699088148,0.15069509713607873,0.5429956808802906,0.6226893663406372,0.0,2.9253977383215473,0.4777993857860565,8.333984375,12.168822048834045,,,,,
gated_l1_coefficient=0.0003_seed=0,0,gated,Gated,l1_coefficient,0.0003,0.38136858341093216,1.4173617447026414,0.07938314229249954,0.07938314229249954,0.9933533668518066,0.002458279486745596,0.39527567144628506,0.20263113868688404,0.21293254841456244,0.13576072821846555,0.3278894472361809,0.1920176567960272,0.15470879488381895,0.5413581946033575,0.5988777875900269,0.0,5.920292502412123,0.47108888626098633,7.509765625,12.20379466914983,,,,,
gated_l1_coefficient=0.0007_seed=4,4,gated,Gated,l1_coefficient,0.0007,0.38212064491871267,1.4865440049089271,0.06664415448904037,0.06664415448904037,0.9949659109115601,0.0019175506895408034,0.396803304671165,0.18686652813728843,0.19905853327728174,0.13510223953261927,0.33534743202416917,0.19260801665799063,0.14184313869815862,0.5347280238606904,0.6083899736404419,0.0,1.7463454019349833,0.481282114982605,8.0234375,12.227860637398805,,,,,
gated_l1_coefficient=0.0003_seed=3,3,gated,Gated,l1_coefficient,0.0003,0.38343558111409237,1.4456620897767283,0.0628657341003418,0.0628657341003418,0.9955202341079712,0.0017225448973476887,0.39766349545617885,0.19771036154922034,0.20754715383876743,0.1420807453416149,0.3258160237388724,0.19787349071904847,0.1511506494966574,0.5537689335938596,0.5869245529174805,0.0,4.946093935170923,0.48133721947669983,7.546875,12.269938595650956,,,,,
gated_l1_coefficient=0.0003_seed=2,2,gated,Gated,l1_coefficient,0.0003,0.38590240219542693,1.3254288318941814,0.07438727468252182,0.07438727468252182,0.9940739870071411,0.0023368275724351406,0.4005033502813262,0.20981570918491677,0.21995360918668566,0.14348850913376546,0.29713239780353873,0.19352274985098353,0.14522540221329192,0.555875426277633,0.6184184551239014,0.0,1.7740438133536,0.4609764814376831,6.62890625,12.348876870253662,,,,,
gated_l1_coefficient=0.0_seed=0,0,gated,Gated,l1_coefficient,0.0,0.38658864422748707,1.342388778482363,0.06708905845880508,0.06708905845880508,0.9952526688575745,0.0017558119725435972,0.3988157454607233,0.20963945011587004,0.2215494674870992,0.1607565011820331,0.3417085427135678,0.2186495176848875,0.1713608246640993,0.5584804005832298,0.616093635559082,0.0,10.855280201625497,0.44366514682769775,6.609375,12.370836615279586,,,,,
gated_l1_coefficient=0.0007_seed=3,3,gated,Gated,l1_coefficient,0.0007,0.3873767511012387,1.372231366356156,0.0772939920425415,0.0772939920425415,0.993228018283844,0.002603958360850811,0.3959190093220526,0.20041078143094884,0.213836151532536,0.17076962943767815,0.3910979228486647,0.23773448773448774,0.17656875958046048,0.5762644585321717,0.6072205305099487,0.0,1.9331957525033,0.46174854040145874,7.537109375,12.396056035239639,,,,,
gated_l1_coefficient=0.0003_seed=4,4,gated,Gated,l1_coefficient,0.0003,0.38810629177185163,1.401895675865904,0.05240291357040405,0.05240291357040405,0.9968875050544739,0.0011855876073241234,0.4001873666173985,0.19815724468043036,0.21091232720279035,0.14601889338731444,0.3268882175226586,0.20186567164179103,0.15029145931366944,0.5543170582973476,0.6030274629592896,0.0,1.9667249672689517,0.45502403378486633,7.236328125,12.419401336699252,,,,,
gated_l1_coefficient=0.0005_seed=1,1,gated,Gated,l1_coefficient,0.0005,0.3883800756438424,1.395614465779068,0.06609021127223969,0.06609021127223969,0.9950583577156067,0.0017938362434506416,0.396316702363618,0.20334323931655726,0.21591438383657857,0.15901262916188288,0.3390452876376989,0.21649081672528334,0.17256159060569976,0.6006865132875546,0.6040868759155273,0.03125,2.8370152102370145,0.465724378824234,6.8046875,12.428162420602957,,,,,
gated_l1_coefficient=0.0003_seed=1,1,gated,Gated,l1_coefficient,0.0003,0.38920347090663654,1.4191205878630597,0.06094301864504814,0.06094301864504814,0.9957981109619141,0.0015253039309754968,0.4021992174799607,0.20480277940012626,0.21295937033101398,0.138427734375,0.34700122399020805,0.19790575916230366,0.16993046261013656,0.5446731946144431,0.6142964363098145,0.0,3.1747328510621324,0.49338042736053467,8.0,12.45451106901237,,,,,
gated_l1_coefficient=5e-05_seed=2,2,gated,Gated,l1_coefficient,5e-05,0.3892059381083328,1.399416424914593,0.0655553862452507,0.0655553862452507,0.9953976273536682,0.0018148726085200906,0.40399407281195465,0.212178647374783,0.22253149402522926,0.14407036700030332,0.28981086028065894,0.19246353322528365,0.15375223474608735,0.5333969943793317,0.6003333330154419,0.0,4.545813775374051,0.459048867225647,6.439453125,12.45459001946665,,,,,
gated_l1_coefficient=0.0001_seed=0,0,gated,Gated,l1_coefficient,0.0001,0.39172179679840724,1.4218201244916924,0.06849437206983566,0.06849437206983566,0.9950517416000366,0.001830140594393015,0.4032351902287985,0.2118714513377905,0.22299169551101516,0.1442704039571311,0.3297738693467337,0.20072643853947622,0.16291313405616634,0.5530203282842009,0.6008073091506958,0.0,8.606395677671266,0.4615202248096466,7.107421875,12.535097497549032,,,,,
gated_l1_coefficient=2e-05_seed=0,0,gated,Gated,l1_coefficient,2e-05,0.39193312506171196,1.3992126934545517,0.06211945787072182,0.06211945787072182,0.9959299564361572,0.0015053239185363054,0.4067697872940812,0.2118382542295857,0.2221360875742841,0.12923561859732072,0.30904522613065327,0.18225597332839413,0.1392433742392111,0.5469686350899984,0.5770692229270935,0.0,12.89780639457225,0.4612882137298584,7.435546875,12.541860001974783,,,,,
gated_l1_coefficient=1e-05_seed=0,0,gated,Gated,l1_coefficient,1e-05,0.39232129932561577,1.431359581927224,0.07339514046907425,0.07339514046907425,0.9943183064460754,0.0021014027297496796,0.4059344787892627,0.21273169640337694,0.22232836883014406,0.1381229445990387,0.34296482412060303,0.1969341749323715,0.15898022037682608,0.5386157905536335,0.5880334377288818,0.0,9.373975856055972,0.4744884967803955,7.720703125,12.554281578419705,,,,,
gated_l1_coefficient=5e-05_seed=0,0,gated,Gated,l1_coefficient,5e-05,0.3923378726628357,1.390805067538679,0.08126500993967056,0.08126500993967056,0.9930345416069031,0.0025762133300304413,0.40302394799908825,0.21134537394859063,0.22165196146142413,0.1427755568246716,0.314070351758794,0.19630938358853553,0.15392797017744672,0.5731207883318703,0.5983545780181885,0.0,19.954405173107823,0.4637109935283661,6.83984375,12.554811925210743,,,,,
gated_l1_coefficient=0.0002_seed=2,2,gated,Gated,l1_coefficient,0.0002,0.39285036316570654,1.2742311355541414,0.06327725201845169,0.06327725201845169,0.9957119822502136,0.0016909257974475622,0.39933125765421096,0.20539782092640424,0.21511368976024597,0.1420469193091003,0.3361805979255644,0.19971003986951796,0.1825646024472371,0.5987151930593115,0.656247615814209,0.0,4.852241956649994,0.4738771915435791,7.576171875,12.57121162130261,,,,,
gated_l1_coefficient=0.0002_seed=0,0,gated,Gated,l1_coefficient,0.0002,0.39382701317140345,1.3573643140623572,0.0791541114449501,0.0791541114449501,0.9933916926383972,0.002444115001708269,0.4006822682293887,0.2125125423659173,0.22301768696872748,0.1665290393614093,0.3800251256281407,0.23157894736842105,0.19062137280954305,0.5940624142209153,0.6070053577423096,0.0,11.171361096776796,0.4716889262199402,7.095703125,12.60246442148491,,,,,
gated_l1_coefficient=1e-05_seed=2,2,gated,Gated,l1_coefficient,1e-05,0.3983259745546093,1.383356268990623,0.06484204530715942,0.06484204530715942,0.9954972863197327,0.0017755904700607061,0.407259908226024,0.21533747976976225,0.22399006031615376,0.16240698802976383,0.3062843197071385,0.21226215644820295,0.16679512829653975,0.5793267528873501,0.6229088306427002,0.0,3.4728914203343417,0.48456764221191406,6.037109375,12.746431185747497,,,,,
gated_l1_coefficient=3e-06_seed=3,3,gated,Gated,l1_coefficient,3e-06,0.3983877204024111,1.4176608405716606,0.060113973915576935,0.060113973915576935,0.9959038496017456,0.0015750466845929623,0.4116927363946843,0.21492648421172084,0.22392906932265438,0.14066496163682865,0.26112759643916916,0.18283814668605863,0.14755251399054964,0.5465140142560012,0.5939471125602722,0.0,4.339449979547817,0.48566895723342896,6.109375,12.748407052877155,,,,,
gated_l1_coefficient=0.0002_seed=4,4,gated,Gated,l1_coefficient,0.0002,0.3994617946033827,1.5111302571805174,0.058967821300029755,0.058967821300029755,0.9960588216781616,0.00150124984793365,0.410169798405434,0.19407034270454995,0.20389238415186883,0.12340524240315472,0.3214501510574018,0.178343949044586,0.14084292870160509,0.5518609832955886,0.6043140888214111,0.0,2.778618327083437,0.505151093006134,8.419921875,12.782777427308247,,,,,
gated_l1_coefficient=3e-06_seed=0,0,gated,Gated,l1_coefficient,3e-06,0.3995837610953572,1.3788821010499248,0.0643242672085762,0.0643242672085762,0.9956359267234802,0.0016140774823725224,0.40875923502022715,0.20566746508392722,0.217097588100989,0.14133663366336632,0.3586683417085427,0.20276988636363638,0.15682311435196497,0.5623695478474036,0.6328420639038086,0.0,15.390618384817365,0.4593488574028015,7.890625,12.78668035505143,,,,,
gated_l1_coefficient=0.0002_seed=3,3,gated,Gated,l1_coefficient,0.0002,0.40223943912795335,1.3915301775944158,0.06406023353338242,0.06406023353338242,0.9953483939170837,0.0017886259593069553,0.41150108588911394,0.2035088816416132,0.2153043354609317,0.1558815823945507,0.35311572700296734,0.2162849872773537,0.15154022378760618,0.5683428473605766,0.6132085919380188,0.0,1.517166703028492,0.4572638273239136,7.455078125,12.871662052094507,,,,,
gated_l1_coefficient=3e-06_seed=4,4,gated,Gated,l1_coefficient,3e-06,0.40263993775542417,1.4659311522910192,0.04919564723968506,0.04919564723968506,0.997256875038147,0.0010449034161865711,0.4168779088670078,0.19386279351894078,0.2070310535070674,0.11636281791582265,0.31238670694864046,0.16956379140701872,0.1300259096798603,0.5143988707154166,0.594201922416687,0.0,1.8172627331696487,0.45194000005722046,8.677734375,12.884478008173573,,,,,
gated_l1_coefficient=0.0002_seed=1,1,gated,Gated,l1_coefficient,0.0002,0.40309677577363345,1.3871881944642381,0.06269647926092148,0.06269647926092148,0.9955528378486633,0.0016143391840159893,0.40911417595702915,0.20675613217394706,0.21921528510188637,0.16236256711838404,0.38861689106487146,0.22903516681695224,0.16784450611811108,0.5876778208825176,0.597219705581665,0.0,2.3084767246738283,0.4783530533313751,7.638671875,12.89909682475627,,,,,
gated_l1_coefficient=1e-05_seed=4,4,gated,Gated,l1_coefficient,1e-05,0.40483651304570856,1.4837368803581437,0.05724816024303436,0.05724816024303436,0.9962853193283081,0.001414965488947928,0.4182952770950834,0.19823547344924333,0.2105050928930196,0.12533753375337534,0.3365558912386707,0.18265289391703557,0.1329254279643633,0.5167018063917721,0.5900726318359375,0.0,2.4976104577181166,0.47276872396469116,8.6796875,12.954768417462674,,,,,
gated_l1_coefficient=0.0001_seed=3,3,gated,Gated,l1_coefficient,0.0001,0.405849554147494,1.4516476842942514,0.06001994013786316,0.06001994013786316,0.9959166646003723,0.001570122898556292,0.4170468397140894,0.20187685631089972,0.212724833286617,0.1360680340170085,0.3228486646884273,0.191448178778814,0.1354708704888155,0.5497141350579371,0.6182138919830322,0.0,4.134574194742438,0.4791538715362549,7.80859375,12.987185732719809,,,,,
gated_l1_coefficient=5e-05_seed=1,1,gated,Gated,l1_coefficient,5e-05,0.40668092868227745,1.5178549689605005,0.06606777012348175,0.06606777012348175,0.9950616955757141,0.0017926181899383664,0.41406354178869265,0.20563550070904696,0.21706051308098273,0.1375598086124402,0.3518971848225214,0.1977984176126591,0.14767173685567203,0.5722657925855237,0.6121199131011963,0.0,1.9275466122215197,0.48029956221580505,8.1640625,13.013789717832879,,,,,
gated_l1_coefficient=5e-05_seed=3,3,gated,Gated,l1_coefficient,5e-05,0.40682050689645166,1.4295129323151785,0.07853462547063828,0.07853462547063828,0.9930088520050049,0.002688220702111721,0.41909066431628617,0.21011166386132754,0.21753906787644384,0.14112203585887798,0.28961424332344216,0.1897725063192689,0.14067901600119065,0.5442667429484596,0.5786061882972717,0.0,4.815615073282808,0.5046085119247437,6.75390625,13.018256220686453,,,,,
gated_l1_coefficient=0.0001_seed=4,4,gated,Gated,l1_coefficient,0.0001,0.4083424054782441,1.5568830910253133,0.05519651621580124,0.05519651621580124,0.9965468049049377,0.0013153644977137446,0.4186895158754069,0.19165959574048155,0.2044081119056701,0.13298097251585625,0.38006042296072506,0.19702427564604544,0.13621123155739867,0.5396234569407947,0.6050893068313599,0.03125,1.6939165469037354,0.4946374297142029,9.23828125,13.06695697530381,,,,,
gated_l1_coefficient=1e-06_seed=1,1,gated,Gated,l1_coefficient,1e-06,0.40837779048462153,1.3857419385544414,0.058197248727083206,0.058197248727083206,0.9961681962013245,0.001390955876559019,0.4146666020651537,0.20977372751251971,0.22162678172240893,0.16037977931742367,0.3824969400244798,0.225998915205207,0.1781816504237544,0.5729588822272473,0.6190162301063538,0.0,2.398618462384188,0.47384944558143616,7.611328125,13.068089295507889,,,,,
gated_l1_coefficient=1e-06_seed=0,0,gated,Gated,l1_coefficient,1e-06,0.4088162490211289,1.378629271312629,0.0695471316576004,0.0695471316576004,0.9948984384536743,0.001886831596493721,0.4137670485069975,0.21503577291890602,0.226987415035663,0.16494312306101344,0.4007537688442211,0.2336996336996337,0.18060837703883748,0.5828620013262635,0.6161280870437622,0.0,-2.6231639363786052,0.4699946641921997,7.5546875,13.082119968676125,,,,,
gated_l1_coefficient=1e-06_seed=3,3,gated,Gated,l1_coefficient,1e-06,0.4097920419565071,1.5298307539976208,0.071743443608284,0.071743443608284,0.9941656589508057,0.002243401249870658,0.4242205154825456,0.2010839093511364,0.2111487364274082,0.11711497262556535,0.29198813056379824,0.1671763506625892,0.12250394974851553,0.5109115398350641,0.6053251028060913,0.0,3.6902885693086196,0.49853527545928955,8.205078125,13.113345342608227,,,,,
gated_l1_coefficient=1e-05_seed=1,1,gated,Gated,l1_coefficient,1e-05,0.4105864676594706,1.515363509658138,0.06513956189155579,0.06513956189155579,0.9951995015144348,0.001742601627483964,0.41974909042897934,0.20262391808183122,0.2144438402887573,0.12470252260828177,0.32068543451652387,0.17957505140507196,0.13634969803047017,0.5533442524324212,0.574702799320221,0.0,3.5714491350393263,0.4975610375404358,8.20703125,13.13876696510306,,,,,
gated_l1_coefficient=1e-06_seed=4,4,gated,Gated,l1_coefficient,1e-06,0.41085899562335726,1.4914954991654858,0.05900830030441284,0.05900830030441284,0.9960533976554871,0.001503311563283205,0.42210285431974626,0.20975499460055386,0.2181112830534638,0.12234471632159183,0.27492447129909364,0.16933382954968365,0.13749348565528574,0.5343289303897054,0.5848098993301392,0.0,1.8121354444108115,0.49977171421051025,7.263671875,13.147487859947432,,,,,
gated_l1_coefficient=2e-05_seed=1,1,gated,Gated,l1_coefficient,2e-05,0.41449296357174603,1.4117191330883783,0.05822514742612839,0.05822514742612839,0.9961645603179932,0.001392289879731834,0.4201865966624325,0.1997222902823096,0.21297958033492015,0.14014251781472684,0.39718482252141984,0.2071827613727055,0.1497689274764876,0.5652862062527229,0.5968247056007385,0.0,2.3777331719292922,0.46721798181533813,9.044921875,13.263774834295873,,,,,
gated_l1_coefficient=0.0001_seed=2,2,gated,Gated,l1_coefficient,0.0001,0.41574762800735243,1.3902415158922075,0.06168387830257416,0.06168387830257416,0.9959251880645752,0.0016068401746451855,0.4197410223420093,0.20544073357162934,0.2182969431560034,0.13785922532278216,0.40390482001220257,0.20555814314547427,0.1607314426632659,0.5808602041084443,0.6246472597122192,0.0,4.6323700250431035,0.47690877318382263,9.37890625,13.303924096235278,,,,,
gated_l1_coefficient=0.0_seed=1,1,gated,Gated,l1_coefficient,0.0,0.4162608403877357,1.4188765817057523,0.060769837349653244,0.060769837349653244,0.9958219528198242,0.0015166474040597677,0.42145632206904793,0.2143348016320738,0.22356584570463567,0.1427172582619339,0.3567931456548348,0.2038817975170484,0.1734917115315092,0.5770173433188805,0.5997285842895508,0.0,2.5340401981554757,0.501575231552124,7.978515625,13.320346892407542,,,,,
gated_l1_coefficient=0.0001_seed=1,1,gated,Gated,l1_coefficient,0.0001,0.416386396976975,1.4766455514205874,0.05737883597612381,0.05737883597612381,0.9962752461433411,0.0013521097134798765,0.426145157770236,0.20222098620678772,0.21493833941728482,0.12510897994768963,0.35128518971848227,0.18450658952105434,0.1373031358832684,0.5241003049602722,0.5925591588020325,0.0,1.7491303612201194,0.47440779209136963,8.9609375,13.3243647032632,,,,,
gated_l1_coefficient=2e-05_seed=4,4,gated,Gated,l1_coefficient,2e-05,0.4199930059602437,1.524593245004817,0.05235116928815842,0.05235116928815842,0.9968936443328857,0.0011832473101094365,0.4273540522441479,0.1960685306762063,0.20692028496444012,0.1197339246119734,0.32628398791540786,0.1751824817518248,0.14152971328433375,0.5431756903525301,0.6254088878631592,0.0,1.019695188641705,0.49560296535491943,8.80859375,13.439776190727798,,,,,
gated_l1_coefficient=2e-05_seed=2,2,gated,Gated,l1_coefficient,2e-05,0.42112589419092217,1.4530444863831653,0.06262611597776413,0.06262611597776413,0.9957997798919678,0.0016563052777200937,0.4265799385491249,0.21504146974430854,0.22448994557712204,0.13731128684399713,0.34960341671751066,0.19717825189263594,0.16097941262387755,0.5686676345131834,0.6197527647018433,0.0,4.059269155333552,0.5109261870384216,8.150390625,13.47602861410951,,,,,
gated_l1_coefficient=2e-05_seed=3,3,gated,Gated,l1_coefficient,2e-05,0.42352918465904565,1.5397779301843821,0.06307848542928696,0.06307848542928696,0.9954898953437805,0.0017342233331874013,0.42856592458282705,0.19458620337516347,0.20519545467895237,0.125533211456429,0.36676557863501486,0.18704600484261502,0.1542687412515672,0.5498147495045486,0.60378098487854,0.0,3.9255734648049505,0.5138725638389587,9.615234375,13.552933909089461,,,,,
gated_l1_coefficient=1e-05_seed=3,3,gated,Gated,l1_coefficient,1e-05,0.4241390548910502,1.468287451476262,0.07322611659765244,0.07322611659765244,0.9939220547676086,0.0023370853159576654,0.4308086090749086,0.20163170494093904,0.21353312462128693,0.12539652920320957,0.39881305637982195,0.1908006814310051,0.14812766062786276,0.5419692855425479,0.6149364113807678,0.0,4.341775335967712,0.5066142082214355,10.466796875,13.572449756513606,,,,,
gated_l1_coefficient=3e-06_seed=1,1,gated,Gated,l1_coefficient,3e-06,0.4248182000231395,1.4218170025163714,0.057677485048770905,0.057677485048770905,0.9962363243103027,0.0013662214623764157,0.4306189138713421,0.2158249267134334,0.22560092446739102,0.13960176991150441,0.38616891064871484,0.20506987325316867,0.14601161249286793,0.5655229550028007,0.5943418741226196,0.0,2.3266943089202963,0.5018804669380188,8.828125,13.594182400740465,,,,,
gated_l1_coefficient=0.0_seed=3,3,gated,Gated,l1_coefficient,0.0,0.4255631255409327,1.4908917019772316,0.06458532810211182,0.06458532810211182,0.9952718019485474,0.001818068791180849,0.4290298393239169,0.1952901649482653,0.21012760899448688,0.13282525857376157,0.4344213649851632,0.20344635908838246,0.15586483746532864,0.55557845938368,0.5933829545974731,0.0,4.052387527048936,0.49769872426986694,10.763671875,13.618020017309846,,,,,
gated_l1_coefficient=3e-06_seed=2,2,gated,Gated,l1_coefficient,3e-06,0.42890733948821236,1.4643417699949532,0.05964892730116844,0.05964892730116844,0.9961895942687988,0.0015025698812678456,0.43256830285896086,0.20741594589034898,0.21899408134152012,0.12476690964570267,0.44905430140329466,0.19527726187317593,0.16186181470735214,0.5629230992357157,0.6070995330810547,0.0,5.92314629405118,0.5155372023582458,11.521484375,13.725034863622795,,,,,
gated_l1_coefficient=0.0_seed=4,4,gated,Gated,l1_coefficient,0.0,0.4318155871877707,1.5524719949018193,0.06110820174217224,0.06110820174217224,0.9957675337791443,0.0016122106462717056,0.43939460976741884,0.20564244389427883,0.2162712732282281,0.11958928930944232,0.35891238670694864,0.17940199335548174,0.1350664577459849,0.524619638713441,0.6035466194152832,0.0,1.1155364526909657,0.49665504693984985,9.701171875,13.818098790008662,,,,,
gated_l1_coefficient=0.0_seed=2,2,gated,Gated,l1_coefficient,0.0,0.4326271903104839,1.4276036847725908,0.06293623894453049,0.06293623894453049,0.995758056640625,0.0016727494075894356,0.433814567348179,0.20951500423424788,0.22130476012114397,0.13600151745068284,0.43746186699206835,0.20749529735204741,0.16015069185722203,0.5818559812107846,0.5979708433151245,0.0,4.918632853861623,0.4984363913536072,10.296875,13.844070089935485,,,,,
gated_l1_coefficient=1e-06_seed=2,2,gated,Gated,l1_coefficient,1e-06,0.433473814003122,1.3639957955295603,0.06271479278802872,0.06271479278802872,0.9957878589630127,0.0016609991434961557,0.4340366950200121,0.21411183750129537,0.22639301488858604,0.14926999346262804,0.4179377669310555,0.2199743095696853,0.17099450866855934,0.5897183376294712,0.6198373436927795,0.0,5.698510555944676,0.4910919666290283,8.962890625,13.871162048099904,,,,,
gated_l1_coefficient=5e-05_seed=4,4,gated,Gated,l1_coefficient,5e-05,0.43815842372769964,1.5379124315107995,0.04959848150610924,0.04959848150610924,0.997211754322052,0.0010620856191962957,0.4389641512199063,0.1921983822795275,0.20704622789630883,0.12844364937388192,0.43383685800604227,0.19820565907522428,0.1457853194765719,0.5591666070122059,0.5950049757957458,0.0,1.8830835186710313,0.49002498388290405,10.91796875,14.021069559286389,,,,,
l1_l1_coefficient=1.0_seed=4,4,l1,L1-ReLU,l1_coefficient,1.0,0.0235595703125,0.8231466790663649,0.6612390875816345,0.6612390875816345,0.5044198036193848,0.18877297639846802,0.09405517578125,0.0,0.022673845291137695,0.6476683937823834,0.1510574018126888,0.24497795198432143,0.18358949933221425,0.5709119584255243,0.7578785419464111,0.3125,0.10853957426622486,0.027761265635490417,0.75390625,0.75390625,0.0357666015625,0.09564208984375,0.033820390701293945,0.28011345863342285,0.0357666015625
l1_l1_coefficient=1.0_seed=1,1,l1,L1-ReLU,l1_coefficient,1.0,0.02398681640625,0.7574895954625508,0.6175883412361145,0.6175883412361145,0.568486213684082,0.15664142370224,0.08831787109375,0.0,0.02312171459197998,0.7379134860050891,0.17747858017135862,0.28613714849531324,0.21299508778548093,0.5852477646619505,0.8175296783447266,0.21875,0.1127760395185495,0.02812243439257145,0.767578125,0.767578125,0.0377197265625,0.087890625,0.03569221496582031,0.2664373517036438,0.0377197265625
l1_l1_coefficient=1.0_seed=3,3,l1,L1-ReLU,l1_coefficient,1.0,0.02435302734375,0.7804804634659844,0.6404154300689697,0.6404154300689697,0.5351115465164185,0.17875824868679047,0.0928955078125,0.0,0.02342522144317627,0.7042606516290727,0.16676557863501484,0.2696737044145873,0.20313979445379493,0.5793689108223716,0.7792749404907227,0.3125,0.13201845352051578,0.02888990193605423,0.779296875,0.779296875,0.03759765625,0.09368896484375,0.03554964065551758,0.2752293646335602,0.03759765625
l1_l1_coefficient=1.0_seed=0,0,l1,L1-ReLU,l1_coefficient,1.0,0.02532958984375,0.6585522841590068,0.58072829246521,0.58072829246521,0.6442949175834656,0.13155901432037354,0.08270263671875,0.0,0.024581313133239746,0.7855421686746988,0.20477386934673367,0.32486297957149973,0.2381290172270426,0.5993785517636859,0.9009222984313965,0.09375,0.13473555312631924,0.032337043434381485,0.810546875,0.810546875,0.0377197265625,0.0816650390625,0.036101341247558594,0.2995639741420746,0.0377197265625
l1_l1_coefficient=1.0_seed=2,2,l1,L1-ReLU,l1_coefficient,1.0,0.02734375,0.7596375559570782,0.622101366519928,0.622101366519928,0.5855371952056885,0.16343748569488525,0.09014892578125,0.0,0.026456117630004883,0.6808035714285714,0.18608907870652838,0.2922855773838045,0.20811100782475703,0.5881954379629624,0.8373129367828369,0.0625,0.2043736136233412,0.03282490372657776,0.875,0.875,0.0413818359375,0.09136962890625,0.03938436508178711,0.28231117129325867,0.0413818359375
l1_l1_coefficient=0.3_seed=0,0,l1,L1-ReLU,l1_coefficient,0.3,0.05340576171875,0.5186398675178556,0.37393760681152344,0.37393760681152344,0.8525168895721436,0.0545472651720047,0.07672119140625,0.0,0.05027449131011963,0.6914285714285714,0.3800251256281407,0.4904742602351034,0.3230019289387787,0.6808860079195328,0.9315251708030701,0.0,0.33302645344874954,0.062330618500709534,1.708984375,1.708984375,0.08575439453125,0.08697509765625,0.07796132564544678,0.2525181472301483,0.08575439453125
l1_l1_coefficient=0.3_seed=4,4,l1,L1-ReLU,l1_coefficient,0.3,0.0643310546875,0.5625810583052766,0.3482906222343445,0.3482906222343445,0.8625070452690125,0.05237286910414696,0.07855224609375,0.0,0.05951261520385742,0.674573055028463,0.429607250755287,0.5249169435215947,0.3474186631043729,0.703159929267928,0.9243844151496887,0.0625,0.4129191211094217,0.06940943747758865,2.05859375,2.05859375,0.1046142578125,0.09466552734375,0.09205794334411621,0.23902802169322968,0.1046142578125
l1_l1_coefficient=0.3_seed=1,1,l1,L1-ReLU,l1_coefficient,0.3,0.06494140625,0.5631172388109756,0.3553510010242462,0.3553510010242462,0.8571397066116333,0.05185892805457115,0.079833984375,0.0,0.060079336166381836,0.6531954887218046,0.42533659730722156,0.5151964418087472,0.33513995826811,0.7001598240773396,0.9225189685821533,0.03125,0.33737024871646587,0.06583617627620697,2.078125,2.078125,0.10467529296875,0.09930419921875,0.09205687046051025,0.2292417287826538,0.10467529296875
l1_l1_coefficient=0.3_seed=3,3,l1,L1-ReLU,l1_coefficient,0.3,0.0662841796875,0.510877596198555,0.3571031391620636,0.3571031391620636,0.8554518222808838,0.05558144673705101,0.08172607421875,0.0,0.06141161918640137,0.6593001841620626,0.42492581602373886,0.5167809455070371,0.33929673516591574,0.6998770178152574,0.9304758310317993,0.03125,0.4107011746734224,0.06928374618291855,2.12109375,2.12109375,0.10687255859375,0.0997314453125,0.09426438808441162,0.23526957631111145,0.10687255859375
l1_l1_coefficient=0.3_seed=2,2,l1,L1-ReLU,l1_coefficient,0.3,0.0677490234375,0.5391131897446231,0.3686778247356415,0.3686778247356415,0.8544349074363708,0.057401519268751144,0.08074951171875,0.0,0.06287670135498047,0.6423423423423423,0.43502135448444174,0.5187340851218625,0.3359511904959747,0.7040484866691452,0.9554395079612732,0.0,0.4616804233957895,0.06888909637928009,2.16796875,2.16796875,0.10748291015625,0.1002197265625,0.09540164470672607,0.231724351644516,0.10748291015625
l1_l1_coefficient=0.1_seed=0,0,l1,L1-ReLU,l1_coefficient,0.1,0.12945556640625,0.6558649690730052,0.23070302605628967,0.23070302605628967,0.943862795829773,0.020762577652931213,0.12249755859375,0.0,0.11135327816009521,0.40216878830740216,0.5358040201005025,0.45946673848639913,0.2605886340028041,0.7250410041010896,0.8430069088935852,0.0,0.5261111158151427,0.09751283377408981,4.142578125,4.142578125,0.22210693359375,0.19317626953125,0.17051422595977783,0.16876289248466492,0.22210693359375
l1_l1_coefficient=0.1_seed=4,4,l1,L1-ReLU,l1_coefficient,0.1,0.14678955078125,0.6936713149153146,0.19166065752506256,0.19166065752506256,0.9583646059036255,0.015859471634030342,0.1259765625,0.0,0.12268936634063721,0.414968814968815,0.6030211480362537,0.4916256157635468,0.29033506885798854,0.7537476573231713,0.8417444825172424,0.0,0.6091073561731586,0.10868247598409653,4.697265625,4.697265625,0.25506591796875,0.20556640625,0.18666064739227295,0.16535364091396332,0.25506591796875
l1_l1_coefficient=0.1_seed=3,3,l1,L1-ReLU,l1_coefficient,0.1,0.154541015625,0.7101009681282704,0.21537917852401733,0.21537917852401733,0.9474185705184937,0.02021854743361473,0.14544677734375,0.0,0.1278378963470459,0.36216429699842023,0.544213649851632,0.43490633151529523,0.24396975391546072,0.7171711150135771,0.8149956464767456,0.0,0.9905019681460331,0.110875204205513,4.9453125,4.9453125,0.265380859375,0.22991943359375,0.18978190422058105,0.1637895256280899,0.265380859375
l1_l1_coefficient=0.1_seed=1,1,l1,L1-ReLU,l1_coefficient,0.1,0.15594482421875,0.6556137399250527,0.20591191947460175,0.20591191947460175,0.952031135559082,0.017412913963198662,0.13934326171875,0.0,0.12980759143829346,0.3729941291585127,0.5832313341493268,0.45500119360229174,0.2591068049852357,0.7373105823289007,0.8288869857788086,0.0,0.6129733593184682,0.10431385040283203,4.990234375,4.990234375,0.26531982421875,0.22491455078125,0.19261324405670166,0.15505480766296387,0.26531982421875
l1_l1_coefficient=0.1_seed=2,2,l1,L1-ReLU,l1_coefficient,0.1,0.15771484375,0.680578700891448,0.21008725464344025,0.21008725464344025,0.952732503414154,0.01863926462829113,0.14141845703125,0.0,0.13133978843688965,0.3688080495356037,0.5814521049420378,0.4513379114373668,0.2563143339095441,0.7354191687816327,0.8309249877929688,0.0,1.6040915116155359,0.11263448745012283,5.046875,5.046875,0.2623291015625,0.21783447265625,0.19131875038146973,0.16818027198314667,0.2623291015625
l1_l1_coefficient=0.03_seed=0,0,l1,L1-ReLU,l1_coefficient,0.03,0.23822021484375,0.894424538809991,0.10098238289356232,0.10098238289356232,0.9892444014549255,0.0039780098013579845,0.22283935546875,0.0,0.1776336431503296,0.23622854214706637,0.5791457286432161,0.3355777979981802,0.17770430585558744,0.6888089378748801,0.7029067873954773,0.0,0.713889618180997,0.14525270462036133,7.623046875,7.623046875,0.41473388671875,0.37347412109375,0.23877274990081787,0.14197224378585815,0.41473388671875
l1_l1_coefficient=0.03_seed=1,1,l1,L1-ReLU,l1_coefficient,0.03,0.25518798828125,0.8880645400188777,0.08993340283632278,0.08993340283632278,0.9908496141433716,0.0033216243609786034,0.23504638671875,0.0,0.1833590269088745,0.23487204018177468,0.6009791921664627,0.33774720550300946,0.18094813084593192,0.6920489181171297,0.7018085718154907,0.0,0.8273546099176476,0.15218256413936615,8.166015625,8.166015625,0.44000244140625,0.39080810546875,0.241066575050354,0.13996146619319916,0.44000244140625
l1_l1_coefficient=0.03_seed=3,3,l1,L1-ReLU,l1_coefficient,0.03,0.255615234375,0.8509177566526022,0.10360147804021835,0.10360147804021835,0.9878337383270264,0.004678153432905674,0.23028564453125,0.0,0.1854078769683838,0.2507163323782235,0.6231454005934718,0.35756853396901067,0.1949900535939041,0.7048307450616857,0.7164361476898193,0.0,1.4112057194961753,0.1553715318441391,8.1796875,8.1796875,0.43536376953125,0.38330078125,0.2411402463912964,0.1451411247253418,0.43536376953125
l1_l1_coefficient=0.03_seed=2,2,l1,L1-ReLU,l1_coefficient,0.03,0.25811767578125,0.9692642852662703,0.09555469453334808,0.09555469453334808,0.9902216196060181,0.003855968127027154,0.2508544921875,0.0,0.18800723552703857,0.20785055568692362,0.5363026235509457,0.2995910020449898,0.1578575170714191,0.6545534820026685,0.6819250583648682,0.0,1.1105113844623644,0.1584223061800003,8.259765625,8.259765625,0.440673828125,0.40789794921875,0.24268531799316406,0.14418359100818634,0.440673828125
l1_l1_coefficient=0.03_seed=4,4,l1,L1-ReLU,l1_coefficient,0.03,0.259521484375,0.8854320395996897,0.08982803672552109,0.08982803672552109,0.9908542037010193,0.0034837466664612293,0.23040771484375,0.0,0.18658900260925293,0.25070555032925684,0.6441087613293052,0.3609277128830201,0.1974313485122094,0.7139003987242628,0.6765425801277161,0.0,0.8761484267039722,0.15828487277030945,8.3046875,8.3046875,0.4371337890625,0.38128662109375,0.24210906028747559,0.14595915377140045,0.4371337890625
l1_l1_coefficient=0.001_seed=0,0,l1,L1-ReLU,l1_coefficient,0.001,0.2877197265625,1.3116795543031314,0.0754411444067955,0.0754411444067955,0.9939970970153809,0.002220195485278964,0.28857421875,0.0,0.16646790504455566,0.1673737802291048,0.4956030150753769,0.2502378686964795,0.13196218059485784,0.6151284410152439,0.5775941014289856,0.0,1.1632873917336009,0.3689858019351959,9.20703125,9.20703125,0.75836181640625,0.70574951171875,0.08028519153594971,0.4798520803451538,0.75836181640625
l1_l1_coefficient=0.0003_seed=4,4,l1,L1-ReLU,l1_coefficient,0.0003,0.30584716796875,1.55292014723452,0.05938878655433655,0.05938878655433655,0.9960023164749146,0.0015227607218548656,0.299560546875,0.0,0.17888176441192627,0.17541408900419078,0.5311178247734138,0.26372637263726373,0.14052883063651583,0.6252914128959064,0.5827163457870483,0.0,1.8813884766105318,0.4715350568294525,9.787109375,9.787109375,0.82696533203125,0.7578125,0.025461554527282715,0.5554491281509399,0.82696533203125
l1_l1_coefficient=0.01_seed=0,0,l1,L1-ReLU,l1_coefficient,0.01,0.31341552734375,0.9892871449817863,0.08086659014225006,0.08086659014225006,0.9931026697158813,0.0025510145351290703,0.29583740234375,0.0,0.20529139041900635,0.1830574488802337,0.5904522613065326,0.2794707893563253,0.147881606515339,0.6534265092362842,0.6312499046325684,0.0,1.7941196701558624,0.17854124307632446,10.029296875,10.029296875,0.55126953125,0.5091552734375,0.2257843017578125,0.13349151611328125,0.55126953125
l1_l1_coefficient=0.01_seed=3,3,l1,L1-ReLU,l1_coefficient,0.01,0.31549072265625,1.0346784819682724,0.06273205578327179,0.06273205578327179,0.9955393075942993,0.0017152269138023257,0.302978515625,0.0,0.2021704912185669,0.1828206616366802,0.5608308605341247,0.2757513860519405,0.14769748461411739,0.6367321865089836,0.6486271619796753,0.0,1.395994037080625,0.19137543439865112,10.095703125,10.095703125,0.54827880859375,0.5120849609375,0.22386348247528076,0.14269787073135376,0.54827880859375
l1_l1_coefficient=0.001_seed=4,4,l1,L1-ReLU,l1_coefficient,0.001,0.3277587890625,1.30441417699627,0.057283367961645126,0.057283367961645126,0.9962807893753052,0.0014167064800858498,0.30426025390625,0.0,0.18601107597351074,0.18994413407821228,0.6163141993957704,0.29039145907473307,0.15582259114308628,0.6604892335834172,0.608864426612854,0.03125,2.129668162130852,0.3752000033855438,10.48828125,10.48828125,0.81488037109375,0.74169921875,0.03919398784637451,0.39769431948661804,0.81488037109375
l1_l1_coefficient=0.01_seed=4,4,l1,L1-ReLU,l1_coefficient,0.01,0.33056640625,1.0316327623451926,0.057384416460990906,0.057384416460990906,0.9962676167488098,0.0014217090792953968,0.31011962890625,0.0,0.20842266082763672,0.1837149187592319,0.6012084592145015,0.28143119785037474,0.15073416636695514,0.6505261523447075,0.63651442527771,0.0,0.6826315163338302,0.1905229687690735,10.578125,10.578125,0.57305908203125,0.524169921875,0.2274848222732544,0.1390831470489502,0.57305908203125
l1_l1_coefficient=1e-05_seed=1,1,l1,L1-ReLU,l1_coefficient,1e-05,0.33563232421875,1.707779946064744,0.054024722427129745,0.054024722427129745,0.9966979622840881,0.0011986532481387258,0.32928466796875,0.0,0.16882765293121338,0.1580287324968176,0.5318237454100367,0.24365624561895416,0.1307353269301083,0.6089627201626455,0.5711318254470825,0.03125,2.8596751883910105,0.5396135449409485,10.740234375,10.740234375,0.83245849609375,0.76275634765625,0.01918613910675049,0.6064307689666748,0.83245849609375
l1_l1_coefficient=0.003_seed=0,0,l1,L1-ReLU,l1_coefficient,0.003,0.33721923828125,1.0974134329462102,0.10016845911741257,0.10016845911741257,0.9894170761108398,0.003914142493158579,0.31878662109375,0.0,0.1867128610610962,0.1714027149321267,0.5948492462311558,0.2661233665870451,0.14132645156059923,0.6426788145704185,0.6219807267189026,0.0,11.117001659504615,0.29476475715637207,10.791015625,10.791015625,0.78863525390625,0.71929931640625,0.10541236400604248,0.31012240052223206,0.78863525390625
l1_l1_coefficient=0.001_seed=2,2,l1,L1-ReLU,l1_coefficient,0.001,0.33758544921875,1.2144283579726167,0.05347827821969986,0.05347827821969986,0.9969372153282166,0.0012077699648216367,0.32080078125,0.0,0.19411075115203857,0.17302476948110648,0.5838926174496645,0.2669456066945607,0.14265386209844808,0.6368428838350391,0.5974030494689941,0.0,5.388713282342137,0.32789698243141174,10.802734375,10.802734375,0.79443359375,0.72711181640625,0.08757925033569336,0.3310445547103882,0.79443359375
l1_l1_coefficient=3e-05_seed=4,4,l1,L1-ReLU,l1_coefficient,3e-05,0.33807373046875,1.763508222027165,0.05103392153978348,0.05103392153978348,0.997048020362854,0.0011244514025747776,0.3394775390625,0.0,0.17624986171722412,0.1473190106517422,0.4930513595166163,0.22685571309424518,0.12384433457823435,0.5861957184574731,0.5714951753616333,0.0,1.4222363552865758,0.5203057527542114,10.818359375,10.818359375,0.77911376953125,0.720703125,0.031337618827819824,0.5933966636657715,0.77911376953125
l1_l1_coefficient=0.01_seed=2,2,l1,L1-ReLU,l1_coefficient,0.01,0.3397216796875,1.0232026009618336,0.07439174503087997,0.07439174503087997,0.9940733313560486,0.002337108366191387,0.31610107421875,0.0,0.21424508094787598,0.18199784405318,0.6180597925564368,0.2811936155447606,0.15069355755372718,0.654638577187001,0.6607662439346313,0.0,0.8418040912984921,0.19519183039665222,10.87109375,10.87109375,0.58001708984375,0.532470703125,0.221457839012146,0.1371615082025528,0.58001708984375
l1_l1_coefficient=0.001_seed=1,1,l1,L1-ReLU,l1_coefficient,0.001,0.34326171875,1.2847525643517557,0.055365778505802155,0.055365778505802155,0.9965320229530334,0.0012589001562446356,0.3251953125,0.0,0.19611620903015137,0.1715860597439545,0.5905752753977969,0.26591347478644256,0.14216700401895874,0.6373554343090679,0.6063988208770752,0.0,2.1657951642320117,0.361495703458786,10.984375,10.984375,0.8153076171875,0.7449951171875,0.04914283752441406,0.37502798438072205,0.8153076171875
l1_l1_coefficient=3e-07_seed=2,2,l1,L1-ReLU,l1_coefficient,3e-07,0.34423828125,1.5990063889243609,0.044707298278808594,0.044707298278808594,0.9978594779968262,0.0008440850651822984,0.32769775390625,0.0,0.18717741966247559,0.16932624113475178,0.5826723611958511,0.2623986811375189,0.14040976760940388,0.6324687679156604,0.6089335083961487,0.03125,6.266901443758755,0.5223783254623413,11.015625,11.015625,0.80303955078125,0.73828125,0.02161538600921631,0.5774879455566406,0.80303955078125
l1_l1_coefficient=1e-07_seed=1,1,l1,L1-ReLU,l1_coefficient,1e-07,0.34515380859375,1.6605378652706297,0.05354302376508713,0.05354302376508713,0.9967566132545471,0.0011773734586313367,0.32708740234375,0.0,0.18931210041046143,0.17064544650751548,0.5905752753977969,0.2647825490465085,0.14161150109780596,0.6363045868514409,0.5905890464782715,0.0,3.060001981057753,0.533484935760498,11.044921875,11.044921875,0.8333740234375,0.76318359375,0.017832040786743164,0.5851666331291199,0.8333740234375
l1_l1_coefficient=1e-06_seed=2,2,l1,L1-ReLU,l1_coefficient,1e-06,0.347900390625,1.73942648017969,0.053166188299655914,0.053166188299655914,0.9969728589057922,0.001193714328110218,0.34283447265625,0.0,0.16798996925354004,0.15105263157894736,0.525320317266626,0.2346368715083799,0.1268363679075114,0.598570636761492,0.5726101994514465,0.03125,5.100171931290197,0.5335092544555664,11.1328125,11.1328125,0.75299072265625,0.6971435546875,0.04608356952667236,0.6026230454444885,0.75299072265625
l1_l1_coefficient=0.01_seed=1,1,l1,L1-ReLU,l1_coefficient,0.01,0.35076904296875,0.9782877816335227,0.06446400284767151,0.06446400284767151,0.9952985644340515,0.0017066443106159568,0.31475830078125,0.0,0.22129380702972412,0.19349225682965024,0.6805385556915544,0.30131418506977375,0.1635392925628495,0.6831506337779806,0.6402133107185364,0.0,1.3134672655969182,0.18783244490623474,11.224609375,11.224609375,0.60089111328125,0.54168701171875,0.22194278240203857,0.13038598001003265,0.60089111328125
l1_l1_coefficient=0.0003_seed=0,0,l1,L1-ReLU,l1_coefficient,0.0003,0.36474609375,1.4702778000482057,0.07673126459121704,0.07673126459121704,0.9937900304794312,0.0022967797704041004,0.3507080078125,0.0,0.178131103515625,0.15244310575635878,0.5722361809045227,0.24075052854122622,0.128798402049493,0.6149106810417692,0.5926293134689331,0.0,9.72898048585839,0.4809262752532959,11.671875,11.671875,0.8526611328125,0.783203125,0.04066777229309082,0.5254868865013123,0.8526611328125
l1_l1_coefficient=3e-05_seed=1,1,l1,L1-ReLU,l1_coefficient,3e-05,0.36651611328125,1.734772459775793,0.049808382987976074,0.049808382987976074,0.9971932768821716,0.0010188572341576219,0.35308837890625,0.0,0.1895056962966919,0.1543713572023314,0.5673194614443084,0.24270192433564602,0.13072973069920363,0.6115241375018152,0.5685730576515198,0.0,2.4242704800907067,0.556072473526001,11.728515625,11.728515625,0.8343505859375,0.7645263671875,0.019043684005737305,0.5921293497085571,0.8343505859375
l1_l1_coefficient=0.003_seed=1,1,l1,L1-ReLU,l1_coefficient,0.003,0.36767578125,1.0980399704100048,0.05136079341173172,0.05136079341173172,0.9970155954360962,0.0010833577252924442,0.3338623046875,0.0,0.21549272537231445,0.18160690571049137,0.6695226438188494,0.28571428571428575,0.1545489200220487,0.667642677841628,0.6043509244918823,0.0,1.5271890667209664,0.26134318113327026,11.765625,11.765625,0.7757568359375,0.707763671875,0.11953616142272949,0.22620707750320435,0.7757568359375
l1_l1_coefficient=3e-07_seed=1,1,l1,L1-ReLU,l1_coefficient,3e-07,0.36865234375,1.8367375952493912,0.05568358302116394,0.05568358302116394,0.9964920878410339,0.0012733939802274108,0.3656005859375,0.0,0.17710638046264648,0.13940397350993378,0.5152998776009792,0.21944227260880897,0.12017469423675901,0.581446548969981,0.5564635396003723,0.0,1.920687994602248,0.538933515548706,11.796875,11.796875,0.74591064453125,0.69293212890625,0.017793774604797363,0.5881394743919373,0.74591064453125
l1_l1_coefficient=0.001_seed=3,3,l1,L1-ReLU,l1_coefficient,0.001,0.36944580078125,1.3000756461057876,0.0704990029335022,0.0704990029335022,0.9943663477897644,0.002166249556466937,0.3482666015625,0.0,0.18456685543060303,0.16785065256897405,0.6029673590504451,0.2626001550788317,0.14204098422565808,0.6301454932540476,0.6111692786216736,0.0,3.5527907374508088,0.3747045397758484,11.822265625,11.822265625,0.82623291015625,0.747314453125,0.08068931102752686,0.37555938959121704,0.82623291015625
l1_l1_coefficient=3e-06_seed=1,1,l1,L1-ReLU,l1_coefficient,3e-06,0.37078857421875,1.8655027298767126,0.055231209844350815,0.055231209844350815,0.9965488314628601,0.001252788002602756,0.36907958984375,0.0,0.182806134223938,0.13679012345679012,0.5085679314565483,0.21559216500194575,0.11857830059885562,0.5765212538638674,0.5736236572265625,0.0,0.7217344064351796,0.5698472261428833,11.865234375,11.865234375,0.8052978515625,0.7401123046875,0.01969456672668457,0.6082521677017212,0.8052978515625
l1_l1_coefficient=3e-07_seed=3,3,l1,L1-ReLU,l1_coefficient,3e-07,0.37109375,1.7851233106022861,0.055975787341594696,0.055975787341594696,0.9964483976364136,0.0013656610390171409,0.36468505859375,0.0,0.18647241592407227,0.14720394736842105,0.5311572700296736,0.23052157115260785,0.12640622025930226,0.5892060926650171,0.5751489400863647,0.0,2.0877625386998724,0.5707541704177856,11.875,11.875,0.83099365234375,0.762451171875,0.025658726692199707,0.6095072627067566,0.83099365234375
l1_l1_coefficient=0.0003_seed=2,2,l1,L1-ReLU,l1_coefficient,0.0003,0.371337890625,1.4006784320586956,0.05386995151638985,0.05386995151638985,0.9968921542167664,0.0012255259789526463,0.35150146484375,0.0,0.18425512313842773,0.1614069690992768,0.5991458206223307,0.25430532176615306,0.13680640861139937,0.6265651110571808,0.5759948492050171,0.0,2.37558871419975,0.4202134907245636,11.8828125,11.8828125,0.82647705078125,0.757080078125,0.05194270610809326,0.4225771129131317,0.82647705078125
l1_l1_coefficient=1e-05_seed=0,0,l1,L1-ReLU,l1_coefficient,1e-05,0.373779296875,1.6726349130504174,0.08687276393175125,0.08687276393175125,0.9920400381088257,0.002944028005003929,0.36083984375,0.0,0.15654349327087402,0.1472893533638145,0.5665829145728644,0.23379989631933643,0.12556588892692253,0.6067771252150422,0.5682737231254578,0.0,6.0303704570780585,0.5257627964019775,11.9609375,11.9609375,0.78173828125,0.7203369140625,0.05612039566040039,0.5863034725189209,0.78173828125
l1_l1_coefficient=0.0003_seed=1,1,l1,L1-ReLU,l1_coefficient,0.0003,0.37799072265625,1.5780913956454579,0.053115978837013245,0.053115978837013245,0.9968081116676331,0.0011586676118895411,0.36358642578125,0.0,0.18519818782806396,0.15097690941385436,0.5722154222766218,0.23891657084451262,0.12905489019301797,0.6078704230027177,0.5930906534194946,0.0,1.631329809490734,0.44731605052948,12.095703125,12.095703125,0.76971435546875,0.71014404296875,0.03225743770599365,0.4490230083465576,0.76971435546875
l1_l1_coefficient=0.0001_seed=1,1,l1,L1-ReLU,l1_coefficient,0.0001,0.38055419921875,1.5401720675444444,0.0544416606426239,0.0544416606426239,0.9966468214988708,0.0012172259157523513,0.35675048828125,0.0,0.19327843189239502,0.16230954290296712,0.6193390452876377,0.25721184394459273,0.13848850453009653,0.6326186751861917,0.5905659794807434,0.0,2.8880559561816908,0.5024831295013428,12.177734375,12.177734375,0.9044189453125,0.8245849609375,0.04070234298706055,0.4987461566925049,0.9044189453125
l1_l1_coefficient=1e-06_seed=4,4,l1,L1-ReLU,l1_coefficient,1e-06,0.38116455078125,1.624136114796135,0.04994864761829376,0.04994864761829376,0.9971722364425659,0.0010771353263407946,0.3582763671875,0.0,0.19221389293670654,0.16253002401921537,0.6132930513595166,0.25696202531645573,0.13874103436828011,0.6291056199835129,0.5799970626831055,0.0,2.417511993647002,0.5243734121322632,12.197265625,12.197265625,0.86541748046875,0.7916259765625,0.03120124340057373,0.5143118500709534,0.86541748046875
l1_l1_coefficient=3e-06_seed=2,2,l1,L1-ReLU,l1_coefficient,3e-06,0.3828125,1.5432508877939577,0.05685463175177574,0.05685463175177574,0.9965382814407349,0.0013650893233716488,0.36676025390625,0.0,0.17603659629821777,0.15162627551020408,0.5802318486882245,0.2404247250663633,0.12997058164899578,0.6096818789049805,0.5968775749206543,0.0,3.5443160254510198,0.47826674580574036,12.25,12.25,0.80255126953125,0.740234375,0.04628431797027588,0.46746838092803955,0.80255126953125
l1_l1_coefficient=1e-06_seed=1,1,l1,L1-ReLU,l1_coefficient,1e-06,0.39031982421875,1.7305987042777653,0.051363177597522736,0.051363177597522736,0.9970152974128723,0.0010834583081305027,0.37530517578125,0.0,0.20098626613616943,0.14698983580922595,0.5752753977968176,0.23415120189313737,0.12691803470474136,0.6027224446611207,0.5432237386703491,0.0,0.5076474363537781,0.5405193567276001,12.490234375,12.490234375,0.89404296875,0.819580078125,0.027040481567382812,0.5315592885017395,0.89404296875
l1_l1_coefficient=0.0001_seed=4,4,l1,L1-ReLU,l1_coefficient,0.0001,0.39117431640625,1.6879438514540905,0.06179255247116089,0.06179255247116089,0.9956721663475037,0.0016485231462866068,0.3773193359375,0.0,0.17552030086517334,0.14682477765642066,0.5685800604229607,0.2333829365079365,0.12706074251397542,0.5986698251737996,0.5910519957542419,0.0,1.992988350429441,0.48515477776527405,12.517578125,12.517578125,0.79998779296875,0.739990234375,0.03314030170440674,0.46125325560569763,0.79998779296875
l1_l1_coefficient=3e-07_seed=4,4,l1,L1-ReLU,l1_coefficient,3e-07,0.39190673828125,1.69444695943051,0.044215407222509384,0.044215407222509384,0.9977841377258301,0.0008440536330454051,0.373779296875,0.0,0.1801837682723999,0.15200124591185174,0.5897280966767372,0.24170381376919267,0.131082276537839,0.6100246159261207,0.5764371752738953,0.03125,1.7410654152168064,0.5146292448043823,12.541015625,12.541015625,0.7738037109375,0.72296142578125,0.02229142189025879,0.49497100710868835,0.7738037109375
l1_l1_coefficient=0.0001_seed=2,2,l1,L1-ReLU,l1_coefficient,0.0001,0.40130615234375,1.5759304219525327,0.06031531095504761,0.06031531095504761,0.9961040019989014,0.0015363299753516912,0.3876953125,0.0,0.17085206508636475,0.14159695817490495,0.5680292861500915,0.22668614560506453,0.12364410969811562,0.5926277322578196,0.5989429950714111,0.0,5.60147032811634,0.48205602169036865,12.841796875,12.841796875,0.79913330078125,0.7379150390625,0.04647195339202881,0.46834293007850647,0.79913330078125
l1_l1_coefficient=0.0003_seed=3,3,l1,L1-ReLU,l1_coefficient,0.0003,0.40478515625,1.6096672159780965,0.06087425351142883,0.06087425351142883,0.9957996010780334,0.0016151387244462967,0.39288330078125,0.0,0.17060470581054688,0.14173703256936068,0.5578635014836796,0.22604304436695927,0.12454110868529988,0.5853131372307167,0.5680111050605774,0.0,1.767343218093425,0.45569849014282227,12.953125,12.953125,0.734619140625,0.67791748046875,0.04014301300048828,0.4359809160232544,0.734619140625
l1_l1_coefficient=1e-07_seed=4,4,l1,L1-ReLU,l1_coefficient,1e-07,0.408447265625,1.6836282383634529,0.052493803203105927,0.052493803203105927,0.9968767166137695,0.0011897038202732801,0.37908935546875,0.0,0.1886136531829834,0.15959354453078303,0.6453172205438067,0.25590032346951,0.13881609929208913,0.6317427300356347,0.5538079738616943,0.0,2.9594669218193697,0.5471375584602356,13.0703125,13.0703125,0.83514404296875,0.763427734375,0.020198702812194824,0.525280237197876,0.83514404296875
l1_l1_coefficient=3e-06_seed=0,0,l1,L1-ReLU,l1_coefficient,3e-06,0.40936279296875,1.7279548443532595,0.08777285367250443,0.08777285367250443,0.9918742179870605,0.003005350474268198,0.39569091796875,0.0,0.16720926761627197,0.13538094528104966,0.5703517587939698,0.21882154476442947,0.11896280712323686,0.5891577614954165,0.5900095701217651,0.0,3.4067625877348093,0.5754880309104919,13.099609375,13.099609375,0.860595703125,0.789306640625,0.03310894966125488,0.5980703234672546,0.860595703125
l1_l1_coefficient=0.0001_seed=0,0,l1,L1-ReLU,l1_coefficient,0.0001,0.41082763671875,1.7195076487518635,0.08444561064243317,0.08444561064243317,0.992478609085083,0.0027818186208605766,0.40850830078125,0.0,0.15589582920074463,0.12108156291784282,0.5119346733668342,0.1958428451279587,0.10941016676934165,0.555994378327549,0.5825706720352173,0.0,3.1092085821249267,0.5331510901451111,13.146484375,13.146484375,0.8060302734375,0.75146484375,0.04883551597595215,0.5641166567802429,0.8060302734375
l1_l1_coefficient=3e-05_seed=2,2,l1,L1-ReLU,l1_coefficient,3e-05,0.4127197265625,1.6608442210933518,0.04987022280693054,0.04987022280693054,0.9973365664482117,0.0010502965888008475,0.39385986328125,0.0,0.1813817024230957,0.1440402247855664,0.5942647956070775,0.23187715748125223,0.1261864136476421,0.6008624757960785,0.5719707012176514,0.03125,1.0270355762875338,0.5238999128341675,13.20703125,13.20703125,0.804931640625,0.74005126953125,0.021930694580078125,0.5042474269866943,0.804931640625
l1_l1_coefficient=1e-07_seed=2,2,l1,L1-ReLU,l1_coefficient,1e-07,0.4127197265625,1.5842555602267185,0.07002828270196915,0.07002828270196915,0.9947481751441956,0.002070981776341796,0.39019775390625,0.0,0.18650388717651367,0.1484767820171547,0.612568639414277,0.23901916438519225,0.12970954456360864,0.6110316916976438,0.5957291126251221,0.03125,7.362230484770084,0.5055017471313477,13.20703125,13.20703125,0.8321533203125,0.76959228515625,0.04040956497192383,0.48468536138534546,0.8321533203125
l1_l1_coefficient=1e-05_seed=4,4,l1,L1-ReLU,l1_coefficient,1e-05,0.4130859375,1.7545668703376027,0.0506904236972332,0.0506904236972332,0.9970875978469849,0.0011093653738498688,0.39166259765625,0.0,0.17371869087219238,0.14819739952718677,0.6060422960725076,0.23815742609521548,0.12960881415643102,0.6073187921397232,0.5712983012199402,0.0,2.5668901562789137,0.5355376601219177,13.21875,13.21875,0.77337646484375,0.7174072265625,0.024518609046936035,0.5018661022186279,0.77337646484375
l1_l1_coefficient=3e-06_seed=4,4,l1,L1-ReLU,l1_coefficient,3e-06,0.417724609375,1.7658943010737422,0.057074714452028275,0.057074714452028275,0.9963077902793884,0.0014064045390114188,0.40142822265625,0.0,0.18087315559387207,0.14041496201052017,0.5806646525679758,0.22614425226497237,0.12389240356868422,0.590624267352628,0.5849484205245972,0.0,2.1808155993974188,0.5571153163909912,13.3671875,13.3671875,0.80560302734375,0.7442626953125,0.01965010166168213,0.5254599452018738,0.80560302734375
l1_l1_coefficient=1e-05_seed=2,2,l1,L1-ReLU,l1_coefficient,1e-05,0.41943359375,1.5658357971725632,0.05230671539902687,0.05230671539902687,0.9970699548721313,0.0011554317316040397,0.39471435546875,0.0,0.1574704647064209,0.14871944121071012,0.6235509456985967,0.2401597932087886,0.13039283961695514,0.613403143246043,0.5908726453781128,0.0,5.032299892800517,0.5009000301361084,13.421875,13.421875,0.758056640625,0.70098876953125,0.048691511154174805,0.4683818221092224,0.758056640625
l1_l1_coefficient=3e-06_seed=3,3,l1,L1-ReLU,l1_coefficient,3e-06,0.4217529296875,1.7105410884597603,0.061148568987846375,0.061148568987846375,0.9957616329193115,0.0016297281254082918,0.39935302734375,0.0,0.19958925247192383,0.14848046309696092,0.6089020771513353,0.23874345549738216,0.1306322303648817,0.6043013685300863,0.5748629570007324,0.0,3.9717465843811093,0.5685845613479614,13.49609375,13.49609375,0.86126708984375,0.78564453125,0.021738171577453613,0.5435856580734253,0.86126708984375
l1_l1_coefficient=1e-06_seed=0,0,l1,L1-ReLU,l1_coefficient,1e-06,0.42364501953125,1.7044828511289336,0.0669718086719513,0.0669718086719513,0.9952692985534668,0.0017496803775429726,0.40765380859375,0.0,0.1846545934677124,0.13355424290448062,0.582286432160804,0.21727411227001053,0.11835520250703739,0.5878576563183684,0.5448824763298035,0.0,2.373808138402459,0.5609015226364136,13.556640625,13.556640625,0.8624267578125,0.7896728515625,0.0359797477722168,0.5607193112373352,0.8624267578125
l1_l1_coefficient=1e-07_seed=3,3,l1,L1-ReLU,l1_coefficient,1e-07,0.42559814453125,1.7156716494565867,0.05526668205857277,0.05526668205857277,0.9965378046035767,0.0013312797527760267,0.4061279296875,0.0,0.17510616779327393,0.14369711745303312,0.5946587537091989,0.23146223146223147,0.12713776049497505,0.5942203218168418,0.5820025205612183,0.0,5.3055577655649335,0.5361968278884888,13.619140625,13.619140625,0.83062744140625,0.758544921875,0.03303205966949463,0.5029134750366211,0.83062744140625
l1_l1_coefficient=3e-07_seed=0,0,l1,L1-ReLU,l1_coefficient,3e-07,0.43072509765625,1.6328135161939883,0.07845696806907654,0.07845696806907654,0.9935075640678406,0.0024012518115341663,0.41461181640625,0.0,0.17730438709259033,0.13150063766473005,0.5829145728643216,0.2145912822291594,0.11718098178572203,0.5842844903261575,0.5866763591766357,0.0,20.205726322979242,0.5452053546905518,13.783203125,13.783203125,0.8388671875,0.7645263671875,0.055498361587524414,0.5675886273384094,0.8388671875
l1_l1_coefficient=0.003_seed=3,3,l1,L1-ReLU,l1_coefficient,0.003,0.4332275390625,1.1451638729478344,0.07014792412519455,0.07014792412519455,0.9944223165512085,0.002144727623090148,0.40216064453125,0.0,0.2016894817352295,0.1545505776275007,0.6510385756676558,0.249800751451668,0.13650705980222153,0.6213897552125611,0.5914960503578186,0.0,2.0002214202782564,0.2539021968841553,13.86328125,13.86328125,0.68487548828125,0.630126953125,0.14836657047271729,0.1508723795413971,0.68487548828125
l1_l1_coefficient=0.003_seed=2,2,l1,L1-ReLU,l1_coefficient,0.003,0.4334716796875,1.161759387500995,0.06707640737295151,0.06707640737295151,0.9951816201210022,0.0019000670872628689,0.40911865234375,0.0,0.20846915245056152,0.14348070965925092,0.6217205613178768,0.2331541013614003,0.12704670422263678,0.604586967671485,0.5904744863510132,0.0,2.966750640759834,0.26298055052757263,13.87109375,13.87109375,0.69384765625,0.64544677734375,0.14832067489624023,0.15447169542312622,0.69384765625
l1_l1_coefficient=1e-07_seed=0,0,l1,L1-ReLU,l1_coefficient,1e-07,0.44580078125,1.7124886212378112,0.08093638718128204,0.08093638718128204,0.9930907487869263,0.002555420156568289,0.4287109375,0.0,0.16759777069091797,0.12814895947426067,0.5879396984924623,0.210431654676259,0.11538292309541959,0.5787183619558038,0.5825086832046509,0.0,11.763473721304981,0.5687872767448425,14.265625,14.265625,0.829345703125,0.760986328125,0.03265190124511719,0.5716253519058228,0.829345703125
l1_l1_coefficient=0.003_seed=4,4,l1,L1-ReLU,l1_coefficient,0.003,0.4495849609375,1.123546830953767,0.057002995163202286,0.057002995163202286,0.9963170886039734,0.0014028723817318678,0.40740966796875,0.0,0.21038079261779785,0.15924518055932663,0.7087613293051359,0.2600598603259062,0.14228577117116473,0.6441491485958093,0.6241158246994019,0.03125,1.2416293364053674,0.2670126259326935,14.38671875,14.38671875,0.73590087890625,0.67333984375,0.11404550075531006,0.14809195697307587,0.73590087890625
l1_l1_coefficient=1e-05_seed=3,3,l1,L1-ReLU,l1_coefficient,1e-05,0.44976806640625,1.6904935624527444,0.060497961938381195,0.060497961938381195,0.9958513379096985,0.0015952326357364655,0.4261474609375,0.0,0.19169485569000244,0.14058895372506447,0.6148367952522256,0.2288491274574774,0.12605107816243208,0.5919955797473455,0.5923407077789307,0.0,0.10697011022245347,0.56101393699646,14.392578125,14.392578125,0.8599853515625,0.78533935546875,0.022762298583984375,0.5171056985855103,0.8599853515625
l1_l1_coefficient=1e-06_seed=3,3,l1,L1-ReLU,l1_coefficient,1e-06,0.45751953125,1.7434733031414607,0.05778035521507263,0.05778035521507263,0.9962157011032104,0.001455133780837059,0.42938232421875,0.0,0.1933000087738037,0.14314300960512275,0.6367952522255192,0.23374360091493304,0.12850630453081408,0.5999133754834651,0.581750214099884,0.0,3.2044401111339296,0.5784311890602112,14.640625,14.640625,0.801025390625,0.73724365234375,0.021935462951660156,0.5302878618240356,0.801025390625
l1_l1_coefficient=3e-05_seed=3,3,l1,L1-ReLU,l1_coefficient,3e-05,0.46112060546875,1.6393872936535225,0.05718589201569557,0.05718589201569557,0.9962931871414185,0.001425346010364592,0.434326171875,0.0,0.18316328525543213,0.14056915949702184,0.6302670623145401,0.22987012987012986,0.12662101355196198,0.5942681661664544,0.5949872732162476,0.0,1.5708968852996612,0.5365891456604004,14.755859375,14.755859375,0.8040771484375,0.74041748046875,0.03218722343444824,0.4842996299266815,0.8040771484375
l1_l1_coefficient=0.0001_seed=3,3,l1,L1-ReLU,l1_coefficient,0.0001,0.559814453125,1.5492773983544088,0.051863592118024826,0.051863592118024826,0.9969510436058044,0.0011723781935870647,0.52764892578125,0.0,0.11769533157348633,0.12058438726559093,0.656379821958457,0.20373952288845906,0.1144885141131082,0.5538175046930867,0.6123392581939697,0.0,5.04735431288833,0.4531739354133606,17.9140625,17.9140625,0.706298828125,0.66046142578125,0.05462169647216797,0.25526636838912964,0.706298828125
l1_l1_coefficient=3e-05_seed=0,0,l1,L1-ReLU,l1_coefficient,3e-05,0.687744140625,1.672136938865374,0.06405060738325119,0.06405060738325119,0.9956729412078857,0.0016003729542717338,0.6435546875,0.0,0.0972137451171875,0.1027689030883919,0.7273869346733668,0.1800933125972006,0.10124201520970968,0.5219546896189982,0.5999425649642944,0.0,-0.7568304561502108,0.5309685468673706,22.0078125,22.0078125,0.81695556640625,0.75396728515625,0.06434977054595947,0.26467251777648926,0.81695556640625
topk_k=1_seed=0,0,topk,TopK,k,1.0,0.03125,0.9397566448625715,0.6756331324577332,0.6756331324577332,0.5185336470603943,0.17807236313819885,0.09765625,0.0,0.02859950065612793,0.4921875,0.15829145728643215,0.23954372623574144,0.15969618600816582,0.570357194300328,0.6643565893173218,0.5625,0.23617750735552476,0.04526836797595024,1.0,1.0,,,,,
topk_k=1_seed=1,1,topk,TopK,k,1.0,0.03125,0.9331101266772233,0.6294790506362915,0.6294790506362915,0.5517098903656006,0.16273128986358643,0.098876953125,0.0,0.02853226661682129,0.513671875,0.1609547123623011,0.24510717614165892,0.16635710810797888,0.5720366782150489,0.6649817228317261,0.5625,0.22473961424153924,0.04920708015561104,1.0,1.0,,,,,
topk_k=1_seed=2,2,topk,TopK,k,1.0,0.03125,1.01387046089774,0.7581361532211304,0.7581361532211304,0.384458065032959,0.24273017048835754,0.10699462890625,0.0,0.027709245681762695,0.388671875,0.12141549725442342,0.18503021850302184,0.1350814139719341,0.5500939812484393,0.608824610710144,0.6875,1.8579212079954928,0.04454212635755539,1.0,1.0,,,,,
topk_k=1_seed=3,3,topk,TopK,k,1.0,0.03125,0.9637124751902473,0.6790481805801392,0.6790481805801392,0.4773314595222473,0.20097577571868896,0.10491943359375,0.0,0.02822256088256836,0.466796875,0.14183976261127595,0.217569412835685,0.15446719387518545,0.5616335352957054,0.645716667175293,0.59375,0.3084674686857493,0.050271473824977875,1.0,1.0,,,,,
topk_k=1_seed=4,4,topk,TopK,k,1.0,0.03125,0.991210743994407,0.6324104070663452,0.6324104070663452,0.5466904640197754,0.17267155647277832,0.10101318359375,0.0,0.028483152389526367,0.5,0.15468277945619335,0.23627134287032764,0.16272957332184668,0.5686510509406705,0.648288905620575,0.5625,0.26053753387838857,0.05227990448474884,1.0,1.0,,,,,
topk_k=2_seed=0,0,topk,TopK,k,2.0,0.0625,0.7945794094877386,0.5078455805778503,0.5078455805778503,0.7279758453369141,0.10060928016901016,0.0960693359375,0.0,0.05551791191101074,0.5087890625,0.32726130653266333,0.39831804281345573,0.2318756256870289,0.6466282195183598,0.7515191435813904,0.375,0.3979151673502787,0.07009541988372803,2.0,2.0,,,,,
topk_k=2_seed=1,1,topk,TopK,k,2.0,0.0625,0.9099842236539247,0.5042887330055237,0.5042887330055237,0.7122899889945984,0.10444002598524094,0.1070556640625,0.0,0.05412697792053223,0.44140625,0.2766217870257038,0.34010534236267875,0.19424614036681456,0.6189210630043772,0.7222425937652588,0.4375,0.3795727967723481,0.07167132943868637,2.0,2.0,,,,,
topk_k=2_seed=2,2,topk,TopK,k,2.0,0.0625,0.9427619241599939,0.5610672831535339,0.5610672831535339,0.662873387336731,0.1329410970211029,0.10858154296875,0.0,0.053667306900024414,0.431640625,0.26967663209273945,0.3319564401051445,0.1894624720556551,0.6151028124858408,0.6963655948638916,0.4375,5.023061177968428,0.0749102532863617,2.0,2.0,,,,,
topk_k=2_seed=3,3,topk,TopK,k,2.0,0.0625,0.9174780718916303,0.5331270098686218,0.5331270098686218,0.6778289079666138,0.1238807663321495,0.10882568359375,0.0,0.0542604923248291,0.4521484375,0.2747774480712166,0.3418235511258767,0.198825154743138,0.6183057932239885,0.7068783044815063,0.4375,0.913244648008683,0.07497477531433105,2.0,2.0,,,,,
topk_k=2_seed=4,4,topk,TopK,k,2.0,0.0625,0.8919576339470396,0.4990191161632538,0.4990191161632538,0.7177517414093018,0.10751205682754517,0.10382080078125,0.0,0.05550885200500488,0.4775390625,0.29546827794561936,0.36506159014557676,0.2122646366361405,0.6295726887725246,0.7461816072463989,0.34375,0.6795438252733226,0.07348976284265518,2.0,2.0,,,,,
topk_k=3_seed=0,0,topk,TopK,k,3.0,0.09375,0.7427414745931018,0.40016666054725647,0.40016666054725647,0.8311014175415039,0.06246783956885338,0.10400390625,0.0,0.07842540740966797,0.4635416666666667,0.4472361809045226,0.45524296675191817,0.26102354219011725,0.6957651969963392,0.7914772033691406,0.28125,0.5221962934485462,0.08513252437114716,3.0,3.0,,,,,
topk_k=3_seed=1,1,topk,TopK,k,3.0,0.09375,0.9088770941201142,0.41044074296951294,0.41044074296951294,0.8094111680984497,0.06918459385633469,0.118896484375,0.0,0.07846617698669434,0.3977864583333333,0.37392900856793143,0.38548895899053626,0.2111828608300821,0.6556085720805759,0.7436223030090332,0.3125,0.4960775750772285,0.08693893253803253,3.0,3.0,,,,,
topk_k=3_seed=2,2,topk,TopK,k,3.0,0.09375,0.8218828018351683,0.40754857659339905,0.40754857659339905,0.8221220970153809,0.07014361768960953,0.11248779296875,0.0,0.08101582527160645,0.43359375,0.4063453325198292,0.4195275590551181,0.23557600355351968,0.6736711403189176,0.8108513951301575,0.21875,1.6451858848748808,0.08933515101671219,3.0,3.0,,,,,
topk_k=3_seed=3,3,topk,TopK,k,3.0,0.09375,0.8932439228104043,0.40034595131874084,0.40034595131874084,0.8183245658874512,0.06985756754875183,0.12249755859375,0.0,0.07834768295288086,0.3951822916666667,0.3602373887240356,0.37690158335920526,0.20815533525748023,0.6485179051926865,0.765471339225769,0.3125,1.1022527608755532,0.09392084926366806,3.0,3.0,,,,,
topk_k=3_seed=4,4,topk,TopK,k,3.0,0.09375,0.9590618799579003,0.4440356492996216,0.4440356492996216,0.7765231728553772,0.08512526005506516,0.12603759765625,0.0,0.07693910598754883,0.3665364583333333,0.3401812688821752,0.35286743967408335,0.19133922811241189,0.6370605577216905,0.7350015640258789,0.375,0.5941134692456902,0.09396573901176453,3.0,3.0,,,,,
topk_k=4_seed=0,0,topk,TopK,k,4.0,0.125,0.8454650738467325,0.3686426281929016,0.3686426281929016,0.8566640019416809,0.05301341786980629,0.1387939453125,0.0,0.10148835182189941,0.33349609375,0.42902010050251255,0.3752747252747253,0.19855748468907033,0.668370244951094,0.7911862730979919,0.1875,3.0281826915481105,0.09835127741098404,4.0,4.0,,,,,
topk_k=4_seed=1,1,topk,TopK,k,4.0,0.125,0.8042864618785455,0.3504464328289032,0.3504464328289032,0.8610559701919556,0.05043729394674301,0.1339111328125,0.0,0.10106134414672852,0.36328125,0.45532435740514077,0.4041281912004346,0.2197320907760863,0.6834587888720618,0.7305889129638672,0.21875,0.6003054596491911,0.1022680401802063,4.0,4.0,,,,,
topk_k=4_seed=2,2,topk,TopK,k,4.0,0.125,0.7178871295136083,0.34583306312561035,0.34583306312561035,0.8719155788421631,0.05050825700163841,0.12371826171875,0.0,0.10395050048828125,0.4052734375,0.5064063453325198,0.45023053973420124,0.2546104817509724,0.7119010363488643,0.8303611278533936,0.125,1.6987439788975713,0.10129894316196442,4.0,4.0,,,,,
topk_k=4_seed=3,3,topk,TopK,k,4.0,0.125,0.8892073670856475,0.3449113070964813,0.3449113070964813,0.8651533722877502,0.05185103416442871,0.13946533203125,0.0,0.10051631927490234,0.353515625,0.42967359050445103,0.3878917760514331,0.21055111304942506,0.6697997179000247,0.7637853026390076,0.21875,1.62519083121596,0.10776502639055252,4.0,4.0,,,,,
topk_k=4_seed=4,4,topk,TopK,k,4.0,0.125,0.7864822254848439,0.3330285847187042,0.3330285847187042,0.8742928504943848,0.04788348823785782,0.12664794921875,0.0,0.10122323036193848,0.3974609375,0.4918429003021148,0.43964353227113157,0.2468189066630476,0.7040313014647922,0.8174137473106384,0.09375,0.5467456959288925,0.10349580645561218,4.0,4.0,,,,,
topk_k=5_seed=0,0,topk,TopK,k,5.0,0.15625,0.8044140471043371,0.31878408789634705,0.31878408789634705,0.8928141593933105,0.03964312747120857,0.154052734375,0.0,0.12031269073486328,0.31796875,0.5113065326633166,0.3921001926782274,0.21006485062028896,0.6966348780136485,0.7427098751068115,0.125,2.595041361485524,0.11237340420484543,5.0,5.0,,,,,
topk_k=5_seed=1,1,topk,TopK,k,5.0,0.15625,0.8082563165066966,0.29801321029663086,0.29801321029663086,0.8995227813720703,0.03647367283701897,0.1561279296875,0.0,0.11932110786437988,0.31953125,0.5006119951040392,0.39008106819265626,0.20976586406058753,0.6912551500943925,0.7593079805374146,0.21875,0.8222827604864744,0.11313135921955109,5.0,5.0,,,,,
topk_k=5_seed=2,2,topk,TopK,k,5.0,0.15625,0.9419910272771378,0.332906574010849,0.332906574010849,0.8813116550445557,0.04680304601788521,0.17291259765625,0.0,0.11633777618408203,0.266796875,0.4167175106772422,0.3253155513217433,0.16952853898146736,0.6447100608659185,0.6852151155471802,0.21875,0.9316144280650019,0.12513822317123413,5.0,5.0,,,,,
topk_k=5_seed=3,3,topk,TopK,k,5.0,0.15625,0.9045301267079047,0.29813840985298157,0.29813840985298157,0.8992462754249573,0.03874167799949646,0.16351318359375,0.0,0.11836361885070801,0.305859375,0.4646884272997033,0.368904593639576,0.1971830228811202,0.6718979247866638,0.746782660484314,0.1875,1.0323973694558992,0.1255815178155899,5.0,5.0,,,,,
topk_k=5_seed=4,4,topk,TopK,k,5.0,0.15625,1.0413543442772315,0.3004252314567566,0.3004252314567566,0.8977013826370239,0.03896687924861908,0.17181396484375,0.0,0.1155099868774414,0.2734375,0.4229607250755287,0.33214709371293,0.1739418974815899,0.6483396197853711,0.697172999382019,0.28125,0.6902594368214998,0.1228872612118721,5.0,5.0,,,,,
topk_k=6_seed=0,0,topk,TopK,k,6.0,0.1875,0.7744474722350286,0.2801288068294525,0.2801288068294525,0.9172325134277344,0.03061189502477646,0.175537109375,0.0,0.13936758041381836,0.291015625,0.5615577889447236,0.3833619210977702,0.20602462998586685,0.707158018323092,0.7450757622718811,0.0625,0.7603810173570613,0.12293972820043564,6.0,6.0,,,,,
topk_k=6_seed=1,1,topk,TopK,k,6.0,0.1875,0.9410245516991489,0.25312528014183044,0.25312528014183044,0.9275117516517639,0.026313554495573044,0.1868896484375,0.0,0.13811874389648438,0.267578125,0.5030599755201959,0.3493412664683383,0.1841683918872399,0.67525880131942,0.7199878692626953,0.0625,1.069342007843559,0.12598024308681488,6.0,6.0,,,,,
topk_k=6_seed=2,2,topk,TopK,k,6.0,0.1875,0.8738460238721183,0.27669021487236023,0.27669021487236023,0.9180119037628174,0.03233083710074425,0.18560791015625,0.0,0.13844060897827148,0.2718098958333333,0.5094569859670531,0.35448949267671404,0.18754771591226865,0.678872270535239,0.7266530394554138,0.125,2.2127256860596964,0.13218027353286743,6.0,6.0,,,,,
topk_k=6_seed=3,3,topk,TopK,k,6.0,0.1875,0.9100592672970387,0.2620691657066345,0.2620691657066345,0.9221502542495728,0.029934663325548172,0.18182373046875,0.0,0.1320199966430664,0.2893880208333333,0.5275964391691395,0.3737649779272651,0.2012640737048714,0.6895414674245589,0.7315397262573242,0.09375,0.9354201835006584,0.13541589677333832,6.0,6.0,,,,,
topk_k=6_seed=4,4,topk,TopK,k,6.0,0.1875,1.0791990193538898,0.2796293795108795,0.2796293795108795,0.9113737344741821,0.03375890478491783,0.19696044921875,0.0,0.12453484535217285,0.244140625,0.45317220543806647,0.31732599957689867,0.16587456187452793,0.6477620141862068,0.7032774090766907,0.21875,0.6634184176836863,0.14038245379924774,6.0,6.0,,,,,
topk_k=7_seed=0,0,topk,TopK,k,7.0,0.21875,1.0160576890541317,0.25998759269714355,0.25998759269714355,0.9287065863609314,0.026368163526058197,0.222900390625,0.0,0.15787863731384277,0.21261160714285715,0.478643216080402,0.29443585780525505,0.15242428310638012,0.6439322083647008,0.6629984378814697,0.03125,1.98761465736429,0.13745476305484772,7.0,7.0,,,,,
topk_k=7_seed=1,1,topk,TopK,k,7.0,0.21875,1.0542990619429993,0.24484439194202423,0.24484439194202423,0.9321770071983337,0.024620043113827705,0.22509765625,0.0,0.14846372604370117,0.21344866071428573,0.46817625458996326,0.29321579149099275,0.15297114530170813,0.6385288052610834,0.6757319569587708,0.09375,0.853706958951996,0.1430768370628357,7.0,7.0,,,,,
topk_k=7_seed=2,2,topk,TopK,k,7.0,0.21875,1.0957768769933676,0.26068422198295593,0.26068422198295593,0.927223265171051,0.028698479756712914,0.22845458984375,0.0,0.1465134620666504,0.20647321428571427,0.4514948139109213,0.28336205246027185,0.14809219093026832,0.6293079359483396,0.665955126285553,0.0625,0.6812748493215025,0.15232089161872864,7.0,7.0,,,,,
topk_k=7_seed=3,3,topk,TopK,k,7.0,0.21875,0.9892973107665222,0.24137774109840393,0.24137774109840393,0.933958113193512,0.025394342839717865,0.22210693359375,0.0,0.14734768867492676,0.22739955357142858,0.4836795252225519,0.3093566141582843,0.16308909404474883,0.6476496816533877,0.7005623579025269,0.09375,1.0549698566260557,0.15103155374526978,7.0,7.0,,,,,
topk_k=7_seed=4,4,topk,TopK,k,7.0,0.21875,1.0140605662862048,0.24086561799049377,0.24086561799049377,0.934242308139801,0.025047961622476578,0.21319580078125,0.0,0.14960455894470215,0.24358258928571427,0.5274924471299094,0.3332697079595342,0.17621746828806106,0.6717168936715472,0.6916068196296692,0.15625,0.7915950737293391,0.15201008319854736,7.0,7.0,,,,,
topk_k=8_seed=0,0,topk,TopK,k,8.0,0.25,0.9847885587080737,0.22568492591381073,0.22568492591381073,0.9462783932685852,0.01986917108297348,0.2418212890625,0.0,0.1691117286682129,0.210693359375,0.5420854271356784,0.30344585091420534,0.15870842861769785,0.6617606692195428,0.6738881468772888,0.0,1.8303772619140057,0.14783872663974762,8.0,8.0,,,,,
topk_k=8_seed=1,1,topk,TopK,k,8.0,0.25,1.0124386525409363,0.20953603088855743,0.20953603088855743,0.9503277540206909,0.018031252548098564,0.2542724609375,0.0,0.15835952758789062,0.19091796875,0.4785801713586291,0.2729493891797557,0.1433715073248164,0.6269511026284671,0.6692712903022766,0.09375,0.5805449427589612,0.15288497507572174,8.0,8.0,,,,,
topk_k=8_seed=2,2,topk,TopK,k,8.0,0.25,0.9953483947669851,0.21342957019805908,0.21342957019805908,0.9512165784835815,0.019237052649259567,0.23907470703125,0.0,0.1593151092529297,0.221923828125,0.5546064673581452,0.31700087183958153,0.16763605440150245,0.6692327012952137,0.6276540756225586,0.0625,1.2648031689824715,0.16364634037017822,8.0,8.0,,,,,
topk_k=8_seed=3,3,topk,TopK,k,8.0,0.25,0.950854729133675,0.20599199831485748,0.20599199831485748,0.9519021511077881,0.01849452778697014,0.23748779296875,0.0,0.16681981086730957,0.230712890625,0.5608308605341247,0.3269330565646082,0.17455692461053413,0.6732312680791585,0.6389782428741455,0.0625,1.0995811182311652,0.16399171948432922,8.0,8.0,,,,,
topk_k=8_seed=4,4,topk,TopK,k,8.0,0.25,1.117134959170693,0.2214180827140808,0.2214180827140808,0.9444321990013123,0.021166495978832245,0.25616455078125,0.0,0.16203069686889648,0.189697265625,0.46948640483383686,0.27021387584767864,0.14264915443259063,0.6220743179033738,0.6449037790298462,0.0625,0.5576085135587838,0.1595226675271988,8.0,8.0,,,,,
topk_k=9_seed=0,0,topk,TopK,k,9.0,0.28125,1.0055936527337657,0.19137009978294373,0.19137009978294373,0.9613728523254395,0.014286399818956852,0.27197265625,0.0,0.17436647415161133,0.1892361111111111,0.5477386934673367,0.2812903225806451,0.14759725275683974,0.6475848686374002,0.6489816904067993,0.0,0.8017499043135367,0.16251274943351746,9.0,9.0,,,,,
topk_k=9_seed=1,1,topk,TopK,k,9.0,0.28125,1.1338513709129114,0.18259966373443604,0.18259966373443604,0.9622778296470642,0.0136933084577322,0.2841796875,0.0,0.16570258140563965,0.1720920138888889,0.48531211750305997,0.25408522909323933,0.13484890607203268,0.6133340248532249,0.635621964931488,0.0,1.004634706202243,0.16821271181106567,9.0,9.0,,,,,
topk_k=9_seed=2,2,topk,TopK,k,9.0,0.28125,1.0943048346124606,0.21112526953220367,0.21112526953220367,0.9522642493247986,0.018823906779289246,0.28228759765625,0.0,0.16495656967163086,0.1759982638888889,0.49481391092129345,0.25964462942212263,0.13762349864521897,0.6186514451181577,0.6360933780670166,0.0625,2.584887714985336,0.18137946724891663,9.0,9.0,,,,,
topk_k=9_seed=3,3,topk,TopK,k,9.0,0.28125,1.0471232351288913,0.17914775013923645,0.17914775013923645,0.9636212587356567,0.013988309539854527,0.26947021484375,0.0,0.17551183700561523,0.20377604166666666,0.5572700296735905,0.2984268234546321,0.15909050734885016,0.6538306063736345,0.6502006649971008,0.0,1.5731032616125575,0.17290475964546204,9.0,9.0,,,,,
topk_k=9_seed=4,4,topk,TopK,k,9.0,0.28125,1.090886967573162,0.18221509456634521,0.18221509456634521,0.9623672962188721,0.014334794133901596,0.27252197265625,0.0,0.15296196937561035,0.1950954861111111,0.543202416918429,0.28708286763531854,0.15211891771043135,0.6456931359492003,0.6226010322570801,0.09375,0.7450913335076148,0.17723660171031952,9.0,9.0,,,,,
topk_k=10_seed=0,0,topk,TopK,k,10.0,0.3125,1.1706408844363272,0.14928700029850006,0.14928700029850006,0.9764934778213501,0.008693980984389782,0.3243408203125,0.0,0.1845095157623291,0.1365234375,0.439070351758794,0.20828367103694878,0.11444778825769474,0.5700962899951352,0.5971674919128418,0.0,2.3782546781956664,0.17794269323349,10.0,10.0,,,,,
topk_k=10_seed=1,1,topk,TopK,k,10.0,0.3125,1.199151514760822,0.16062971949577332,0.16062971949577332,0.9708090424537659,0.010596445761620998,0.31982421875,0.0,0.1609036922454834,0.1478515625,0.46328029375764995,0.22416345869114598,0.12202454733877754,0.5837418417940792,0.5749688148498535,0.03125,1.0215962294268732,0.1907711774110794,10.0,10.0,,,,,
topk_k=10_seed=2,2,topk,TopK,k,10.0,0.3125,1.0801972108969358,0.16690418124198914,0.16690418124198914,0.9701669216156006,0.01176423765718937,0.30181884765625,0.0,0.17641186714172363,0.1771484375,0.553386211104332,0.26838289687823647,0.14270923700617755,0.63383111843789,0.5789550542831421,0.0,1.7973654195939694,0.19297170639038086,10.0,10.0,,,,,
topk_k=10_seed=3,3,topk,TopK,k,10.0,0.3125,1.1383935365696651,0.1515725553035736,0.1515725553035736,0.9739584922790527,0.01001344807446003,0.30755615234375,0.0,0.185316801071167,0.1724609375,0.5240356083086053,0.25951506245407785,0.13932586760478485,0.6178923534433698,0.6207419037818909,0.0,1.36257000155209,0.1858130544424057,10.0,10.0,,,,,
topk_k=10_seed=4,4,topk,TopK,k,10.0,0.3125,1.2023174912581136,0.15932686626911163,0.15932686626911163,0.9712276458740234,0.010959754697978497,0.32122802734375,0.0,0.15301156044006348,0.14765625,0.456797583081571,0.22317343173431733,0.12231962359563822,0.5802556725238801,0.614554762840271,0.03125,1.0510382178587319,0.19636476039886475,10.0,10.0,,,,,
topk_k=11_seed=0,0,topk,TopK,k,11.0,0.34375,1.154236589996968,0.12275980412960052,0.12275980412960052,0.9841051697731018,0.005878777708858252,0.3397216796875,0.0,0.18254876136779785,0.14719460227272727,0.5207286432160804,0.22951273532668878,0.12321826974895785,0.598013050650766,0.577103853225708,0.0,0.778269070790038,0.19324272871017456,11.0,11.0,,,,,
topk_k=11_seed=1,1,topk,TopK,k,11.0,0.34375,1.2040830053121807,0.13361068069934845,0.13361068069934845,0.9798033833503723,0.007331466302275658,0.3402099609375,0.0,0.17698931694030762,0.15021306818181818,0.5177478580171359,0.23286540049545829,0.12586819742231836,0.5966366408729746,0.577342689037323,0.03125,1.1753644489239263,0.20063665509223938,11.0,11.0,,,,,
topk_k=11_seed=2,2,topk,TopK,k,11.0,0.34375,1.1970072636230022,0.13817796111106873,0.13817796111106873,0.9795524477958679,0.008063191547989845,0.34613037109375,0.0,0.17215991020202637,0.14204545454545456,0.4881025015253203,0.22005226241232292,0.12054123778768755,0.5801990974903645,0.5845093727111816,0.0,1.608162317276688,0.20701228082180023,11.0,11.0,,,,,
topk_k=11_seed=3,3,topk,TopK,k,11.0,0.34375,1.1579310297886896,0.13628160953521729,0.13628160953521729,0.9789476990699768,0.008095004595816135,0.34185791015625,0.0,0.1849071979522705,0.15234375,0.5091988130563798,0.23452234522345222,0.12804933089530784,0.5922074070724446,0.5916513204574585,0.0,1.2293154848109757,0.20365166664123535,11.0,11.0,,,,,
topk_k=11_seed=4,4,topk,TopK,k,11.0,0.34375,1.26893188850306,0.1256387084722519,0.1256387084722519,0.9821085929870605,0.006815060041844845,0.34344482421875,0.0,0.15469861030578613,0.1473721590909091,0.5015105740181269,0.22780293673665433,0.12426270000622253,0.5877435414730461,0.5737518072128296,0.0625,0.8127394755387445,0.22186417877674103,11.0,11.0,,,,,
topk_k=12_seed=0,0,topk,TopK,k,12.0,0.375,1.255574689738309,0.1237560585141182,0.1237560585141182,0.983846127986908,0.005974582862108946,0.3868408203125,0.0,0.1640770435333252,0.11376953125,0.439070351758794,0.18071354705274045,0.1044572226366206,0.5354829855062223,0.5671681761741638,0.0,5.6539197325304995,0.2184600532054901,12.0,12.0,,,,,
topk_k=12_seed=1,1,topk,TopK,k,12.0,0.375,1.2772733636909235,0.10764936357736588,0.10764936357736588,0.9868894815444946,0.004759171977639198,0.3695068359375,0.0,0.16197705268859863,0.14029947916666666,0.5275397796817626,0.2216508099768578,0.12113269695404937,0.5847190423832542,0.6002520322799683,0.0625,1.2668980443865496,0.22385740280151367,12.0,12.0,,,,,
topk_k=12_seed=2,2,topk,TopK,k,12.0,0.375,1.1093118577769534,0.1044788807630539,0.1044788807630539,0.9883098602294922,0.004609845578670502,0.36614990234375,0.0,0.17931604385375977,0.14518229166666666,0.5442342892007321,0.2292175253758191,0.1246064430284917,0.5940228753565546,0.5739263892173767,0.0,0.47117027087260205,0.21646136045455933,12.0,12.0,,,,,
topk_k=12_seed=3,3,topk,TopK,k,12.0,0.375,1.2610616435470388,0.11539983749389648,0.11539983749389648,0.9849048852920532,0.005804341286420822,0.35406494140625,0.0,0.16955018043518066,0.1650390625,0.6017804154302671,0.2590369140375527,0.1402718654372218,0.6263885409350805,0.5724574327468872,0.0,3.110998630890731,0.2415195107460022,12.0,12.0,,,,,
topk_k=12_seed=4,4,topk,TopK,k,12.0,0.375,1.2744680176183478,0.13102318346500397,0.13102318346500397,0.9805422425270081,0.007411721628159285,0.36932373046875,0.0,0.13387370109558105,0.14225260416666666,0.5280966767371601,0.22413129888447236,0.12279158454887336,0.5851495672367992,0.6036456823348999,0.0625,1.493738569939263,0.24886637926101685,12.0,12.0,,,,,
topk_k=13_seed=0,0,topk,TopK,k,13.0,0.40625,1.3158210249624316,0.09868462383747101,0.09868462383747101,0.9897282719612122,0.0037990377750247717,0.409423828125,0.0,0.15056920051574707,0.11568509615384616,0.4836683417085427,0.18671193016488846,0.10612411705462407,0.542875274153352,0.5528839230537415,0.03125,-1.8112703050373715,0.2628912031650543,13.0,13.0,,,,,
topk_k=13_seed=1,1,topk,TopK,k,13.0,0.40625,1.2515829742599425,0.09618427604436874,0.09618427604436874,0.9895334243774414,0.0037994140293449163,0.40283203125,0.0,0.15763425827026367,0.126953125,0.5171358629130967,0.20386007237635703,0.11380875212763922,0.5615848806090907,0.554529070854187,0.03125,1.7389859948654267,0.23560580611228943,13.0,13.0,,,,,
topk_k=13_seed=2,2,topk,TopK,k,13.0,0.40625,1.3204072355781602,0.08141697198152542,0.08141697198152542,0.992901086807251,0.002799363574013114,0.41204833984375,0.0,0.1820218563079834,0.11598557692307693,0.47101891397193413,0.18613622664255575,0.10754888094746592,0.5359841941850175,0.5611633062362671,0.03125,0.7710636305017154,0.2335212230682373,13.0,13.0,,,,,
topk_k=13_seed=3,3,topk,TopK,k,13.0,0.40625,1.306997093860282,0.08657839149236679,0.08657839149236679,0.9915034174919128,0.003267093328759074,0.40130615234375,0.0,0.1624317169189453,0.1326622596153846,0.5240356083086053,0.21172521280422013,0.11846994322964222,0.5656439011677049,0.5457528829574585,0.0,1.4068575888235544,0.2486627995967865,13.0,13.0,,,,,
topk_k=13_seed=4,4,topk,TopK,k,13.0,0.40625,1.2380355502579945,0.10002264380455017,0.10002264380455017,0.9886605143547058,0.004319360479712486,0.40704345703125,0.0,0.16988921165466309,0.12334735576923077,0.4960725075528701,0.19756948622307782,0.1120925523889583,0.5499576333677175,0.558092474937439,0.03125,1.0984845971039339,0.2224724292755127,13.0,13.0,,,,,
topk_k=14_seed=0,0,topk,TopK,k,14.0,0.4375,1.305841000197926,0.09151854366064072,0.09151854366064072,0.9911658763885498,0.003267328953370452,0.4281005859375,0.0,0.152785062789917,0.12179129464285714,0.5483668341708543,0.19931506849315067,0.11067058401662329,0.5613994798220415,0.5699636936187744,0.0,0.6719637173370454,0.25740575790405273,14.0,14.0,,,,,
topk_k=14_seed=1,1,topk,TopK,k,14.0,0.4375,1.3681022624211217,0.06855572015047073,0.06855572015047073,0.994682788848877,0.0019301712745800614,0.4388427734375,0.0,0.1413438320159912,0.11244419642857142,0.49326805385556916,0.18314019541013404,0.10600223931467476,0.5309730099786321,0.5506845116615295,0.03125,1.0917053665637322,0.2643493115901947,14.0,14.0,,,,,
topk_k=14_seed=2,2,topk,TopK,k,14.0,0.4375,1.4251302403166795,0.09294362366199493,0.09294362366199493,0.9907487034797668,0.003648115321993828,0.43243408203125,0.0,0.1309053897857666,0.1201171875,0.525320317266626,0.1955262859089361,0.1105853506091748,0.5487910504610513,0.5782719850540161,0.0,3.5913132486690174,0.2854168713092804,14.0,14.0,,,,,
topk_k=14_seed=3,3,topk,TopK,k,14.0,0.4375,1.4127138461653141,0.08566688746213913,0.08566688746213913,0.9916813969612122,0.0031986632384359837,0.43316650390625,0.0,0.12891912460327148,0.12248883928571429,0.5210682492581602,0.19835084152264768,0.11308041613402131,0.5465739912866758,0.5670462846755981,0.0,1.6341541201846925,0.28905540704727173,14.0,14.0,,,,,
topk_k=14_seed=4,4,topk,TopK,k,14.0,0.4375,1.4201604378415897,0.09908517450094223,0.09908517450094223,0.9888720512390137,0.004238773137331009,0.43902587890625,0.0,0.14777112007141113,0.11369977678571429,0.49244712990936557,0.18474441799841324,0.10726065999946051,0.5305605871557827,0.5361382365226746,0.0,0.8951764143961474,0.2776496112346649,14.0,14.0,,,,,
topk_k=15_seed=0,0,topk,TopK,k,15.0,0.46875,1.2944510891035712,0.07983925193548203,0.07983925193548203,0.9932767748832703,0.002486609620973468,0.4486083984375,0.0,0.1394808292388916,0.12513020833333333,0.6036432160804021,0.20729076790336495,0.11404718498089406,0.5747055993868748,0.5516529083251953,0.0,2.031931965184321,0.2859479784965515,15.0,15.0,,,,,
topk_k=15_seed=1,1,topk,TopK,k,15.0,0.46875,1.5951464776104671,0.057270750403404236,0.057270750403404236,0.9962892532348633,0.0013470205012708902,0.4708251953125,0.0,0.10133004188537598,0.10416666666666667,0.48959608323133413,0.17178441056474125,0.10190291231576397,0.5115777026326163,0.556965708732605,0.03125,0.7131223321076374,0.3364989757537842,15.0,15.0,,,,,
topk_k=15_seed=2,2,topk,TopK,k,15.0,0.46875,1.4192718693862922,0.0703098475933075,0.0703098475933075,0.994705855846405,0.0020876694470643997,0.47503662109375,0.0,0.1542360782623291,0.1,0.4685784014643075,0.16482455199055696,0.10001946124018075,0.49990466360092284,0.5625889301300049,0.0,2.32153191650881,0.27980875968933105,15.0,15.0,,,,,
topk_k=15_seed=3,3,topk,TopK,k,15.0,0.46875,1.5668165121280264,0.08386266231536865,0.08386266231536865,0.9920281171798706,0.0030653481371700764,0.47210693359375,0.0,0.12815141677856445,0.10611979166666667,0.4836795252225519,0.17405232247730912,0.10442855638754947,0.5083204755849476,0.5647144317626953,0.0,1.8513472568148837,0.32701757550239563,15.0,15.0,,,,,
topk_k=15_seed=4,4,topk,TopK,k,15.0,0.46875,1.4554288239573028,0.07550501823425293,0.07550501823425293,0.9935382604598999,0.0024613558780401945,0.45574951171875,0.0,0.11682367324829102,0.12161458333333333,0.5643504531722054,0.20010712372790573,0.1126395928727656,0.5531712208830679,0.5687739849090576,0.0,1.85354211743556,0.3052089214324951,15.0,15.0,,,,,
topk_k=16_seed=0,0,topk,TopK,k,16.0,0.5,1.3976618414586488,0.09345318377017975,0.09345318377017975,0.990788459777832,0.003406927455216646,0.49462890625,0.0,0.13548612594604492,0.1025390625,0.5276381909547738,0.17170891251022075,0.10000196293969849,0.5153063859046448,0.5684002637863159,0.0,2.405160599578291,0.29906660318374634,16.0,16.0,,,,,
topk_k=16_seed=1,1,topk,TopK,k,16.0,0.5,1.5766755509875454,0.07698085159063339,0.07698085159063339,0.9932955503463745,0.0024337382055819035,0.498046875,0.0,0.11477208137512207,0.1016845703125,0.5097919216646267,0.16955017301038064,0.10072713265950123,0.5054383337136693,0.5727493762969971,0.0,1.137476580583793,0.336553692817688,16.0,16.0,,,,,
topk_k=16_seed=2,2,topk,TopK,k,16.0,0.5,1.3546997910628256,0.056723129004240036,0.056723129004240036,0.9965542554855347,0.0013587818248197436,0.48016357421875,0.0,0.13654732704162598,0.119873046875,0.5991458206223307,0.19977621808564744,0.11192153269667099,0.5550832528001446,0.5610510110855103,0.0,1.9562297651226939,0.29650405049324036,16.0,16.0,,,,,
topk_k=16_seed=3,3,topk,TopK,k,16.0,0.5,1.6575797148076878,0.07113374769687653,0.07113374769687653,0.9942644238471985,0.0022054335568100214,0.49444580078125,0.0,0.09924602508544922,0.1083984375,0.5270029673590505,0.17981168370962844,0.10577131775083456,0.515049208014514,0.5767633318901062,0.0,0.9925499689971433,0.3742818832397461,16.0,16.0,,,,,
topk_k=16_seed=4,4,topk,TopK,k,16.0,0.5,1.564808455303805,0.06555882841348648,0.06555882841348648,0.9951285123825073,0.0018556034192442894,0.48370361328125,0.0,0.11399698257446289,0.1173095703125,0.5806646525679758,0.19518635117294608,0.11047591932590635,0.544864202175087,0.5409414768218994,0.0,1.6032813208116174,0.3397969901561737,16.0,16.0,,,,,
vgsae_gamma=12.0_seed=2,2,vgsae,VG-SAE,gamma,12.0,0.0023170358593892796,0.9674176644629408,0.9388021230697632,0.9388021230697632,0.056131839752197266,0.37220096588134766,0.10020307485415414,0.0016031690967901354,0.0023046827728865514,0.8571428571428571,0.007321537522879805,0.014519056261343014,0.1370384717098802,0.46692900727871056,0.5730847120285034,0.0,0.010204225576215786,0.004319428466260433,0.02734375,0.07414514750045695,,,,,
vgsae_gamma=12.0_seed=4,4,vgsae,VG-SAE,gamma,12.0,0.0027202332513106466,0.9729685213833488,0.8787069916725159,0.8787069916725159,0.12484496831893921,0.3333580493927002,0.10120500208060307,0.00180674833733116,0.0027000185593237047,0.8,0.009667673716012085,0.0191044776119403,0.15914571981680542,0.5213710174493913,0.5866430997848511,0.0,0.01879075455088294,0.006340567022562027,0.0390625,0.08704746404194068,,,,,
vgsae_gamma=12.0_seed=3,3,vgsae,VG-SAE,gamma,12.0,0.003457504871912035,0.9689798928194827,0.8902586102485657,0.8902586102485657,0.10162502527236938,0.3454418182373047,0.1028104687154285,0.002170947316286926,0.0034236765078515426,0.7037037037037037,0.011275964391691394,0.02219626168224299,0.18643558052077458,0.5235353219490697,0.6153349280357361,0.0,0.018023829357020828,0.006729745771735907,0.052734375,0.11064015590118512,,,,,
vgsae_gamma=12.0_seed=0,0,vgsae,VG-SAE,gamma,12.0,0.0037966079936224265,0.9360034763718083,0.873024582862854,0.873024582862854,0.19610923528671265,0.2973223924636841,0.09673852197017885,0.002119968678144163,0.003764645671284187,0.7837837837837838,0.01821608040201005,0.03560466543891958,0.186147554800968,0.5312429720601385,0.6344635486602783,0.0,0.02509085423162191,0.009546801447868347,0.072265625,0.12149145579591766,,,,,
vgsae_gamma=12.0_seed=1,1,vgsae,VG-SAE,gamma,12.0,0.004024079414485635,0.8968652332297872,0.8299289345741272,0.8299289345741272,0.2207472324371338,0.28287220001220703,0.09838454307144986,0.001953042709203445,0.003978386256551039,0.9473684210526315,0.022031823745410038,0.0430622009569378,0.20379434759665727,0.5148488890732942,0.6331734657287598,0.0,0.030646096397482513,0.010499079711735249,0.07421875,0.12877054126354032,,,,,
vgsae_gamma=10.0_seed=2,2,vgsae,VG-SAE,gamma,10.0,0.004057330861666951,0.9577348572996262,0.9095428586006165,0.9095428586006165,0.11404931545257568,0.34936201572418213,0.10021931658890651,0.0025018911009800473,0.00401508383438349,0.7931034482758621,0.014032946918852958,0.027577937649880094,0.1491911048521293,0.483026045167688,0.565160870552063,0.0,0.02067428877223233,0.0077549172565341,0.056640625,0.12983458757334243,,,,,
vgsae_gamma=10.0_seed=4,4,vgsae,VG-SAE,gamma,10.0,0.004997107446354093,0.950813309464657,0.8350251913070679,0.8350251913070679,0.2096925973892212,0.3010384142398834,0.10123604011303969,0.002978474263745446,0.004921380810704503,0.7,0.016918429003021148,0.03303834808259588,0.17758709782420712,0.5269979338703124,0.6025140285491943,0.0,0.025749060700785534,0.010682088322937489,0.078125,0.15990743828333098,,,,,
vgsae_gamma=10.0_seed=3,3,vgsae,VG-SAE,gamma,10.0,0.00519533775862398,0.945545700783457,0.8680194616317749,0.8680194616317749,0.1459483504295349,0.328398734331131,0.1023764017427897,0.0030159681122901407,0.005125863363365115,0.7872340425531915,0.02195845697329377,0.042725173210161664,0.1920154708671305,0.5171771106978956,0.6193896532058716,0.0,0.035200519790203694,0.010386374779045582,0.091796875,0.16625080827596736,,,,,
vgsae_gamma=9.0_seed=2,2,vgsae,VG-SAE,gamma,9.0,0.006079201161619318,0.9412878965552641,0.8661733865737915,0.8661733865737915,0.1965240240097046,0.3168392777442932,0.10062869412268642,0.0034454957774159712,0.005994985746340817,0.6415094339622641,0.020744356314826115,0.04018912529550828,0.16702441234377663,0.5006804925134651,0.6140106320381165,0.0,0.0575168756492846,0.012223320081830025,0.103515625,0.19453443717181815,,,,,
vgsae_gamma=10.0_seed=1,1,vgsae,VG-SAE,gamma,10.0,0.006288040478590814,0.9017283508886053,0.8003255724906921,0.8003255724906921,0.27534741163253784,0.2630521357059479,0.09800532254358166,0.003003302355924427,0.006196175702026263,0.8636363636363636,0.03488372093023256,0.06705882352941177,0.22717591301214193,0.5601362570794349,0.6771720051765442,0.0,0.047379180069441036,0.014431508257985115,0.12890625,0.20121729531490604,,,,,
vgsae_gamma=10.0_seed=0,0,vgsae,VG-SAE,gamma,10.0,0.0068511336183219584,0.922840035108917,0.8152499794960022,0.8152499794960022,0.2989875078201294,0.25927239656448364,0.09663966526486646,0.0033316111669358228,0.00674600384479023,0.684931506849315,0.031407035175879394,0.06006006006006006,0.211817241658106,0.5516339981410568,0.6354504823684692,0.0,0.050686173531612866,0.01606966182589531,0.142578125,0.21923627578630267,,,,,
vgsae_gamma=9.0_seed=1,1,vgsae,VG-SAE,gamma,9.0,0.009323372284828626,0.8834714958598003,0.7541809678077698,0.7541809678077698,0.3565012812614441,0.2335928976535797,0.09748247709949955,0.004477885843007937,0.00914433424951592,0.78125,0.04589963280293757,0.08670520231213873,0.2590764612122691,0.5623696657884364,0.6894739866256714,0.0,0.07306377601171231,0.019397104158997536,0.1875,0.29834791311451603,,,,,
vgsae_gamma=9.0_seed=3,3,vgsae,VG-SAE,gamma,9.0,0.00954466037307866,0.9343305404461092,0.8478668928146362,0.8478668928146362,0.1851445436477661,0.31332704424858093,0.10280925035625078,0.005032455515214165,0.009351263723775228,0.6666666666666666,0.03916913946587537,0.07399103139013452,0.2298916086032547,0.5873725033879654,0.7104748487472534,0.0,0.05667583744596515,0.019633125513792038,0.193359375,0.3054291319385171,,,,,
vgsae_gamma=9.0_seed=0,0,vgsae,VG-SAE,gamma,9.0,0.009853611982321438,0.8676644577069605,0.7801002860069275,0.7801002860069275,0.3581330180168152,0.23739716410636902,0.09524141943093523,0.004526723036666556,0.009682885524886166,0.7904761904761904,0.052135678391959796,0.09781968179139658,0.2658927502109045,0.6193639107177316,0.6681215763092041,0.0,-0.3364641422385718,0.022309711202979088,0.205078125,0.315315583434286,,,,,
vgsae_gamma=9.0_seed=4,4,vgsae,VG-SAE,gamma,9.0,0.011385420842510999,0.9370985352771708,0.7314703464508057,0.7314703464508057,0.3935566544532776,0.23100224137306213,0.09958154917763884,0.004867199217254953,0.011106981601799768,0.7,0.05498489425981873,0.10196078431372547,0.23676321468273054,0.5730029891499988,0.688258945941925,0.0,0.08109415029566444,0.024235351011157036,0.25390625,0.36433346696035196,,,,,
vgsae_gamma=8.0_seed=2,2,vgsae,VG-SAE,gamma,8.0,0.01216666686185961,0.8991508130387659,0.785167932510376,0.785167932510376,0.3397805690765381,0.2603481411933899,0.09905165933058203,0.0059995839651262525,0.011895151657341611,0.6976744186046512,0.05491153142159853,0.10180995475113122,0.23751872412794364,0.5738040692173705,0.6891794800758362,0.0,0.12831224777751996,0.02320585958659649,0.251953125,0.3893333395795075,,,,,
vgsae_gamma=8.0_seed=3,3,vgsae,VG-SAE,gamma,8.0,0.01397003161833827,0.9524118001838062,0.8367450833320618,0.8367450833320618,0.20638185739517212,0.30516090989112854,0.10275665318597638,0.0066421539472619785,0.013535095687572028,0.6490066225165563,0.058160237388724036,0.10675381263616558,0.23229820106021806,0.5763966462120296,0.702070951461792,0.0,0.13989635910526307,0.028595808893442154,0.294921875,0.44704101178682465,,,,,
vgsae_gamma=8.0_seed=1,1,vgsae,VG-SAE,gamma,8.0,0.014995037725595722,0.8175137175077791,0.656604528427124,0.656604528427124,0.5122420787811279,0.17705827951431274,0.09648816003419991,0.006353412778241802,0.014580256208695823,0.7790697674418605,0.08200734394124846,0.14839424141749724,0.304348752567536,0.6225783250005186,0.7759290933609009,0.0,0.10950211762146209,0.030292904004454613,0.3359375,0.479841207219063,,,,,
vgsae_gamma=8.0_seed=0,0,vgsae,VG-SAE,gamma,8.0,0.016680647476390253,0.8088139893652633,0.6810467839241028,0.6810467839241028,0.5107870101928711,0.18093746900558472,0.09258843623698731,0.006683790480660276,0.016253883278741468,0.7823834196891192,0.09484924623115577,0.169187675070028,0.33072369587883493,0.6354225409769235,0.7344669699668884,0.0,0.22095864779108448,0.033867690712213516,0.376953125,0.5337807192444881,,,,,
vgsae_gamma=8.0_seed=4,4,vgsae,VG-SAE,gamma,8.0,0.017073798911310056,0.9376251671321977,0.6683384776115417,0.6683384776115417,0.49372124671936035,0.19284823536872864,0.09901897031482979,0.00658779973364296,0.01647282253918473,0.6780487804878049,0.08398791540785498,0.14946236559139783,0.2689863296690466,0.6221579025204402,0.7043362259864807,0.0,0.16468260185731418,0.03371167182922363,0.400390625,0.5463615651619218,,,,,
vgsae_gamma=7.0_seed=4,4,vgsae,VG-SAE,gamma,7.0,0.021066891078269784,0.903547318267811,0.6430745124816895,0.6430745124816895,0.531273603439331,0.1785440444946289,0.1013196884521271,0.009153167288171412,0.02028835963552344,0.6331877729257642,0.08761329305135952,0.15392781316348195,0.2614703334402713,0.6210350380561274,0.7352319955825806,0.0,0.1645538220541987,0.03885342553257942,0.447265625,0.674140514504633,,,,,
vgsae_gamma=7.0_seed=2,2,vgsae,VG-SAE,gamma,7.0,0.023410137378756475,0.895764559478739,0.6366244554519653,0.6366244554519653,0.5659599304199219,0.17115752398967743,0.09968534002323583,0.00935708065384968,0.02246383857301067,0.6099290780141844,0.10494203782794387,0.1790733992712129,0.2781730428231171,0.6227845304278904,0.6898564100265503,0.0,0.25815723052013645,0.04220780357718468,0.55078125,0.7491243961202072,,,,,
vgsae_gamma=7.0_seed=1,1,vgsae,VG-SAE,gamma,7.0,0.02594265536514529,0.8650606928163722,0.5769569277763367,0.5769569277763367,0.6233974695205688,0.13670840859413147,0.09678130470697519,0.009793267681439451,0.0247926878470186,0.65625,0.12851897184822522,0.21494370522006143,0.32548354616488273,0.6565529738812936,0.7707180976867676,0.0,0.20280807151760336,0.04618183895945549,0.625,0.8301649716846493,,,,,
vgsae_gamma=7.0_seed=0,0,vgsae,VG-SAE,gamma,7.0,0.026142023791011552,0.7472514272501602,0.5636045932769775,0.5636045932769775,0.6649627685546875,0.123914934694767,0.09080873860582703,0.009404968096055837,0.025146269518534686,0.7484276729559748,0.14949748743718594,0.2492146596858639,0.37744161175689045,0.6898130627447676,0.79046231508255,0.0,0.29077040990563946,0.048520393669605255,0.62109375,0.8365447613123697,,,,,
vgsae_gamma=7.0_seed=3,3,vgsae,VG-SAE,gamma,7.0,0.027019368169591933,0.7837549602694232,0.5885555744171143,0.5885555744171143,0.6073548793792725,0.15097934007644653,0.0991100261956005,0.010993981916717157,0.025820384987770475,0.691131498470948,0.13412462908011868,0.2246520874751491,0.3476782831993716,0.670708053980539,0.7697428464889526,0.0,0.25380780490784965,0.045087967067956924,0.638671875,0.8646197814269418,,,,,
vgsae_gamma=6.0_seed=0,0,vgsae,VG-SAE,gamma,6.0,0.0331658414292062,0.7485855771283679,0.5318393111228943,0.5318393111228943,0.7016644477844238,0.11034063994884491,0.0943403839752474,0.012643947353487022,0.03161909885713279,0.68,0.1708542713567839,0.27309236947791166,0.3523428828935071,0.6871465434595911,0.7953639030456543,0.0,0.2866493130095391,0.05475404113531113,0.78125,1.061306925734598,,,,,
vgsae_gamma=6.0_seed=3,3,vgsae,VG-SAE,gamma,6.0,0.034315235866225036,0.6921594527934973,0.5315014123916626,0.5315014123916626,0.6797905564308167,0.12312646210193634,0.0971530132174604,0.013758216586193047,0.03262012182194694,0.75,0.1798219584569733,0.2900909526089037,0.38789094336645613,0.6937555452509638,0.8190244436264038,0.0,0.23844442634304452,0.05382600799202919,0.7890625,1.0980875477192014,,,,,
vgsae_gamma=6.0_seed=1,1,vgsae,VG-SAE,gamma,6.0,0.035102973804571,0.8058249749481087,0.5101320147514343,0.5101320147514343,0.7055838108062744,0.10687438398599625,0.09674793977396194,0.013495502611594119,0.03315768347420675,0.668997668997669,0.17564259485924114,0.2782355792535143,0.35791922351067307,0.673164388108624,0.8150631785392761,0.0,0.27127216288207484,0.0550069734454155,0.837890625,1.1232951617462719,,,,,
vgsae_gamma=6.0_seed=2,2,vgsae,VG-SAE,gamma,6.0,0.0354160163435539,0.8220385850102475,0.5467888712882996,0.5467888712882996,0.6798138618469238,0.12626084685325623,0.09783736612969349,0.013428982932668459,0.033527222952185964,0.6566820276497696,0.17388651616839537,0.2749638205499277,0.3339353589694935,0.656252592630753,0.7758527398109436,0.0,0.5848568516459645,0.05567653849720955,0.84765625,1.1333125229937249,,,,,
vgsae_gamma=6.0_seed=4,4,vgsae,VG-SAE,gamma,6.0,0.03868396880546847,0.9014457500426103,0.4906826317310333,0.4906826317310333,0.7271033525466919,0.10394991934299469,0.10052605526941297,0.013747316297536716,0.0363302477635009,0.6132264529058116,0.18489425981873112,0.2841225626740947,0.3140876762524276,0.6572872351008625,0.788605809211731,0.0,0.4552438553608721,0.061058491468429565,0.974609375,1.237887001774991,,,,,
vgsae_gamma=5.0_seed=0,0,vgsae,VG-SAE,gamma,5.0,0.0481741254610088,0.7405888913458887,0.45726484060287476,0.45726484060287476,0.7794638872146606,0.0815662145614624,0.09507034508334898,0.017717390497500474,0.045161910466068725,0.6569468267581475,0.24057788944723618,0.35218390804597705,0.39035774679789464,0.7090514429910505,0.8378297090530396,0.0,0.4480566487730825,0.06900639832019806,1.138671875,1.5415720147522818,,,,,
vgsae_gamma=5.0_seed=1,1,vgsae,VG-SAE,gamma,5.0,0.050449812115552536,0.7326218874627008,0.4309520721435547,0.4309520721435547,0.7898862361907959,0.07627221941947937,0.09800855261659877,0.018803966344888897,0.04684105467602509,0.6482084690553745,0.24357405140758873,0.3540925266903915,0.3976925281706244,0.7194476484866087,0.8496531248092651,0.0,0.44570555875236983,0.06668789684772491,1.19921875,1.6143939876976812,,,,,
vgsae_gamma=5.0_seed=4,4,vgsae,VG-SAE,gamma,5.0,0.05273851685150618,0.8751331502892893,0.4395521879196167,0.4395521879196167,0.7810132503509521,0.08341491222381592,0.10472976936392694,0.01813569688316336,0.048649307230258086,0.562962962962963,0.229607250755287,0.3261802575107296,0.33798293998775397,0.7025438644891318,0.7852268218994141,0.0,0.370351707218378,0.07190750539302826,1.318359375,1.6876325392481977,,,,,
vgsae_gamma=5.0_seed=2,2,vgsae,VG-SAE,gamma,5.0,0.05325052312554247,0.6886593784715116,0.45589035749435425,0.45589035749435425,0.7774210572242737,0.08777082711458206,0.09751233003454521,0.019700012465026964,0.04953112178440422,0.6600609756097561,0.26418547895057964,0.37734204793028325,0.4095645864841672,0.7207869556302992,0.8403663635253906,0.0,1.0480586302159898,0.069279745221138,1.28125,1.7040167400173591,,,,,
vgsae_gamma=5.0_seed=3,3,vgsae,VG-SAE,gamma,5.0,0.05737576266247924,0.6569843799439851,0.40410980582237244,0.40410980582237244,0.8148924708366394,0.07117727398872375,0.09875710023039537,0.01977310761406262,0.05322052833258101,0.6478679504814305,0.2795252225519288,0.39054726368159204,0.43911296468372785,0.7422299262167454,0.8762787580490112,0.0,0.3914020378054738,0.07450409233570099,1.419921875,1.8360244051993357,,,,,
vgsae_gamma=4.0_seed=1,1,vgsae,VG-SAE,gamma,4.0,0.07017764621669773,0.6081484332704147,0.3656240701675415,0.3656240701675415,0.848760187625885,0.054900724440813065,0.09954470861009607,0.027088497804364724,0.06424980989575058,0.6486486486486487,0.3378212974296206,0.4442655935613682,0.4675944847317379,0.7732737174034812,0.8942723274230957,0.0,0.39285805387696865,0.0754399523139,1.662109375,2.245684678934327,,,,,
vgsae_gamma=4.0_seed=0,0,vgsae,VG-SAE,gamma,4.0,0.07017979523064724,0.6147934336764289,0.4085124135017395,0.4085124135017395,0.8239830136299133,0.06510062515735626,0.10152081476061763,0.0268123452182765,0.06459854064922368,0.6073546856465006,0.32160804020100503,0.42053388090349075,0.4336618776054124,0.7650148644112938,0.8739268183708191,0.0,0.5326619204048911,0.07846921682357788,1.646484375,2.2457534473807117,,,,,
vgsae_gamma=4.0_seed=4,4,vgsae,VG-SAE,gamma,4.0,0.07449084284408598,0.7165480594837843,0.3793516457080841,0.3793516457080841,0.836889922618866,0.062130775302648544,0.10276098644185963,0.02713547559647579,0.06775821727860314,0.6215005599104143,0.33534743202416917,0.4356357927786499,0.44945277322870525,0.7798353085626133,0.8752669095993042,0.0,0.4635176306331541,0.0830700695514679,1.744140625,2.3837069710107515,,,,,
vgsae_gamma=3.5_seed=0,0,vgsae,VG-SAE,gamma,3.5,0.07582499227488321,0.539116948470146,0.39561712741851807,0.39561712741851807,0.8349200487136841,0.0610555037856102,0.09669408068216204,0.030170186916517447,0.06960046812363685,0.6776765375854215,0.37374371859296485,0.4817813765182187,0.5111864662571577,0.7980408311840435,0.9087022542953491,0.0,0.6684385855750004,0.07993815839290619,1.71484375,2.426399752796263,,,,,
vgsae_gamma=4.0_seed=2,2,vgsae,VG-SAE,gamma,4.0,0.07892054558899703,0.6578531876796347,0.39410144090652466,0.39410144090652466,0.8336666822433472,0.06559117138385773,0.10515878901833015,0.028532575700766505,0.07173643604567514,0.5883554647599591,0.35143380109823064,0.4400305576776165,0.4406867686619425,0.7661362958788317,0.8901923298835754,0.0,0.8030469450331793,0.0842287465929985,1.912109375,2.525457458847905,,,,,
vgsae_gamma=4.0_seed=3,3,vgsae,VG-SAE,gamma,4.0,0.08007540858672985,0.7246185045053914,0.34611716866493225,0.34611716866493225,0.8642088174819946,0.05221422761678696,0.10809843065288784,0.027010958993480702,0.07203213060491734,0.5891783567134269,0.3489614243323442,0.4383153186731271,0.4232568329852398,0.7696157694976323,0.8856844902038574,0.0,0.47724286856671105,0.08642353117465973,1.94921875,2.562413074775355,,,,,
vgsae_gamma=3.5_seed=1,1,vgsae,VG-SAE,gamma,3.5,0.08353737804458113,0.6387762490440677,0.38182318210601807,0.38182318210601807,0.8350618481636047,0.059873275458812714,0.10536204976953274,0.03275671825384503,0.07567339034563016,0.6139112903225806,0.37270501835985315,0.4638233054074638,0.4774239383919472,0.7978656930066593,0.8987661600112915,0.0,0.4902227370189658,0.08291815221309662,1.9375,2.673196097426596,,,,,
vgsae_gamma=3.5_seed=3,3,vgsae,VG-SAE,gamma,3.5,0.087980500037781,0.6229948270763048,0.33807164430618286,0.33807164430618286,0.8704484105110168,0.04981498792767525,0.10822248434843196,0.03293816561028706,0.07884843623424798,0.6210526315789474,0.3851632047477745,0.47545787545787543,0.46791232380754577,0.7932764153802021,0.88911372423172,0.0,0.8800974168661414,0.08742286264896393,2.041015625,2.8153760012089917,,,,,
vgsae_gamma=3.5_seed=4,4,vgsae,VG-SAE,gamma,3.5,0.08915440535351912,0.7282522024874707,0.3745768070220947,0.3745768070220947,0.8409701585769653,0.06057655066251755,0.11246587417924414,0.033467336412630916,0.07945138869276504,0.5647279549718575,0.3637462235649547,0.4424843807423741,0.4351881338982959,0.7794590854837826,0.8737595081329346,0.0,0.7483930873870405,0.08898525685071945,2.08203125,2.852940971312612,,,,,
vgsae_gamma=3.0_seed=0,0,vgsae,VG-SAE,gamma,3.0,0.09458470156746537,0.5559379151815736,0.3715173006057739,0.3715173006057739,0.8544198274612427,0.053843431174755096,0.11039183847766382,0.038528194941253965,0.08500253711148789,0.5906163753449862,0.40326633165829145,0.4792833146696529,0.4695910823067987,0.7924308153463369,0.918364405632019,0.0,0.810839122693393,0.08610723912715912,2.123046875,3.026710450158892,,,,,
vgsae_gamma=3.5_seed=2,2,vgsae,VG-SAE,gamma,3.5,0.10049135567655249,0.7561888152874436,0.3446418046951294,0.3446418046951294,0.8727964758872986,0.05016089975833893,0.12053762145497512,0.035001018972111976,0.08874608713487858,0.5039745627980922,0.38682123245881633,0.4376941663790127,0.3865418217250137,0.7561439323078464,0.8333057165145874,0.0,0.8830625938564285,0.09798361361026764,2.45703125,3.2157233816496795,,,,,
vgsae_gamma=3.0_seed=1,1,vgsae,VG-SAE,gamma,3.0,0.102080922064817,0.6080710900378479,0.3441673219203949,0.3441673219203949,0.8659904599189758,0.04864606633782387,0.11768693078427805,0.04148007370028675,0.09010165805232973,0.5536626916524702,0.397796817625459,0.46296296296296297,0.4636182009054246,0.7894693276352095,0.8794517517089844,0.0,0.4760725624160468,0.08605826646089554,2.29296875,3.266589506074144,,,,,
vgsae_gamma=3.0_seed=3,3,vgsae,VG-SAE,gamma,3.0,0.10364568716365331,0.5447626680528811,0.3190981149673462,0.3190981149673462,0.8845819234848022,0.04438038170337677,0.11452484525686549,0.03858137446254048,0.09167403269600735,0.5878107457898958,0.4350148367952522,0.5,0.4872879934005651,0.7976445641248532,0.910347580909729,0.0,0.726933526653411,0.09124034643173218,2.435546875,3.316661989236906,,,,,
vgsae_gamma=3.0_seed=4,4,vgsae,VG-SAE,gamma,3.0,0.10914546123851479,0.7379999677009004,0.3462577164173126,0.3462577164173126,0.8641074299812317,0.05176326632499695,0.12266323623927017,0.04108586471127225,0.0955447471762228,0.528272656855151,0.4120845921450151,0.4630006788866259,0.4261276494130926,0.7820878883531042,0.8741592764854431,0.0,0.5854956035217935,0.09598180651664734,2.521484375,3.4926547596324733,,,,,
vgsae_gamma=3.0_seed=2,2,vgsae,VG-SAE,gamma,3.0,0.11136116884414221,0.6463010514997469,0.3607524037361145,0.3607524037361145,0.8606260418891907,0.054960135370492935,0.12102185343067531,0.042190652730545355,0.09769815833756487,0.5267857142857143,0.4319707138499085,0.4746899094870935,0.4532314214045689,0.7891982494350263,0.9026726484298706,0.0,1.2191672813287688,0.09522272646427155,2.625,3.5635574030125508,,,,,
vgsae_gamma=2.5_seed=0,0,vgsae,VG-SAE,gamma,2.5,0.11872931717339905,0.5797463325066587,0.35927295684814453,0.35927295684814453,0.8638576865196228,0.05035281181335449,0.1270353800005889,0.050691870093128144,0.10340180196142465,0.5244274809160305,0.4315326633165829,0.47346657477601656,0.46064518297305856,0.7941565673826134,0.9016397595405579,0.0,0.8407724100484867,0.09211216866970062,2.55859375,3.7993381495487695,,,,,
vgsae_gamma=2.5_seed=1,1,vgsae,VG-SAE,gamma,2.5,0.1221727041192116,0.6463281299115174,0.34793269634246826,0.34793269634246826,0.8630421161651611,0.04971631243824959,0.12999155756129813,0.051066169728414865,0.10587891014598626,0.5320895522388059,0.4363525091799266,0.47948890383322124,0.4555618106544447,0.7915418749870341,0.904245913028717,0.0,0.4484007319992512,0.09111076593399048,2.6171875,3.909526531814771,,,,,
vgsae_gamma=2.5_seed=3,3,vgsae,VG-SAE,gamma,2.5,0.1290735540085282,0.5466541181648606,0.3035607635974884,0.3035607635974884,0.8955480456352234,0.04016370698809624,0.131182907135941,0.05040974517730402,0.11052539748450838,0.5340909090909091,0.47418397626112757,0.5023577491354919,0.47442521058572124,0.8017487412595743,0.9078183174133301,0.0,0.7958078184809875,0.09952116012573242,2.921875,4.130353728272903,,,,,
vgsae_gamma=2.5_seed=4,4,vgsae,VG-SAE,gamma,2.5,0.134214134781727,0.6358241583330345,0.34403732419013977,0.34403732419013977,0.8658446073532104,0.05110153555870056,0.13237932340243508,0.05021892992231372,0.11436450601876572,0.5090118085767558,0.49486404833836856,0.5018382352941178,0.4517932677053257,0.8062299563575486,0.8941590189933777,0.0,0.6420272929709828,0.10319141298532486,3.142578125,4.294852313015264,,,,,
vgsae_gamma=2.5_seed=2,2,vgsae,VG-SAE,gamma,2.5,0.13953230364534952,0.6871904350710447,0.33172863721847534,0.33172863721847534,0.8821501135826111,0.046472422778606415,0.14350189964037716,0.05678668257341856,0.11865500855971443,0.47619047619047616,0.4636973764490543,0.46986089644513135,0.43559624138395747,0.7905420209454564,0.876435399055481,0.0,0.8256047516764171,0.1032574325799942,3.1171875,4.465033716651184,,,,,
vgsae_gamma=2.0_seed=0,0,vgsae,VG-SAE,gamma,2.0,0.15500338414796738,0.6753841312134435,0.35015755891799927,0.35015755891799927,0.8706783652305603,0.047830142080783844,0.15488185000678958,0.06943520964647948,0.13030637763153508,0.4691508857666463,0.4824120603015075,0.4756890678228554,0.4273800183042724,0.7890926713067773,0.9105227589607239,0.0,1.0452956677078873,0.09938868880271912,3.197265625,4.960108292734956,,,,,
vgsae_gamma=2.0_seed=3,3,vgsae,VG-SAE,gamma,2.0,0.165325818342465,0.568448051940106,0.29287615418434143,0.29287615418434143,0.9027715921401978,0.03738613799214363,0.16032864718864331,0.0695336444142115,0.1361011724812637,0.4714681440443213,0.5050445103857567,0.48767908309455593,0.4691347132960172,0.7841301705459283,0.9025653004646301,0.0,0.9682100743299393,0.10368112474679947,3.525390625,5.290426186958879,,,,,
vgsae_gamma=2.0_seed=4,4,vgsae,VG-SAE,gamma,2.0,0.1739708616289179,0.6741173580233266,0.30949366092681885,0.30949366092681885,0.8914324045181274,0.04135483130812645,0.1650464392693408,0.07452039152799236,0.14183493263555894,0.46125066809192944,0.5214501510574018,0.4895065229722064,0.4522906163281525,0.8111425986385655,0.8758225440979004,0.0,0.6846171408748497,0.11110319197177887,3.654296875,5.567067572125373,,,,,
vgsae_gamma=2.0_seed=1,1,vgsae,VG-SAE,gamma,2.0,0.175130012909399,0.7084064025925387,0.30571305751800537,0.30571305751800537,0.8942636251449585,0.03838278353214264,0.1716745418252414,0.0762308323391769,0.14133100782854663,0.43552701979668274,0.4981640146878825,0.4647445047102484,0.40679424739159525,0.7881840341887434,0.8370623588562012,0.0,0.7118621212386247,0.10674167424440384,3.650390625,5.604160413100768,,,,,
vgsae_gamma=2.0_seed=2,2,vgsae,VG-SAE,gamma,2.0,0.17685799917069106,0.620017438254018,0.3161717355251312,0.3161717355251312,0.8929443955421448,0.04221584275364876,0.1667178272064544,0.07193408739395468,0.14446726871677978,0.43859649122807015,0.533862111043319,0.4815630159603742,0.4408872321820676,0.802482946308518,0.8871073722839355,0.0,0.9893253043569665,0.11012241244316101,3.896484375,5.659455973462114,,,,,
vgsae_gamma=1.75_seed=0,0,vgsae,VG-SAE,gamma,1.75,0.19515622472100252,0.6652812483517939,0.31550103425979614,0.31550103425979614,0.8950105309486389,0.03883078694343567,0.1895619232768938,0.0861784895527826,0.15532008370001887,0.3961232604373757,0.5006281407035176,0.4422863485016648,0.3934940367290955,0.778943370686586,0.8504663705825806,0.0,1.2857802415707213,0.11185581982135773,3.9296875,6.244999191072081,,,,,
vgsae_gamma=1.75_seed=3,3,vgsae,VG-SAE,gamma,1.75,0.20366092981538492,0.7123779078798657,0.2760891914367676,0.2760891914367676,0.9135979413986206,0.033223193138837814,0.19160369499792812,0.08599891255915604,0.15910955784838068,0.4153633854645814,0.5359050445103858,0.4679968903861104,0.42245661231417797,0.7948797461544347,0.855242133140564,0.0,0.9129678894103644,0.11884909868240356,4.24609375,6.517149754092317,,,,,
vgsae_gamma=1.75_seed=1,1,vgsae,VG-SAE,gamma,1.75,0.20602500290127435,0.7003250304928155,0.28677284717559814,0.28677284717559814,0.9069593548774719,0.03377415984869003,0.1950009714734895,0.0898883668343487,0.16079981307323088,0.4073732718894009,0.5410036719706243,0.46477392218717145,0.39339256273819856,0.7911281248055101,0.8300304412841797,0.0,0.6033708404487954,0.11383450031280518,4.23828125,6.592800092840779,,,,,
vgsae_gamma=1.75_seed=4,4,vgsae,VG-SAE,gamma,1.75,0.2090881748780474,0.7547657815393559,0.2970186769962311,0.2970186769962311,0.9000082015991211,0.03808818757534027,0.19530104719643412,0.08784265654603308,0.16352838330868932,0.40214957456336764,0.5425981873111783,0.4619341563786008,0.40207133034001313,0.7976617229015083,0.8176251649856567,0.0,0.634465632798254,0.12064892053604126,4.361328125,6.690821596097518,,,,,
vgsae_gamma=1.75_seed=2,2,vgsae,VG-SAE,gamma,1.75,0.21713269841214383,0.7962524692386953,0.30936679244041443,0.30936679244041443,0.897503137588501,0.04041817784309387,0.20897406027174448,0.09138162986700818,0.16783481807947218,0.35806174957118353,0.5094569859670531,0.42054898010576686,0.36751089312825014,0.7739159570746208,0.8026379346847534,0.0,0.817735442826905,0.1249774843454361,4.5546875,6.948246349188603,,,,,
vgsae_gamma=1.5_seed=0,0,vgsae,VG-SAE,gamma,1.5,0.22152990400901537,0.5728172188593269,0.3485710620880127,0.3485710620880127,0.8718476295471191,0.04739770293235779,0.20578390530293805,0.1040004131091451,0.17161887686938168,0.4148592524227042,0.5646984924623115,0.47831870178238894,0.4422286416083132,0.7988320158458598,0.9176167845726013,0.0,2.55198988134313,0.11063946783542633,4.232421875,7.088956928288492,,,,,
vgsae_gamma=1.5_seed=1,1,vgsae,VG-SAE,gamma,1.5,0.23930700695558965,0.7114919003204981,0.30336683988571167,0.30336683988571167,0.8958803415298462,0.03779590129852295,0.22290779730190066,0.10980679302289109,0.17995392871158092,0.3849040867389491,0.5648714810281518,0.45783730158730157,0.4037956193062594,0.8004113022011079,0.8407398462295532,0.0,0.777051042712619,0.11729847639799118,4.68359375,7.657824222578869,,,,,
vgsae_gamma=1.5_seed=4,4,vgsae,VG-SAE,gamma,1.5,0.24098879720429373,0.780386075708744,0.29119837284088135,0.29119837284088135,0.9038886427879333,0.03661007806658745,0.22771039896018025,0.1021411703253265,0.18097180419466785,0.35218408736349455,0.545619335347432,0.42806352216164967,0.36222951335507864,0.7573504927595212,0.8431758880615234,0.0,0.6338762208606566,0.12399343401193619,5.0078125,7.7116415105374,,,,,
vgsae_gamma=1.5_seed=3,3,vgsae,VG-SAE,gamma,1.5,0.24114566122716288,0.7383684484680065,0.2723532021045685,0.2723532021045685,0.9159204959869385,0.03233013302087784,0.22651751643347132,0.10224394755740258,0.18042221150546334,0.3640625,0.5531157270029674,0.4391048292108363,0.38012467984326026,0.7686011260985275,0.8656617403030396,0.0,1.260156197051249,0.12494612485170364,5.0,7.716661159269212,,,,,
vgsae_gamma=1.5_seed=2,2,vgsae,VG-SAE,gamma,1.5,0.2425535202368523,0.7040251383407257,0.2901591658592224,0.2901591658592224,0.9098354578018188,0.03555510193109512,0.22447212298177893,0.10395583757108906,0.1819728567535951,0.3599692662312716,0.5716900549115315,0.4417727487034418,0.4046038494344798,0.7907896100704036,0.8167754411697388,0.0,0.882265647367819,0.1266809105873108,5.083984375,7.761712647579274,,,,,
vgsae_gamma=1.25_seed=0,0,vgsae,VG-SAE,gamma,1.25,0.27314116530231347,0.766305207549785,0.3264075219631195,0.3264075219631195,0.8876263499259949,0.04156186059117317,0.25639141281915445,0.1227182709165448,0.19741567939498655,0.33126596132798247,0.5703517587939698,0.4191091622432495,0.35292562991851906,0.76861879621879,0.8015151023864746,0.0,2.5688650546727283,0.12911663949489594,5.353515625,8.74051728967403,,,,,
vgsae_gamma=1.25_seed=3,3,vgsae,VG-SAE,gamma,1.25,0.2865998249777286,0.8627373640587995,0.27503499388694763,0.27503499388694763,0.9142565131187439,0.032969966530799866,0.2743551307425244,0.1215514840074284,0.20105490262068224,0.3027369826435247,0.5382789317507418,0.3875240333262123,0.3097875111672103,0.7192494372232673,0.781119704246521,0.0,0.9089603904086594,0.13533249497413635,5.8515625,9.171194399287316,,,,,
vgsae_gamma=1.25_seed=2,2,vgsae,VG-SAE,gamma,1.25,0.2881362658701323,0.8998844040556514,0.3082394003868103,0.3082394003868103,0.8982487916946411,0.040124136954545975,0.27215542501246903,0.12284089872170728,0.20333937580071018,0.30023171135385635,0.553386211104332,0.38927038626609445,0.32372478925939463,0.7413345357967697,0.7929521799087524,0.0,1.9755051564184978,0.1393360048532486,5.900390625,9.220360507844234,,,,,
vgsae_gamma=1.25_seed=4,4,vgsae,VG-SAE,gamma,1.25,0.29016954415665414,0.9058934027408391,0.2958134114742279,0.2958134114742279,0.9008180499076843,0.03777970001101494,0.2762023863316043,0.123001145624283,0.20370809188208128,0.29643093192333114,0.5419939577039274,0.38325144199957273,0.30965744100684495,0.7354102794515782,0.7977237105369568,0.0,0.6696624419955786,0.1377086192369461,5.91015625,9.285425413012932,,,,,
vgsae_gamma=1.25_seed=1,1,vgsae,VG-SAE,gamma,1.25,0.2965175191004315,0.8169291439456671,0.2725304663181305,0.2725304663181305,0.9159715175628662,0.030502717941999435,0.27670728048077003,0.12938474477666306,0.20567188504028597,0.3040496407576747,0.5697674418604651,0.3965076660988075,0.34794584490412295,0.7703520112856047,0.7768912315368652,0.0,0.7235867629232088,0.13427741825580597,5.98046875,9.488560611213808,,,,,
vgsae_gamma=1.0_seed=0,0,vgsae,VG-SAE,gamma,1.0,0.3226726496551199,0.6979898372182071,0.33143723011016846,0.33143723011016846,0.884136438369751,0.04285261034965515,0.2947234774762265,0.14709652854419247,0.21762759706911994,0.3240563019833653,0.6363065326633166,0.4294192454429843,0.38798574849881384,0.7898030028115156,0.8587684631347656,0.0,2.517625066148462,0.1313173770904541,6.10546875,10.325524788963836,,,,,
vgsae_gamma=1.0_seed=3,3,vgsae,VG-SAE,gamma,1.0,0.3356072793969304,0.7418987626464341,0.2780765891075134,0.2780765891075134,0.9123495817184448,0.03370321914553642,0.3052767810933432,0.14026768616232066,0.22056237277041674,0.29755549311604385,0.628486646884273,0.40389016018306634,0.3765314426936183,0.7784094196440017,0.8183210492134094,0.0,0.9325772015846123,0.1418624073266983,6.951171875,10.739432940701775,,,,,
vgsae_gamma=1.0_seed=2,2,vgsae,VG-SAE,gamma,1.0,0.34065391046363136,0.9135087343516965,0.28108757734298706,0.28108757734298706,0.9153851270675659,0.03336665779352188,0.31837694101421044,0.1412597771605394,0.22318549718266822,0.2691131498470948,0.5906040268456376,0.36974789915966383,0.2957675240258541,0.7407407108561634,0.7401768565177917,0.0,1.480754989538283,0.15207304060459137,7.025390625,10.900925134836204,,,,,
vgsae_gamma=1.0_seed=1,1,vgsae,VG-SAE,gamma,1.0,0.34654305049205025,0.8413065988806852,0.26655080914497375,0.26655080914497375,0.9196184277534485,0.02917887270450592,0.32023769306628724,0.1492402524752091,0.2236209837982039,0.2734970364098222,0.5930232558139535,0.37434807803747344,0.3340157260169155,0.7690451631641183,0.773627758026123,0.0,0.7930839528998808,0.1439557671546936,6.919921875,11.089377615745608,,,,,
vgsae_gamma=1.0_seed=4,4,vgsae,VG-SAE,gamma,1.0,0.35196764053153473,0.9452570289735155,0.2747921049594879,0.2747921049594879,0.9144134521484375,0.03260102868080139,0.32888068538649406,0.14199222262381736,0.22527311258953148,0.25425504058654097,0.5867069486404833,0.35476799415418336,0.29088575413117457,0.7291618421762439,0.7356181144714355,0.0,0.7985075188679153,0.1541542410850525,7.458984375,11.262964497009111,,,,,
vgsae_gamma=0.75_seed=0,0,vgsae,VG-SAE,gamma,0.75,0.3921669243195959,0.7995539256944431,0.31032735109329224,0.31032735109329224,0.8984255790710449,0.03756771609187126,0.3608308348938115,0.16686166386799664,0.23725244894266878,0.252760736196319,0.6469849246231156,0.36350802893947415,0.33164677584234054,0.7684565166285728,0.7782237529754639,0.0,2.854333189274539,0.1482887864112854,7.958984375,12.549341578227068,,,,,
vgsae_gamma=0.75_seed=3,3,vgsae,VG-SAE,gamma,0.75,0.3925075537085102,0.7991352356382768,0.2550406754016876,0.2550406754016876,0.9262700080871582,0.028350550681352615,0.3569144540120809,0.15770522235016152,0.23606787235796128,0.2556686719111522,0.655786350148368,0.3679041118694856,0.3518619602576857,0.7643968795794057,0.8019415140151978,0.0,1.5443249509617305,0.15338218212127686,8.44140625,12.560241718672327,,,,,
vgsae_gamma=0.75_seed=2,2,vgsae,VG-SAE,gamma,0.75,0.3965921543352592,0.8297978791407133,0.28867319226264954,0.28867319226264954,0.9107565879821777,0.035191863775253296,0.3612216875137648,0.15952376482017336,0.23796211868597764,0.248729792147806,0.6571079926784624,0.3608644664097838,0.3301182920844429,0.7680140174299268,0.7586368322372437,0.0,1.2973553130052664,0.15893565118312836,8.45703125,12.690948938728294,,,,,
vgsae_gamma=0.75_seed=1,1,vgsae,VG-SAE,gamma,0.75,0.4068800204706543,0.8703781700719424,0.2687194049358368,0.2687194049358368,0.9183051586151123,0.029655590653419495,0.37288716950364476,0.1648107057754866,0.23869757102021577,0.2398573339277753,0.6585067319461444,0.35163398692810455,0.29917547822910945,0.7568080202477023,0.7402750849723816,0.0,0.8267206372558223,0.1544819176197052,8.76171875,13.020160655060936,,,,,
vgsae_gamma=0.75_seed=4,4,vgsae,VG-SAE,gamma,0.75,0.4086472727221603,0.9584214056436445,0.29593998193740845,0.29593998193740845,0.9007331728935242,0.037812039256095886,0.3745691507293266,0.15844197743530694,0.23903454070412347,0.23736168366239965,0.6610271903323263,0.34929757343550444,0.28935540630368006,0.7458126978468397,0.7229242324829102,0.0,1.0186485619051109,0.1622706651687622,9.001953125,13.076712727109129,,,,,
vgsae_gamma=0.5_seed=2,2,vgsae,VG-SAE,gamma,0.5,0.4637015296574136,0.953544143742428,0.2901669442653656,0.2901669442653656,0.909830629825592,0.035557009279727936,0.42678140683924565,0.1703351866927258,0.24732927940416674,0.1979776476849388,0.6809029896278218,0.30676195711929627,0.2574910903868469,0.7281063621529392,0.7060999274253845,0.0,0.984881834622544,0.17188075184822083,11.009765625,14.838448949037236,,,,,
vgsae_gamma=0.5_seed=0,0,vgsae,VG-SAE,gamma,0.5,0.46507072195052146,0.9163933591000593,0.304372638463974,0.304372638463974,0.9022863507270813,0.03613980859518051,0.42752476953103624,0.17759991651330326,0.24752108317217053,0.2007408714058917,0.714824120603015,0.31345544690813937,0.29414457502247854,0.7398007394326961,0.7271779775619507,0.0,3.3315471827570606,0.16599629819393158,11.072265625,14.882263102416687,,,,,
vgsae_gamma=0.5_seed=3,3,vgsae,VG-SAE,gamma,0.5,0.4659386476945383,0.8576876932643788,0.2772112488746643,0.2772112488746643,0.9128942489624023,0.03349378705024719,0.4283888453141359,0.17149921187691422,0.24644575887599524,0.199155524278677,0.6718100890207716,0.3072330031211834,0.31277342213461534,0.7196676614388472,0.7278141975402832,0.0,1.059834330164029,0.1711673140525818,11.1015625,14.910036726225226,,,,,
vgsae_gamma=0.5_seed=4,4,vgsae,VG-SAE,gamma,0.5,0.4716369611524668,0.9380529279995137,0.3118971884250641,0.3118971884250641,0.8897395133972168,0.04199965298175812,0.4264237514491668,0.173686493560529,0.24667291617729603,0.21471631205673758,0.7317220543806646,0.3320082248115147,0.30060069942249307,0.7685590770945536,0.7447265982627869,0.0,1.0199208531739117,0.17491814494132996,11.015625,15.092382756878937,,,,,
vgsae_gamma=0.5_seed=1,1,vgsae,VG-SAE,gamma,0.5,0.47380934484194615,0.946089156232718,0.2530205249786377,0.2530205249786377,0.9275717735290527,0.026291780173778534,0.4413335728979514,0.17669211583663247,0.24657093336081856,0.18462897526501768,0.6395348837209303,0.2865368796270908,0.2512316002902272,0.6971707155156318,0.6929358243942261,0.0,1.2248203486931413,0.1701955646276474,11.0546875,15.161899034942277,,,,,
vgsae_gamma=0.35_seed=0,0,vgsae,VG-SAE,gamma,0.35,0.500268295735418,0.774720005884258,0.3071517050266266,0.3071517050266266,0.900493860244751,0.03680276870727539,0.4527223025949606,0.18371007441676485,0.24898178521645883,0.1799145299145299,0.7933417085427136,0.29331165815141663,0.3175772405620369,0.7746473672785236,0.7888957858085632,0.0,2.954713567377467,0.16554316878318787,13.7109375,16.008585463533375,,,,,
vgsae_gamma=0.35_seed=1,1,vgsae,VG-SAE,gamma,0.35,0.5113926971814904,0.9825522817854146,0.25650209188461304,0.25650209188461304,0.9255647659301758,0.027020307257771492,0.47150904735867116,0.18156803390938359,0.24774121796902565,0.16816242459908784,0.6995104039167687,0.27114221326058596,0.2711015294334996,0.7064538306744395,0.695532500743866,0.0,1.0962491353638886,0.17730045318603516,13.275390625,16.364566309807692,,,,,
vgsae_gamma=0.35_seed=3,3,vgsae,VG-SAE,gamma,0.35,0.5272864485320797,1.4721217379824016,0.26287877559661865,0.26287877559661865,0.921668529510498,0.03011990524828434,0.47764913549071064,0.17356336864237007,0.23930988212802204,0.17132682669480348,0.7709198813056379,0.2803496277112334,0.23030704437117355,0.7321430453190967,0.6999779939651489,0.0,2.3421891742414114,0.2579716742038727,14.80859375,16.87316635302655,,,,,
vgsae_gamma=0.35_seed=4,4,vgsae,VG-SAE,gamma,0.35,0.5334946891020547,1.5921191417749607,0.29992470145225525,0.29992470145225525,0.8980420231819153,0.038837138563394547,0.4935611222974057,0.1779555593222688,0.23979114897968826,0.15911557243624525,0.7087613293051359,0.25988700564971745,0.20183903469498185,0.6785133793845259,0.6787341833114624,0.0,1.46820717529885,0.26640835404396057,14.3984375,17.07183005126575,,,,,
vgsae_gamma=0.35_seed=2,2,vgsae,VG-SAE,gamma,0.35,0.5361656777576684,1.3803670942394939,0.2607426941394806,0.2607426941394806,0.9271906018257141,0.0287113506346941,0.49215206386686033,0.16951527913651662,0.23991263389191445,0.1557431095872346,0.7205613178767541,0.2561266536543049,0.20909771179872097,0.6978888821993413,0.6560071706771851,0.0,2.3900644866324177,0.25776922702789307,14.810546875,17.15730168824539,,,,,
vgsae_gamma=0.25_seed=0,0,vgsae,VG-SAE,gamma,0.25,0.5476434524725136,1.5343457035434296,0.33435726165771484,0.33435726165771484,0.882085919380188,0.043611008673906326,0.5036685505650063,0.1849455397056436,0.23937268220986094,0.14389161410885307,0.7738693467336684,0.24266298995469765,0.2182834807271783,0.7122298977988917,0.7251839637756348,0.0,3.03970737077171,0.26054564118385315,16.72265625,17.524590479120434,,,,,
vgsae_gamma=0.25_seed=2,2,vgsae,VG-SAE,gamma,0.25,0.5479973418032353,1.2477747627592897,0.2943357229232788,0.2943357229232788,0.9072210788726807,0.036586031317710876,0.49056561337125104,0.17531698998177445,0.23962172118160846,0.16997443078046998,0.851738865161684,0.2833942346731628,0.25732620180079346,0.7726555635347376,0.7480100393295288,0.0,1.6925961115175039,0.2434859275817871,16.041015625,17.53591493770353,,,,,
vgsae_gamma=0.25_seed=3,3,vgsae,VG-SAE,gamma,0.25,0.5542565481450047,1.4472417954024008,0.25449326634407043,0.25449326634407043,0.9265861511230469,0.02822897583246231,0.5064467870757731,0.17537195178800138,0.2386695712918978,0.15546018121125418,0.7738872403560831,0.25890995731162514,0.20927599109801992,0.7049039247103549,0.6683841943740845,0.0,2.6092173338869915,0.25404995679855347,16.3828125,17.73620954064015,,,,,
vgsae_gamma=0.25_seed=4,4,vgsae,VG-SAE,gamma,0.25,0.5546768162231216,1.5490567055721376,0.27087879180908203,0.27087879180908203,0.9168338179588318,0.031679097563028336,0.5041165433160727,0.17863657737445865,0.23909630681258345,0.1602196461256864,0.7933534743202417,0.2665989847715736,0.2191663686823362,0.7261811019180567,0.7191892862319946,0.0,1.0287412211793598,0.26132404804229736,16.005859375,17.74965811913989,,,,,
vgsae_gamma=0.25_seed=1,1,vgsae,VG-SAE,gamma,0.25,0.5607377780947269,1.5232093696456364,0.2531377077102661,0.2531377077102661,0.9275046586990356,0.026316139847040176,0.5070110007245257,0.1788225249835135,0.23807927244650512,0.15566037735849056,0.8280293757649939,0.2620569436374201,0.22996041234504777,0.747073833578823,0.6864076852798462,0.0,1.3832148022558648,0.2594107985496521,16.9765625,17.94360889903126,,,,,
vgsae_gamma=0.125_seed=2,2,vgsae,VG-SAE,gamma,0.125,0.5855742748900317,1.2432940473867597,0.26621150970458984,0.26621150970458984,0.9241043329238892,0.02992836758494377,0.5293685377839343,0.17471974190755135,0.23561689196200375,0.1452398218170517,0.8553996339231239,0.24831739284449167,0.22451876172308538,0.7380221131619057,0.6953085064888,0.0,2.513277765369012,0.2449682056903839,18.853515625,18.738376796481013,,,,,
vgsae_gamma=0.125_seed=3,3,vgsae,VG-SAE,gamma,0.125,0.5890108743617359,1.6715435727637842,0.2636829614639282,0.2636829614639282,0.9211885333061218,0.03030446544289589,0.537071965127569,0.17459654536740143,0.23493397051676357,0.13228565744977125,0.7893175074183977,0.22659511031604057,0.21069162186566365,0.6959534177722176,0.6968506574630737,0.0,1.4167851815727388,0.2846418619155884,19.63671875,18.84834797957555,,,,,
vgsae_gamma=0.125_seed=1,1,vgsae,VG-SAE,gamma,0.125,0.6023342277430046,1.6488195920341902,0.2538630962371826,0.2538630962371826,0.9270885586738586,0.026467176154255867,0.5470282324682543,0.17694189256526816,0.23187152871671257,0.131867085594592,0.8476132190942472,0.2282277333772761,0.21712640265451105,0.7233111217144161,0.6891539096832275,0.0,1.729458104389391,0.27899789810180664,20.513671875,19.274695287776147,,,,,
vgsae_gamma=0.125_seed=0,0,vgsae,VG-SAE,gamma,0.125,0.6065797361722791,1.6854985810964094,0.2688245177268982,0.2688245177268982,0.92377769947052,0.02819112315773964,0.5541668912880486,0.17530486347116758,0.22616480300246622,0.12176334106728538,0.8241206030150754,0.2121775693377537,0.18801688925221813,0.6979143027875995,0.6682102084159851,0.0,2.7889420093080917,0.32237938046455383,21.044921875,19.41055155751293,,,,,
vgsae_gamma=0.125_seed=4,4,vgsae,VG-SAE,gamma,0.125,0.6199716055520452,1.7900008259857003,0.2755080759525299,0.2755080759525299,0.9139668941497803,0.03277113288640976,0.5661309598417252,0.16830040953303357,0.22285508512610164,0.12866963953920477,0.8368580060422961,0.22304533376278285,0.17810983081933934,0.6819405537998797,0.6111283302307129,0.0,1.689366585344892,0.34070172905921936,21.0234375,19.839091377665447,,,,,
vgsae_gamma=0.0_seed=3,3,vgsae,VG-SAE,gamma,0.0,0.6391668173382445,1.8339354242842598,0.2522910535335541,0.2522910535335541,0.9278512001037598,0.027742544189095497,0.5784763215778614,0.16914111945745114,0.22015514818211032,0.12169356883292487,0.8545994065281899,0.2130492676431425,0.1972225247390484,0.7006453132825806,0.6745054721832275,0.0,3.0058800420753786,0.34565380215644836,23.111328125,20.453338154823825,,,,,
vgsae_gamma=0.0_seed=2,2,vgsae,VG-SAE,gamma,0.0,0.6518798579205803,1.6478483770585857,0.26852819323539734,0.26852819323539734,0.9227776527404785,0.030451536178588867,0.5961968251445698,0.16369171435486213,0.21594972967780426,0.11360413712569856,0.8309945088468579,0.19988259465805697,0.17746687031333747,0.6665122829405569,0.6398166418075562,0.0,3.6601866673945946,0.33363619446754456,23.416015625,20.86015545345857,,,,,
vgsae_gamma=0.0_seed=0,0,vgsae,VG-SAE,gamma,0.0,0.6533806475160422,1.8108198892258647,0.29023489356040955,0.29023489356040955,0.9111528992652893,0.03286047652363777,0.5955169505980795,0.16747583833187946,0.21586497422854461,0.11136089923725412,0.8712311557788944,0.19747988894425858,0.17927568520806011,0.6950576894070134,0.6550974249839783,0.0,7.937347147745304,0.34173664450645447,24.326171875,20.90818072051335,,,,,
vgsae_gamma=-0.1_seed=3,3,vgsae,VG-SAE,gamma,-0.1,0.6560991813542572,1.7436216038238657,0.2634955048561096,0.2634955048561096,0.9213005900382996,0.030261395499110222,0.5943982186615884,0.169820365586944,0.21934616356474881,0.11659970062239029,0.8783382789317508,0.2058700792878008,0.21368605543614574,0.706247099310133,0.6719227433204651,0.0,2.6918177937857273,0.30843687057495117,24.791015625,20.99517380333623,,,,,
vgsae_gamma=0.0_seed=4,4,vgsae,VG-SAE,gamma,0.0,0.6646898138215158,2.135282534959589,0.26392263174057007,0.26392263174057007,0.9210503697395325,0.030072949826717377,0.6102501432177707,0.16445850176295745,0.20720402542899283,0.11408576775978517,0.8471299093655589,0.20109007458405048,0.15134364395188674,0.63968378144602,0.6243540644645691,0.0,1.5043775076307306,0.41767722368240356,24.001953125,21.270074042288506,,,,,
vgsae_gamma=0.0_seed=1,1,vgsae,VG-SAE,gamma,0.0,0.6656856225810337,2.0383392464495254,0.2198033481836319,0.2198033481836319,0.9453405737876892,0.019841618835926056,0.6085035925472191,0.16340803334957382,0.20636475771941748,0.11285702594320321,0.8439412484700123,0.19909044972208187,0.1665166085315058,0.6590650374458021,0.6316173076629639,0.0,2.0628708612619393,0.4014618396759033,23.865234375,21.30193992259308,,,,,
vgsae_gamma=-0.1_seed=2,2,vgsae,VG-SAE,gamma,-0.1,0.685151555021815,1.747879442994116,0.266337126493454,0.266337126493454,0.9240326881408691,0.029956620186567307,0.626030590091784,0.1564071876757859,0.206868750244216,0.10692978430472694,0.8529591214154972,0.1900360225650785,0.18150255908903845,0.6632933553550484,0.6346250772476196,0.0,2.7466801910478247,0.3558771312236786,25.53515625,21.92484976069808,,,,,
vgsae_gamma=-0.1_seed=1,1,vgsae,VG-SAE,gamma,-0.1,0.7042926801717717,2.0928072093520314,0.22259843349456787,0.22259843349456787,0.943941593170166,0.020349450409412384,0.6421504940582385,0.15659477548489323,0.19190419837290063,0.10784972738815446,0.8837209302325582,0.19223856752978766,0.1537854391537211,0.6491759019148186,0.625602126121521,0.0,1.4036218561889922,0.4087662398815155,26.150390625,22.537365765496695,,,,,
vgsae_gamma=-0.2_seed=2,2,vgsae,VG-SAE,gamma,-0.2,0.7252081626636877,1.6970209671221481,0.2762630581855774,0.2762630581855774,0.9182648658752441,0.03223108872771263,0.6640214068508681,0.146454771947146,0.18697541371688758,0.10323365288310202,0.8804148871262966,0.18479861689184862,0.16999979671942977,0.6339195446031799,0.6432598829269409,0.0,4.631004341948435,0.35557350516319275,27.30078125,23.206661205238007,,,,,
vgsae_gamma=-0.1_seed=0,0,vgsae,VG-SAE,gamma,-0.1,0.7448298612848312,1.998567466549298,0.25504446029663086,0.25504446029663086,0.9313918352127075,0.02537502348423004,0.6850829692963494,0.13475292163887262,0.16936131472977997,0.09857752489331437,0.8706030150753769,0.17710196779964218,0.15041539866766895,0.609174119821661,0.6224226951599121,0.0,4.789477219644792,0.4467836320400238,27.4609375,23.8345555611146,,,,,
vgsae_gamma=-0.1_seed=4,4,vgsae,VG-SAE,gamma,-0.1,0.7645301336910464,2.6801020105777043,0.18842408061027527,0.18842408061027527,0.9597589373588562,0.015328356064856052,0.6989879545239503,0.12816679810541898,0.14979895973170904,0.10430137756536408,0.8966767371601209,0.1868664609960335,0.1358596985613924,0.5873677901601523,0.5419273376464844,0.0,3.6490879372496297,0.6279600858688354,27.7890625,24.464964278113484,,,,,
vgsae_gamma=-0.2_seed=4,4,vgsae,VG-SAE,gamma,-0.2,0.8134898085887539,2.864838416269045,0.17349594831466675,0.17349594831466675,0.9658826589584351,0.012995753437280655,0.7417554147355485,0.1012306316090498,0.12072477229965976,0.10320092034919132,0.9214501510574018,0.18561343719571569,0.13866393726713805,0.5720260849642247,0.5646108388900757,0.0,4.322270627064469,0.724211573600769,28.861328125,26.031673874840124,,,,,
vgsae_gamma=-0.2_seed=1,1,vgsae,VG-SAE,gamma,-0.2,0.8149518866249981,2.7720348588069323,0.16678428649902344,0.16678428649902344,0.9685292840003967,0.011424013413488865,0.7471836676659667,0.10379870991318871,0.11931886039310995,0.0999264755029744,0.9149326805385557,0.18017475143115397,0.13139531122434883,0.5571280625687198,0.5709771513938904,0.0,4.795348315615477,0.7023546695709229,29.220703125,26.078460371999938,,,,,
vgsae_gamma=-0.4_seed=2,2,vgsae,VG-SAE,gamma,-0.4,0.8225720928431599,3.563430920788675,0.0810440182685852,0.0810440182685852,0.9929659366607666,0.00277377525344491,0.7560173207540686,0.10128265649713325,0.11410482632990869,0.09697964543663821,0.9011592434411226,0.1751141146481712,0.12641026601598607,0.5412085585107494,0.6026368141174316,0.0,15.906012347183369,1.0916539430618286,29.74609375,26.322306970981117,,,,,
vgsae_gamma=-0.3_seed=4,4,vgsae,VG-SAE,gamma,-0.3,0.8227328007403685,3.469108088202479,0.14265279471874237,0.14265279471874237,0.9769347906112671,0.00878584198653698,0.752044708963922,0.09900174803888383,0.11364005326579109,0.10102751077229036,0.9208459214501511,0.182078853046595,0.13030793943383556,0.5561787492418413,0.5393383502960205,0.0,2.539855341612987,0.995219349861145,29.462890625,26.32744962369179,,,,,
vgsae_gamma=-0.2_seed=3,3,vgsae,VG-SAE,gamma,-0.2,0.8251127985881959,2.772608168686579,0.16068455576896667,0.16068455576896667,0.9707332849502563,0.011253584176301956,0.7537669916803558,0.09554753822377123,0.11654080057283277,0.10138155221454694,0.8884272997032641,0.18199501550057748,0.12277613264520655,0.5500061874654667,0.5650244355201721,0.0,3.291174043826253,0.7059098482131958,28.83984375,26.403609554822268,,,,,
vgsae_gamma=-0.3_seed=0,0,vgsae,VG-SAE,gamma,-0.3,0.8258712521658254,3.487086206367751,0.12447371333837509,0.12447371333837509,0.9836581945419312,0.006044076755642891,0.7573352199156034,0.09550619322393458,0.10937937006465034,0.09666466946275215,0.9120603015075377,0.1748028652260278,0.13048636490724402,0.5570295662669758,0.5855982303619385,0.0,7.544330344192989,1.0383588075637817,29.337890625,26.42788006930641,,,,,
vgsae_gamma=-0.3_seed=1,1,vgsae,VG-SAE,gamma,-0.3,0.8289371836303552,3.415684843234089,0.0892569050192833,0.0892569050192833,0.9909867644309998,0.003271840512752533,0.7587628700225331,0.09444463981607135,0.10742841832991834,0.09882680453370452,0.912484700122399,0.17833861611147658,0.13286589214661548,0.5567412194261768,0.575392484664917,0.0,6.0674863261076855,0.9658623337745667,29.466796875,26.525989876171366,,,,,
vgsae_gamma=-0.2_seed=0,0,vgsae,VG-SAE,gamma,-0.2,0.8294691038561268,2.9299943482358106,0.1525101363658905,0.1525101363658905,0.9754675030708313,0.009073441848158836,0.7643394619278752,0.09625711208610674,0.11318924327787808,0.09358855477546695,0.8875628140703518,0.16932294787297783,0.12868759896974025,0.5448963907558343,0.555640459060669,0.0,5.165274823501111,0.8020005226135254,29.48828125,26.54301132339606,,,,,
vgsae_gamma=-0.4_seed=3,3,vgsae,VG-SAE,gamma,-0.4,0.829565427667692,3.376251622282375,0.10849925875663757,0.10849925875663757,0.9866562485694885,0.005130929872393608,0.7556705195807787,0.09939281273054432,0.11231174630442692,0.1033810143042913,0.9436201780415431,0.18634632288309405,0.13407502453752662,0.5536682787722695,0.550116777420044,0.0,3.5302247531841986,0.9874682426452637,30.0390625,26.546093685366145,,,,,
vgsae_gamma=-0.4_seed=4,4,vgsae,VG-SAE,gamma,-0.4,0.8323960834686908,3.4635164489558643,0.10314074158668518,0.10314074158668518,0.9879425168037415,0.004592860583215952,0.7552209699033732,0.09505022612966843,0.10800976384384255,0.1039607201309329,0.9595166163141994,0.1875959834613113,0.12933981202799236,0.5697838019780941,0.5614481568336487,0.0,4.077222176599904,1.012782096862793,29.833984375,26.636674670998104,,,,,
vgsae_gamma=-0.3_seed=3,3,vgsae,VG-SAE,gamma,-0.3,0.8375170227647288,2.9421128282931766,0.14837568998336792,0.14837568998336792,0.975045382976532,0.009595509618520737,0.7627256333345542,0.08998606563244912,0.1093863369660304,0.10267857142857142,0.914540059347181,0.1846282873060564,0.12812553629219664,0.5529122572984335,0.599234938621521,0.0,5.826049778330919,0.8021372556686401,29.3125,26.800544728471323,,,,,
vgsae_gamma=-0.4_seed=0,0,vgsae,VG-SAE,gamma,-0.4,0.8377953279178882,3.6065131918984,0.10418762266635895,0.10418762266635895,0.9885507822036743,0.004234546795487404,0.7685425535659078,0.0926707576632696,0.10594018352730701,0.09683755647220585,0.9290201005025126,0.17539282537800177,0.12701801223560427,0.5513813320251881,0.5814142227172852,0.0,8.970314773117066,1.086936593055725,29.830078125,26.809450493372424,,,,,
vgsae_gamma=-0.4_seed=1,1,vgsae,VG-SAE,gamma,-0.4,0.8379644065156597,3.347468319867536,0.11239305138587952,0.11239305138587952,0.9857085943222046,0.005187849514186382,0.7637032186929744,0.0935058760276935,0.10613542662015836,0.10052498541707175,0.9492044063647491,0.1817968704213796,0.13483453975945967,0.5676096715972034,0.5764830112457275,0.0,5.62257006054799,0.951789140701294,30.134765625,26.81486100850111,,,,,
vgsae_gamma=-0.5_seed=4,4,vgsae,VG-SAE,gamma,-0.5,0.8441027507842591,3.4275977423165425,0.14765259623527527,0.14765259623527527,0.9752896428108215,0.009412500075995922,0.7712766292188462,0.09270955863522909,0.10389498669983009,0.10123092704192846,0.9540785498489426,0.1830406306149655,0.12826808669377435,0.547429439712313,0.5959787368774414,0.0,5.202298422688574,1.0375984907150269,30.46484375,27.01128802509629,,,,,
vgsae_gamma=-0.3_seed=2,2,vgsae,VG-SAE,gamma,-0.3,0.8485715752746188,2.9532786276070335,0.12930278480052948,0.12930278480052948,0.9820948243141174,0.007060656324028969,0.7707254768614717,0.08311376325558964,0.09847004766144268,0.10146264329951245,0.9395973154362416,0.18314800499494557,0.12928022145227278,0.5567863978461587,0.5689518451690674,0.0,12.764301363291086,0.8580425977706909,29.64453125,27.1542904087878,,,,,
vgsae_gamma=-0.5_seed=0,0,vgsae,VG-SAE,gamma,-0.5,0.8532904356457323,3.6154495995702893,0.09806554019451141,0.09806554019451141,0.9898567795753479,0.0037515219300985336,0.7774951651906292,0.08821362007498393,0.09758071838983652,0.09835231248807176,0.9711055276381909,0.17861475362486282,0.14329242715183582,0.5808776805539324,0.5946681499481201,0.0,12.0625900803983,1.1049089431762695,30.701171875,27.305293940663432,,,,,
vgsae_gamma=-0.5_seed=3,3,vgsae,VG-SAE,gamma,-0.5,0.8537681299877136,3.491334024609301,0.07214999198913574,0.07214999198913574,0.9940993785858154,0.002268898533657193,0.7775084840478144,0.0852464591718654,0.09772751002500596,0.10224988653309991,0.9359050445103858,0.18435819499649286,0.12502945072488378,0.5389681528225239,0.5665156841278076,0.0,4.109118048477683,1.0636179447174072,30.123046875,27.320580159606834,,,,,
vgsae_gamma=-0.5_seed=1,1,vgsae,VG-SAE,gamma,-0.5,0.8561636373150918,3.536958900140854,0.07282990962266922,0.07282990962266922,0.9939991235733032,0.002178351627662778,0.7824527789784383,0.08607271738189445,0.09646849287483181,0.09763105804227061,0.9357405140758874,0.17681410812373521,0.13532751032286697,0.5548771238304671,0.5803765058517456,0.0,7.750037153998528,1.0759248733520508,30.587890625,27.397236394082938,,,,,
vgsae_gamma=-0.7_seed=4,4,vgsae,VG-SAE,gamma,-0.7,0.8706368570582299,3.5491663462196796,0.06925599277019501,0.06925599277019501,0.9945635795593262,0.002070796675980091,0.7874749794171976,0.0838233548407574,0.09245784177949878,0.10242957966398102,0.9909365558912386,0.1856673836748557,0.1283494742217332,0.5719123483503268,0.6051763892173767,0.0,5.895062668051263,1.0756021738052368,31.271484375,27.860379425863357,,,,,
vgsae_gamma=-0.6_seed=4,4,vgsae,VG-SAE,gamma,-0.6,0.8725015808976195,3.45355631055236,0.07582193613052368,0.07582193613052368,0.9934839010238647,0.002482061507180333,0.7914256190186961,0.08002160542491067,0.08787059361868022,0.10154980627421573,0.9818731117824774,0.1840629778558079,0.13603407122036576,0.5735586473773199,0.5802979469299316,0.0,6.081380810241443,1.0499225854873657,31.25390625,27.920050588723825,,,,,
vgsae_gamma=-0.7_seed=2,2,vgsae,VG-SAE,gamma,-0.7,0.8748609833594969,3.4695328682280167,0.07725844532251358,0.07725844532251358,0.993607759475708,0.0025207006838172674,0.7974760547766095,0.0806354819127538,0.09096718387777751,0.0983029541169076,0.9542403904820013,0.17824377457404977,0.13460488473532137,0.5565557739658389,0.5882519483566284,0.0,15.97032339657523,1.0930612087249756,31.07421875,27.9955514675039,,,,,
vgsae_gamma=-0.6_seed=0,0,vgsae,VG-SAE,gamma,-0.6,0.8765702016011545,3.4081819122027497,0.0989881157875061,0.0989881157875061,0.9896650314331055,0.0038224407471716404,0.7983142718489233,0.07647944417616377,0.0860858742400306,0.09866885370008201,0.9824120603015075,0.17932695063922488,0.1393264970952498,0.5700233140757873,0.6270554065704346,0.0,12.41519428184291,1.0789085626602173,30.958984375,28.050246451236944,,,,,
vgsae_gamma=-0.6_seed=3,3,vgsae,VG-SAE,gamma,-0.6,0.8773603243214012,3.371830220342601,0.08168094605207443,0.08168094605207443,0.992437481880188,0.002907930873334408,0.7932981627415785,0.07484558782943126,0.08561392802609863,0.10380228136882129,0.972106824925816,0.1875751503006012,0.1335093274523135,0.5633501178848437,0.5928081274032593,0.0,8.094833867402969,1.0289971828460693,30.8203125,28.07553037828484,,,,,
vgsae_gamma=-0.5_seed=2,2,vgsae,VG-SAE,gamma,-0.5,0.8777772797055832,3.3211896575415225,0.10589642077684402,0.10589642077684402,0.9879904985427856,0.004735784605145454,0.7991178282430837,0.07426267958489459,0.08358529076559719,0.09848628792197099,0.9487492373398414,0.17844847372044986,0.1274786561248349,0.5447367294029,0.5979490280151367,0.0,4.706765697479476,1.0079493522644043,30.837890625,28.08887295057866,,,,,
vgsae_gamma=-0.7_seed=3,3,vgsae,VG-SAE,gamma,-0.7,0.8811191146077988,3.5452045431890635,0.07824232429265976,0.07824232429265976,0.993060827255249,0.00266824709251523,0.7979456650145664,0.07653566201065679,0.08499148614607277,0.1039424280350438,0.9857566765578635,0.188055476931786,0.12820627925196948,0.5547151010292994,0.601536214351654,0.0,10.769653708529567,1.0886976718902588,31.2109375,28.19581166744956,,,,,
vgsae_gamma=-0.6_seed=1,1,vgsae,VG-SAE,gamma,-0.6,0.8814629718188485,3.5229757361322864,0.09379233419895172,0.09379233419895172,0.9900475144386292,0.003612793516367674,0.8022131117242566,0.07521720300546342,0.08222872408650733,0.0986653361606586,0.9681762545899633,0.17908082408874804,0.1321708009348567,0.5565552558969359,0.577582061290741,0.0,5.52035489922213,1.067513346672058,31.31640625,28.20681509820315,,,,,
vgsae_gamma=-0.6_seed=2,2,vgsae,VG-SAE,gamma,-0.6,0.8878068411713684,3.224425002874416,0.08953560888767242,0.08953560888767242,0.9914147257804871,0.0033854853827506304,0.8108841945531822,0.06934596597350293,0.07829535644966133,0.09673762438594281,0.937156802928615,0.17537249529028942,0.1368692251662434,0.5510698138436809,0.577211856842041,0.0,7.9060504624637105,1.0094618797302246,31.01171875,28.40981891748379,,,,,
vgsae_gamma=-0.8_seed=1,1,vgsae,VG-SAE,gamma,-0.8,0.8906933307353029,3.6269617865821937,0.07615769654512405,0.07615769654512405,0.993438184261322,0.002381968777626753,0.8125757704110583,0.0744151611796389,0.07994392782833576,0.09891264055356482,0.9798041615667075,0.17968574635241302,0.12333700099933648,0.536204738294297,0.5958159565925598,0.0,7.346763560588589,1.1320061683654785,31.61328125,28.502186583529692,,,,,
vgsae_gamma=-0.7_seed=1,1,vgsae,VG-SAE,gamma,-0.7,0.8921126653330447,3.331694703926294,0.09799385070800781,0.09799385070800781,0.9891358613967896,0.003943720366805792,0.8098945401906548,0.07164712958334196,0.07865212192299728,0.09968324948760947,0.9822521419828641,0.18099802650126867,0.12839316117642258,0.5596004605522478,0.5723840594291687,0.0,5.547307705030857,1.0199484825134277,31.447265625,28.54760529065743,,,,,
vgsae_gamma=-0.8_seed=2,2,vgsae,VG-SAE,gamma,-0.8,0.9023478319402329,3.3230449254655885,0.08149124681949615,0.08149124681949615,0.9928880929946899,0.002804473042488098,0.8195192986675011,0.0662862783742959,0.07349626521519646,0.09884658315763363,0.9725442342892008,0.17945398254995776,0.1325072915133064,0.556169421553433,0.5715405941009521,0.0,7.559819078576775,1.056295394897461,31.49609375,28.875130622087454,,,,,
vgsae_gamma=-0.8_seed=0,0,vgsae,VG-SAE,gamma,-0.8,0.9084596341577935,3.5151106778542562,0.07613703608512878,0.07613703608512878,0.99388587474823,0.0022613436449319124,0.8264814430209526,0.06203399717875116,0.06843777115565204,0.09731002851121855,0.9861809045226131,0.17714092293805708,0.12206560508924374,0.5499848527725159,0.6062036156654358,0.0,53.355302174825155,1.113699197769165,31.51171875,29.070708293049393,,,,,
vgsae_gamma=-0.7_seed=0,0,vgsae,VG-SAE,gamma,-0.7,0.9090898695096712,3.347551176542182,0.07820557057857513,0.07820557057857513,0.993549108505249,0.002385887783020735,0.8272254252472067,0.05978906167151949,0.064631483090893,0.09783549783549783,0.9937185929648241,0.17813309312014414,0.12716069401412128,0.5486028540485011,0.5961058735847473,0.0,9.920475539695092,1.0663138628005981,31.58203125,29.090875824309478,,,,,
vgsae_gamma=-0.9_seed=3,3,vgsae,VG-SAE,gamma,-0.9,0.9184510854834116,3.1674538352266204,0.07692111283540726,0.07692111283540726,0.9932931661605835,0.0025788950733840466,0.8286404654068065,0.05659166251840104,0.0618523883884818,0.10336315951866708,0.9940652818991098,0.18725544997205143,0.1285969210141939,0.5479742157311818,0.6166270971298218,0.0,9.644800171378964,1.0241953134536743,31.650390625,29.39043473546917,,,,,
vgsae_gamma=-0.8_seed=3,3,vgsae,VG-SAE,gamma,-0.8,0.9237286899531227,3.26127841810326,0.09126685559749603,0.09126685559749603,0.9905582666397095,0.0036305186804383993,0.8318513660976805,0.052106817926292626,0.057860509233160315,0.10317803147176798,0.9922848664688427,0.1869200670765791,0.1319018643448464,0.5583806443967705,0.6001670360565186,0.0,4.934991082754472,1.0206681489944458,31.650390625,29.559318078499928,,,,,
vgsae_gamma=-0.9_seed=0,0,vgsae,VG-SAE,gamma,-0.9,0.9274196597453965,3.250271837831597,0.08679920434951782,0.08679920434951782,0.9920535087585449,0.0029390444979071617,0.8421248098676415,0.05118789944746019,0.0556175741566837,0.09689540470617224,0.9880653266331658,0.1764837877257938,0.12976930414992227,0.563635978363967,0.5991939902305603,0.0,10.255076670004254,1.054957389831543,31.70703125,29.67742911185269,,,,,
vgsae_gamma=-1.0_seed=4,4,vgsae,VG-SAE,gamma,-1.0,0.9284224337970954,3.1670101219226234,0.06563296169042587,0.06563296169042587,0.9951175451278687,0.0018598024034872651,0.8391384829337767,0.05215584749179259,0.05532865310066312,0.10116279069767442,0.9987915407854985,0.18371769936093363,0.1297581180419134,0.5587405613481347,0.5739762187004089,0.0,5.388613587460821,0.9927116632461548,31.9140625,29.709517881507054,,,,,
vgsae_gamma=-0.9_seed=4,4,vgsae,VG-SAE,gamma,-0.9,0.9292841526958,3.196145971545602,0.08182449638843536,0.08182449638843536,0.9924113750457764,0.0028906099032610655,0.8401601525083606,0.048841284402097424,0.052995248356043786,0.100792821584414,0.9909365558912386,0.18297445051879951,0.12874666907242477,0.5537666305184564,0.5609176754951477,0.0,4.189964350532043,0.9930202960968018,31.779296875,29.7370928862656,,,,,
vgsae_gamma=-0.8_seed=4,4,vgsae,VG-SAE,gamma,-0.8,0.932671693053976,3.112288465170599,0.07853874564170837,0.07853874564170837,0.9930086135864258,0.0026631196960806847,0.8456430690861225,0.04598863870222554,0.05076908657392599,0.10009239297813366,0.9818731117824774,0.1816657350475126,0.12295266167586254,0.5450306740160963,0.5632156133651733,0.0,3.805114215024235,0.9619453549385071,31.708984375,29.845494177727232,,,,,
vgsae_gamma=-0.9_seed=1,1,vgsae,VG-SAE,gamma,-0.9,0.934311151912425,3.37897018547894,0.08848746120929718,0.08848746120929718,0.9911414980888367,0.0032156736124306917,0.8450150760659199,0.04643467786293719,0.05112344347985144,0.1001476377952756,0.996328029375765,0.1820011179429849,0.12912674977391347,0.5554774391635375,0.5326610207557678,0.0,4.438544694135232,1.0254509449005127,31.75,29.8979568611976,,,,,
vgsae_gamma=-0.9_seed=2,2,vgsae,VG-SAE,gamma,-0.9,0.9349339526127096,3.315509298816244,0.06755874305963516,0.06755874305963516,0.9951120615005493,0.0019274915102869272,0.8448021943170261,0.045636868657208104,0.0498071575972175,0.10031347962382445,0.9957291031116534,0.1822649095376368,0.13206144205809292,0.5572430111985097,0.601435661315918,0.0,6.121937441391059,1.067337155342102,31.775390625,29.917886483606708,,,,,
vgsae_gamma=-1.0_seed=3,3,vgsae,VG-SAE,gamma,-1.0,0.9371811932016954,3.3157586412340962,0.06509603559970856,0.06509603559970856,0.9951967597007751,0.0018469349015504122,0.8469854786383166,0.04579400036030985,0.05037397211473709,0.10286522380718151,0.9928783382789318,0.18641707058889076,0.12487826965593336,0.5385156906251116,0.5746198892593384,0.0,-2.7193569969759905,1.0683481693267822,31.765625,29.98979818245425,,,,,
vgsae_gamma=-1.0_seed=1,1,vgsae,VG-SAE,gamma,-1.0,0.9458658104722417,3.3966991980193053,0.0802835151553154,0.0802835151553154,0.9927079677581787,0.002647044602781534,0.8544657248294243,0.03923953263879856,0.04245290948775767,0.09987752602571953,0.9981640146878825,0.18158539300823867,0.12676884471763888,0.5611054706138622,0.5749750137329102,0.0,3.980423398858447,1.050709843635559,31.89453125,30.267705935111735,,,,,
vgsae_gamma=-1.0_seed=0,0,vgsae,VG-SAE,gamma,-1.0,0.9614255836313532,3.0575186398440555,0.0770941749215126,0.0770941749215126,0.9937311410903931,0.002318557118996978,0.8715465171062533,0.02860161780331915,0.030251304389752605,0.09694782555507982,0.9956030150753769,0.17669026252717238,0.1233227930594321,0.5432649744802976,0.5938785076141357,0.0,16.29525550435781,0.9945579171180725,31.931640625,30.765618676203303,,,,,
vgsae_gamma=-1.0_seed=2,2,vgsae,VG-SAE,gamma,-1.0,0.9684619709150866,2.9724615739723297,0.06511634588241577,0.06511634588241577,0.9954590797424316,0.001790644833818078,0.8740385721466737,0.022925507647373014,0.024529868284653165,0.09992045524077586,0.99633923123856,0.1816260705149594,0.1341894145842472,0.5545995985030033,0.5910826325416565,0.0,15.306866622415258,1.0118765830993652,31.919921875,30.99078306928277,,,,,
