method,method_label,control_name,control_value,amplitude_shrinkage,average_l0,checkpoint_step,checkpoint_training_loss,clean_reconstruction_error,dead_feature_window,dead_fraction,decoder_recovery_cosine,decoder_recovery_ground_truth,decoder_recovery_sae,expected_l0,explained_variance,generalization_error,ground_truth_expected_l0,ground_truth_match_coverage,ground_truth_num_features,init_seed,input_dim,l1_raw_relu_rho_model,l1_raw_relu_selection_error,l1_raw_relu_sigma_sel,mask_uncertainty,matched_decoder_recovery_cosine,matched_latent_count,mean_activation,paper_style_sigma_sel,reconstruction_error,reconstruction_mse,rho_model,sae_latent_match_coverage,sae_width,selection_error,support_average_precision,support_density,support_f1,support_precision,support_recall,support_roc_auc,target_model_density,train_steps,union_width,unmatched_ground_truth_features,unmatched_sae_latents,l1_gmm_threshold,l1_raw_relu_density,n_seeds
vgsae,VG-SAE,gamma,8.0,-0.005956706006101333,0.080078125,999.0,3.140681028366089,0.9640215039253235,100.0,0.0,0.5482256412506104,0.5482256412506104,0.5482256412506104,0.5075761079788208,-0.0069391727447509766,1.000670949157463,12.800000190734863,1.0,128.0,101000.0,16.0,nan,nan,nan,0.003292746816018788,0.5482256412506104,128.0,0.0036742337979376316,0.00394541851516042,0.9640215039253235,1.4692282676696777,0.0039654383435845375,1.0,128.0,0.10279141239952137,0.10223796172414112,0.1,0.0027326552299984817,0.21951219512195122,0.001374885426214482,0.49623218308685046,0.10000000149011612,1000.0,128.0,0.0,0.0,nan,nan,1
vgsae,VG-SAE,gamma,7.0,0.014980217393100003,0.087890625,999.0,2.1215453147888184,0.8796942234039307,100.0,0.0,0.5761076211929321,0.5761076211929321,0.5761076211929321,0.5449026823043823,0.16151893138885498,0.9903729634545576,12.800000190734863,1.0,128.0,101000.0,16.0,nan,nan,nan,0.00366596026015402,0.5761076211929321,128.0,0.006652762182056904,0.004229900071967791,0.8796942234039307,1.2234305143356323,0.004257052205502987,1.0,128.0,0.10268010400257035,0.11534450696565457,0.1,0.004855105446821423,0.35555555555555557,0.002444240757714635,0.5212374388363608,0.10000000149011612,1000.0,128.0,0.0,0.0,nan,nan,1
vgsae,VG-SAE,gamma,9.0,0.0058000804014623104,0.1015625,999.0,3.4380412101745605,0.9872720837593079,100.0,0.0,0.5390106439590454,0.5390106439590454,0.5390106439590454,0.5724191665649414,-0.05609631538391113,1.000907354752318,12.800000190734863,1.0,128.0,101000.0,16.0,nan,nan,nan,0.003449346816365229,0.5390106439590454,128.0,0.003544620703905821,0.00444774753088472,0.9872720837593079,1.5409536361694336,0.004472025204449892,1.0,128.0,0.10316196740636255,0.10041822063775238,0.1,0.004546832373446499,0.28846153846153844,0.00229147571035747,0.4903501875211026,0.10000000149011612,1000.0,128.0,0.0,0.0,nan,nan,1
vgsae,VG-SAE,gamma,10.0,-0.0012946606454195177,0.201171875,999.0,3.629434108734131,1.0123568773269653,100.0,0.0,0.5227415561676025,0.5227415561676025,0.5227415561676025,0.6199302673339844,-0.11044502258300781,1.0025361185074313,12.800000190734863,1.0,128.0,101000.0,16.0,nan,nan,nan,0.003499973260679131,0.5227415561676025,128.0,0.003626022022217512,0.004816017226960564,1.0123568773269653,1.6202539205551147,0.004843204747885466,1.0,128.0,0.1036064232948408,0.09846877048690214,0.1,0.005113550909911264,0.1650485436893204,0.0025970058050717995,0.48658394513158076,0.10000000149011612,1000.0,128.0,0.0,0.0,nan,nan,1
vgsae,VG-SAE,gamma,12.0,0.008657201730344566,0.298828125,999.0,3.860490322113037,1.0494697093963623,100.0,0.0,0.45711034536361694,0.45711034536361694,0.45711034536361694,0.6670739650726318,-0.19335484504699707,1.00245843745212,12.800000190734863,1.0,128.0,101000.0,16.0,nan,nan,nan,0.003605733116385029,0.45711034536361694,128.0,0.003635298926383257,0.005183209845571756,1.0494697093963623,1.7412279844284058,0.005211514886468649,1.0,128.0,0.10386474848692226,0.09807176956809022,0.1,0.006568144499178982,0.1437908496732026,0.003360831041857623,0.48443038914506836,0.10000000149011612,1000.0,128.0,0.0,0.0,nan,nan,1
vgsae,VG-SAE,gamma,6.0,0.031008711596828237,0.296875,999.0,0.22542214393615723,0.7774373888969421,100.0,0.0,0.6646504402160645,0.6646504402160645,0.6646504402160645,1.0530195236206055,0.34512168169021606,1.0261811083292942,12.800000190734863,1.0,128.0,101000.0,16.0,nan,nan,nan,0.00618679968937581,0.6646504402160645,128.0,0.017801323905587196,0.008132281099033058,0.7774373888969421,0.9555351734161377,0.00822671502828598,1.0,128.0,0.1047870236295448,0.13552105865020408,0.1,0.01373544341594506,0.3026315789473684,0.007027192178429576,0.5671742213501572,0.10000000149011612,1000.0,128.0,0.0,0.0,nan,nan,1
vgsae,VG-SAE,gamma,5.0,0.045256802027322934,0.560546875,999.0,-0.7270936965942383,0.7397506833076477,100.0,0.0,0.6772181987762451,0.6772181987762451,0.6772181987762451,1.8047564029693604,0.4070739150047302,1.025904255060926,12.800000190734863,1.0,128.0,101000.0,16.0,nan,nan,nan,0.01040079006075506,0.6772181987762451,128.0,0.026212967932224274,0.013864464445479854,0.7397506833076477,0.865140438079834,0.014099659398198128,1.0,128.0,0.108146223579065,0.14774242925093786,0.1,0.02722084004097761,0.3240418118466899,0.014207149404216315,0.5927626192759915,0.10000000149011612,1000.0,128.0,0.0,0.0,nan,nan,1
vgsae,VG-SAE,gamma,4.0,0.07807937461900932,0.8359375,999.0,-1.2779121398925781,0.6657851338386536,100.0,0.0,0.6828646659851074,0.6828646659851074,0.6828646659851074,3.334838628768921,0.5197160840034485,1.0214513551649316,12.800000190734863,1.0,128.0,101000.0,16.0,nan,nan,nan,0.020376650656297804,0.6828646659851074,128.0,0.03367752581834793,0.025337378586432625,0.6657851338386536,0.7007838487625122,0.026053426787257195,1.0,128.0,0.11659622658388624,0.1460037980689604,0.1,0.03642099225695441,0.2967289719626168,0.019401161014359916,0.5852650951367057,0.10000000149011612,1000.0,128.0,0.0,0.0,nan,nan,1
vgsae,VG-SAE,gamma,3.5,0.13447793578165598,0.830078125,999.0,-1.5504579544067383,0.6131518483161926,100.0,0.0,0.6973720788955688,0.6973720788955688,0.6973720788955688,4.941641807556152,0.5926517248153687,0.9876329757494775,12.800000190734863,1.0,128.0,101000.0,16.0,nan,nan,nan,0.031637357939596066,0.6973720788955688,128.0,0.03710287809371948,0.037066707169404786,0.6131518483161926,0.594363272190094,0.03860657662153244,1.0,128.0,0.12531294781667796,0.1569677599757777,0.1,0.04360923827284464,0.35764705882352943,0.02322028719828903,0.596765360034768,0.10000000149011612,1000.0,128.0,0.0,0.0,nan,nan,1
vgsae,VG-SAE,gamma,3.0,0.16642734287161934,1.056640625,999.0,-2.07781982421875,0.5410212278366089,100.0,0.0,0.6833905577659607,0.6833905577659607,0.6833905577659607,7.72707986831665,0.6828546524047852,0.9785150760091648,12.800000190734863,1.0,128.0,101000.0,16.0,nan,nan,nan,0.0502316762139158,0.6833905577659607,128.0,0.04343853145837784,0.056645443001047575,0.5410212278366089,0.4627479314804077,0.06036781147122383,1.0,128.0,0.1422339625279777,0.15454781662667408,0.1,0.05587695781007478,0.3659889094269871,0.03024747937671861,0.5772174018837414,0.10000000149011612,1000.0,128.0,0.0,0.0,nan,nan,1
vgsae,VG-SAE,gamma,2.5,0.17496902975396225,1.4453125,999.0,-2.9071807861328125,0.48040878772735596,100.0,0.0,0.677706778049469,0.677706778049469,0.677706778049469,11.983662605285645,0.7499356865882874,0.9816645597134276,12.800000190734863,1.0,128.0,101000.0,16.0,nan,nan,nan,0.07699265224714458,0.677706778049469,128.0,0.05206392705440521,0.08473381527110768,0.48040878772735596,0.3648696541786194,0.0936223715543747,1.0,128.0,0.1686533299303714,0.15011067041010878,0.1,0.0631347790282734,0.3108108108108108,0.03513596089214788,0.5808605232587439,0.10000000149011612,1000.0,128.0,0.0,0.0,nan,nan,1
vgsae,VG-SAE,gamma,2.0,0.20382146924775282,2.859375,999.0,-4.220073699951172,0.39410021901130676,100.0,0.0,0.6675909757614136,0.6675909757614136,0.6675909757614136,18.527137756347656,0.8317158818244934,1.0175415800481313,12.800000190734863,1.0,128.0,101000.0,16.0,nan,nan,nan,0.11169812534609208,0.6675909757614136,128.0,0.0662636011838913,0.12329816554164515,0.39410021901130676,0.2455439269542694,0.14474326372146606,1.0,128.0,0.20844669902771584,0.1441079262617811,0.1,0.10511860174781522,0.287568306010929,0.06431408493736633,0.55347492314745,0.10000000149011612,1000.0,128.0,0.0,0.0,nan,nan,1
vgsae,VG-SAE,gamma,1.75,0.4245483682725493,5.125,999.0,-5.457176208496094,0.294458270072937,100.0,0.0,0.6164931654930115,0.6164931654930115,0.6164931654930115,23.380084991455078,0.9060541987419128,1.0797446585096921,12.800000190734863,1.0,128.0,101000.0,16.0,nan,nan,nan,0.12950114739093163,0.6164931654930115,128.0,0.08185341209173203,0.14749764228873843,0.294458270072937,0.13707660138607025,0.182656928896904,1.0,128.0,0.23670916371750467,0.15053997957276105,0.1,0.15027262813522355,0.2625762195121951,0.10525511762908646,0.5278623751885738,0.10000000149011612,1000.0,128.0,0.0,0.0,nan,nan,1
vgsae,VG-SAE,gamma,1.5,0.6437005928958438,8.466796875,999.0,-7.600715637207031,0.21374335885047913,100.0,0.0,0.5599147081375122,0.5599147081375122,0.5599147081375122,29.275728225708008,0.9504988789558411,1.1499698050321285,12.800000190734863,1.0,128.0,101000.0,16.0,nan,nan,nan,0.1445133116630728,0.5599147081375122,128.0,0.10021359473466873,0.1718439803477066,0.21374335885047913,0.07222726196050644,0.2287166267633438,1.0,128.0,0.2718221532158128,0.15114448327824695,0.1,0.1810495358882456,0.22722029988465975,0.15047357164680722,0.5243714322990837,0.10000000149011612,1000.0,128.0,0.0,0.0,nan,nan,1
vgsae,VG-SAE,gamma,1.25,0.49752595508258335,10.224609375,999.0,-9.107429504394531,0.23483720421791077,100.0,0.0,0.567500650882721,0.567500650882721,0.567500650882721,34.93094253540039,0.9402464628219604,1.199787910305559,12.800000190734863,1.0,128.0,101000.0,16.0,nan,nan,nan,0.16364062354519376,0.567500650882721,128.0,0.10780975222587585,0.19229558242265035,0.23483720421791077,0.08718658983707428,0.27289798855781555,1.0,128.0,0.30977816584370277,0.13692877587883356,0.1,0.16840675664205076,0.1894937917860554,0.15154292697830737,0.5048260314541135,0.10000000149011612,1000.0,128.0,0.0,0.0,nan,nan,1
vgsae,VG-SAE,gamma,1.0,1.6279998362624633,13.46875,999.0,-11.206794738769531,0.1538410633802414,100.0,0.0,0.5748705267906189,0.5748705267906189,0.5748705267906189,42.176021575927734,0.9743566513061523,1.3167602541521488,12.800000190734863,1.0,128.0,101000.0,16.0,nan,nan,nan,0.17883038191873113,0.5748705267906189,128.0,0.12961521744728088,0.2071361202760276,0.1538410633802414,0.03741626441478729,0.3295001685619354,1.0,128.0,0.3555882047757734,0.13147285622540603,0.1,0.15563160244011306,0.15168213457076565,0.15979223953559427,0.5119254885697613,0.10000000149011612,1000.0,128.0,0.0,0.0,nan,nan,1
vgsae,VG-SAE,gamma,0.75,0.9257926551972453,17.19921875,999.0,-13.83919906616211,0.11135490983724594,100.0,0.0,0.5757735967636108,0.5757735967636108,0.5757735967636108,50.07270812988281,0.9865646362304688,1.6042807339655336,12.800000190734863,1.0,128.0,101000.0,16.0,nan,nan,nan,0.19246130478583487,0.5757735967636108,128.0,0.1657123863697052,0.21621509499515323,0.11135490983724594,0.019603542983531952,0.3911930322647095,1.0,128.0,0.4118318731734591,0.10421853990186655,0.1,0.12454403335070349,0.1085623438564615,0.14604338527344943,0.4929077551348504,0.10000000149011612,1000.0,128.0,0.0,0.0,nan,nan,1
vgsae,VG-SAE,gamma,0.5,6.733657203168833,21.705078125,999.0,-25.470726013183594,0.08962889760732651,100.0,0.0,0.5952134132385254,0.5952134132385254,0.5952134132385254,59.81753921508789,0.9912958741188049,2.6079977895757787,12.800000190734863,1.0,128.0,101000.0,16.0,nan,nan,nan,0.1992515058827879,0.5952134132385254,128.0,0.35125136375427246,0.20765128934916105,0.08962889760732651,0.01270024012774229,0.46732449531555176,1.0,128.0,0.4677216603322086,0.12610006002941856,0.1,0.16739339713460558,0.13299739044362457,0.2257867399938894,0.5165277486223306,0.10000000149011612,1000.0,128.0,0.0,0.0,nan,nan,1
vgsae,VG-SAE,gamma,0.35,6.255370886789853,23.943359375,999.0,-24.400062561035156,0.07204091548919678,100.0,0.0,0.6016921997070312,0.6016921997070312,0.6016921997070312,63.56953048706055,0.9943767189979553,2.8516897731722293,12.800000190734863,1.0,128.0,101000.0,16.0,nan,nan,nan,0.20460929008850876,0.6016921997070312,128.0,0.3882257342338562,0.2114634764617265,0.07204091548919678,0.00820491835474968,0.49663692712783813,1.0,128.0,0.49360085115637947,0.11832414255965189,0.1,0.15793671895772404,0.12113549229137777,0.22685609532538956,0.517431298587844,0.10000000149011612,1000.0,128.0,0.0,0.0,nan,nan,1
vgsae,VG-SAE,gamma,0.25,5.972821397913612,28.76171875,999.0,-29.717063903808594,0.058803491294384,100.0,0.0,0.6043803691864014,0.6043803691864014,0.6043803691864014,65.64728546142578,0.9962534308433533,2.9078422718919588,12.800000190734863,1.0,128.0,101000.0,16.0,nan,nan,nan,0.20923098645701593,0.6043803691864014,128.0,0.40452146530151367,0.2157154264982331,0.058803491294384,0.005466660484671593,0.5128694772720337,1.0,128.0,0.5062797106293448,0.12192858010516633,0.1,0.16162091011658516,0.11673231019964689,0.2626031164069661,0.5139255712322517,0.10000000149011612,1000.0,128.0,0.0,0.0,nan,nan,1
vgsae,VG-SAE,gamma,0.125,7.206361651642594,44.89453125,999.0,-31.037948608398438,0.05963528901338577,100.0,0.0,0.6076534986495972,0.6076534986495972,0.6076534986495972,69.52598571777344,0.9961466789245605,3.0127966838773905,12.800000190734863,1.0,128.0,101000.0,16.0,nan,nan,nan,0.20926207485055745,0.6076534986495972,128.0,0.42465347051620483,0.21612060756436416,0.05963528901338577,0.005622409749776125,0.543171763420105,1.0,128.0,0.5281676237376054,0.13365351031607228,0.1,0.18068535825545168,0.11607065170103541,0.40757714634891534,0.5373187633960755,0.10000000149011612,1000.0,128.0,0.0,0.0,nan,nan,1
vgsae,VG-SAE,gamma,0.0,2.39065951252506,68.0234375,999.0,-34.958927154541016,0.0511317141354084,100.0,0.0,0.6118960380554199,0.6118960380554199,0.6118960380554199,73.18888092041016,0.9971672296524048,3.0232090685777258,12.800000190734863,1.0,128.0,101000.0,16.0,nan,nan,nan,0.20888777229576697,0.6118960380554199,128.0,0.42105087637901306,0.21538008769180306,0.0511317141354084,0.004133296199142933,0.5717881321907043,1.0,128.0,0.5532294888668818,0.12006902884114394,0.1,0.1792913423889399,0.10649477431951304,0.5666055606477238,0.529572314322359,0.10000000149011612,1000.0,128.0,0.0,0.0,nan,nan,1
vgsae,VG-SAE,gamma,-0.1,6.678460662710128,86.06640625,999.0,-34.61635208129883,0.05176794156432152,100.0,0.0,0.613190770149231,0.613190770149231,0.613190770149231,75.40260314941406,0.9970963001251221,2.9277569122943423,12.800000190734863,1.0,128.0,101000.0,16.0,nan,nan,nan,0.20918415190239043,0.613190770149231,128.0,0.4177020788192749,0.2162805534234104,0.05176794156432152,0.0042367964051663876,0.5890828371047974,1.0,128.0,0.5645584798762524,0.13644704062394536,0.1,0.18300007903264048,0.10509236145781328,0.7074549343110297,0.551295136322411,0.10000000149011612,1000.0,128.0,0.0,0.0,nan,nan,1
vgsae,VG-SAE,gamma,-0.2,6.534817942008511,100.138671875,999.0,-34.533119201660156,0.04848859831690788,100.0,0.0,0.614822506904602,0.614822506904602,0.614822506904602,78.27928924560547,0.9974525570869446,3.004458903681366,12.800000190734863,1.0,128.0,101000.0,16.0,nan,nan,nan,0.2061206530936447,0.614822506904602,128.0,0.4273737668991089,0.21327113983600776,0.04848859831690788,0.003717022016644478,0.6115570068359375,1.0,128.0,0.5845842546822055,0.12684894130785168,0.1,0.17697217081481223,0.09978350334497084,0.7815459822792545,0.5338930687139203,0.10000000149011612,1000.0,128.0,0.0,0.0,nan,nan,1
vgsae,VG-SAE,gamma,-0.3,7.340080223993905,108.994140625,999.0,-34.509735107421875,0.04948084056377411,100.0,0.0,0.6057397127151489,0.6057397127151489,0.6057397127151489,81.48715209960938,0.9973471760749817,2.956989699644323,12.800000190734863,1.0,128.0,101000.0,16.0,nan,nan,nan,0.20027406442824905,0.6057397127151489,128.0,0.43333566188812256,0.20822362046187937,0.04948084056377411,0.003870704211294651,0.6366183757781982,1.0,128.0,0.6028500790228222,0.1323977649018364,0.1,0.180301839585572,0.10072574142101962,0.8586923311946226,0.5454314963873748,0.10000000149011612,1000.0,128.0,0.0,0.0,nan,nan,1
vgsae,VG-SAE,gamma,-0.4,5.673747674813657,113.3125,999.0,-35.152889251708984,0.04964001849293709,100.0,0.0,0.6067695617675781,0.6067695617675781,0.6067695617675781,83.208251953125,0.9973301291465759,3.010495784647761,12.800000190734863,1.0,128.0,101000.0,16.0,nan,nan,nan,0.19912006230532986,0.6067695617675781,128.0,0.4376084506511688,0.20826410534523127,0.04964001849293709,0.0038956482894718647,0.6500644683837891,1.0,128.0,0.6144231398880287,0.12986567467370347,0.1,0.1811591958117778,0.10079977937120795,0.8933699969446991,0.5440525801288799,0.10000000149011612,1000.0,128.0,0.0,0.0,nan,nan,1
vgsae,VG-SAE,gamma,-0.5,5.6497962997424604,117.546875,999.0,-35.87110137939453,0.048974961042404175,100.0,0.0,0.6072543859481812,0.6072543859481812,0.6072543859481812,86.14744567871094,0.9974011778831482,3.0013852093932707,12.800000190734863,1.0,128.0,101000.0,16.0,nan,nan,nan,0.19315304643828823,0.6072543859481812,128.0,0.44260019063949585,0.20249564736888942,0.048974961042404175,0.0037919627502560616,0.6730269193649292,1.0,128.0,0.6328390645129787,0.1281183919771558,0.1,0.18099805185074183,0.10034228366343215,0.9225481209899175,0.5467676596679609,0.10000000149011612,1000.0,128.0,0.0,0.0,nan,nan,1
vgsae,VG-SAE,gamma,-0.6,6.615230913487345,120.203125,999.0,-37.37590408325195,0.04629891365766525,100.0,0.0,0.6109119653701782,0.6109119653701782,0.6109119653701782,88.81147766113281,0.9976774454116821,2.96182036918255,12.800000190734863,1.0,128.0,101000.0,16.0,nan,nan,nan,0.18665191324003377,0.6109119653701782,128.0,0.4356825053691864,0.1964177321466989,0.04629891365766525,0.0033888895995914936,0.6938396692276001,1.0,128.0,0.651583137239939,0.11757081101310986,0.1,0.18043765604347187,0.09981476667099962,0.9384356859150627,0.5340294190934918,0.10000000149011612,1000.0,128.0,0.0,0.0,nan,nan,1
vgsae,VG-SAE,gamma,-0.7,5.7109607632574,122.423828125,999.0,-33.73645782470703,0.05448415130376816,100.0,0.0,0.6131277680397034,0.6131277680397034,0.6131277680397034,91.90502166748047,0.9967836141586304,2.936662245728507,12.800000190734863,1.0,128.0,101000.0,16.0,nan,nan,nan,0.1778383149629403,0.6131277680397034,128.0,0.43263548612594604,0.18752606562592838,0.05448415130376816,0.004693061113357544,0.7180079817771912,1.0,128.0,0.6703926260736921,0.11826898449320167,0.1,0.18105652418853918,0.09998245082241827,0.9573785517873511,0.5399740265753692,0.10000000149011612,1000.0,128.0,0.0,0.0,nan,nan,1
vgsae,VG-SAE,gamma,-0.8,-1.625041257155886,123.8125,999.0,-37.66374969482422,0.048658765852451324,100.0,0.0,0.6130052804946899,0.6130052804946899,0.6130052804946899,94.85820007324219,0.9974346160888672,2.8743947415998377,12.800000190734863,1.0,128.0,101000.0,16.0,nan,nan,nan,0.1684439244830338,0.6130052804946899,128.0,0.4169074296951294,0.17823015288475563,0.048658765852451324,0.003743157023563981,0.7410796880722046,1.0,128.0,0.6872389204303389,0.13011057099435064,0.1,0.18176098830392634,0.10026501766784453,0.9709746410021387,0.5541454203089826,0.10000000149011612,1000.0,128.0,0.0,0.0,nan,nan,1
vgsae,VG-SAE,gamma,-0.9,-1.4169144250369021,124.9140625,999.0,-39.220115661621094,0.04658842831850052,100.0,0.0,0.6143407821655273,0.6143407821655273,0.6143407821655273,97.71868896484375,0.997648298740387,2.8377877340070468,12.800000190734863,1.0,128.0,101000.0,16.0,nan,nan,nan,0.15839626846864346,0.6143407821655273,128.0,0.41942447423934937,0.16793476819912784,0.04658842831850052,0.0034314049407839775,0.7634272575378418,1.0,128.0,0.7077072695382434,0.11770178422019723,0.1,0.1809877733964994,0.09975608230658578,0.9746410021387106,0.5331211002377478,0.10000000149011612,1000.0,128.0,0.0,0.0,nan,nan,1
vgsae,VG-SAE,gamma,-1.0,-2.0405250291788954,125.630859375,999.0,-36.27204895019531,0.05273278430104256,100.0,0.0,0.6135858297348022,0.6135858297348022,0.6135858297348022,100.62214660644531,0.9969870448112488,2.773572664697934,12.800000190734863,1.0,128.0,101000.0,16.0,nan,nan,nan,0.14694987810657612,0.6135858297348022,128.0,0.41496360301971436,0.1564503088462112,0.05273278430104256,0.004396198317408562,0.7861104607582092,1.0,128.0,0.72678568142112,0.11185225281979089,0.1,0.1808689271754928,0.0996377656514777,0.9790711885120684,0.5255221332702695,0.10000000149011612,1000.0,128.0,0.0,0.0,nan,nan,1
vgsae,VG-SAE,gamma,-1.1,-1.0501651742729217,126.044921875,999.0,-36.41133499145508,0.05510025471448898,100.0,0.0,0.6118087768554688,0.6118087768554688,0.6118087768554688,103.18756866455078,0.9967104196548462,2.5463400443060644,12.800000190734863,1.0,128.0,101000.0,16.0,nan,nan,nan,0.13613181156470563,0.6118087768554688,128.0,0.39201468229293823,0.14571489067766208,0.05510025471448898,0.004799799527972937,0.8061528205871582,1.0,128.0,0.7419439687113254,0.122072627140452,0.1,0.18120172760653339,0.09979081118772759,0.9838069049801406,0.5398414843158542,0.10000000149011612,1000.0,128.0,0.0,0.0,nan,nan,1
l1,L1-ReLU,l1_coefficient,5.0,0.1068335460802861,0.984375,999.0,18.3217716217041,0.840192973613739,100.0,0.1328125,0.7001259922981262,0.7001259922981262,0.7001259922981262,0.984375,0.23512959480285645,1.0046393571218692,12.800000190734863,1.0,128.0,101001.0,16.0,0.0154876708984375,0.1077423095703125,0.015153259038925171,0.0,0.7001259922981262,128.0,0.01477251760661602,0.00759810209274292,0.840192973613739,1.1160249710083008,0.0076904296875,1.0,128.0,0.103240966796875,0.10382909947154736,0.1,0.04028368794326241,0.28174603174603174,0.021692636724717385,0.5077780016985174,0.10000000149011612,1000.0,128.0,0.0,0.0,0.6306465864181519,0.0154876708984375,1
l1,L1-ReLU,l1_coefficient,4.5,0.04779068311874814,1.36328125,999.0,17.398813247680664,0.8491362929344177,100.0,0.0390625,0.7012785077095032,0.7012785077095032,0.7012785077095032,1.36328125,0.21875977516174316,1.0230575515826699,12.800000190734863,1.0,128.0,101001.0,16.0,0.018035888671875,0.108795166015625,0.017638027667999268,0.0,0.7012785077095032,128.0,0.019868900999426842,0.010497212409973145,0.8491362929344177,1.1399102210998535,0.010650634765625,1.0,128.0,0.1046142578125,0.10516088446072241,0.1,0.05356156819436776,0.27793696275071633,0.029636419187289948,0.510546299100341,0.10000000149011612,1000.0,128.0,0.0,0.0,0.6014685034751892,0.018035888671875,1
l1,L1-ReLU,l1_coefficient,3.5,0.16064124009864425,2.15234375,999.0,15.636117935180664,0.8454598784446716,100.0,0.0078125,0.7128547430038452,0.7128547430038452,0.7128547430038452,2.15234375,0.22551000118255615,1.0403804892620108,12.800000190734863,1.0,128.0,101001.0,16.0,0.0252227783203125,0.1118316650390625,0.024471193552017212,0.0,0.7128547430038452,128.0,0.02820497378706932,0.016469597816467285,0.8454598784446716,1.1300609111785889,0.016815185546875,1.0,128.0,0.107330322265625,0.10826487801753043,0.1,0.08028242677824267,0.27858439201451907,0.04689886953864956,0.5167110045269108,0.10000000149011612,1000.0,128.0,0.0,0.0,0.4538215398788452,0.0252227783203125,1
l1,L1-ReLU,l1_coefficient,3.0,0.06917077287334901,2.623046875,999.0,14.622976303100586,0.8092048168182373,100.0,0.0,0.7074115872383118,0.7074115872383118,0.7074115872383118,2.623046875,0.29050928354263306,1.0440016935861467,12.800000190734863,1.0,128.0,101001.0,16.0,0.0304107666015625,0.1164093017578125,0.029338032007217407,0.0,0.7074115872383118,128.0,0.03176531940698624,0.01999148726463318,0.8092048168182373,1.0352202653884888,0.0204925537109375,1.0,128.0,0.1100921630859375,0.10766019333917853,0.1,0.08543541640258588,0.2509307520476545,0.051481820959364495,0.5172140415188414,0.10000000149011612,1000.0,128.0,0.0,0.0,0.4179919958114624,0.0304107666015625,1
l1,L1-ReLU,l1_coefficient,2.0,0.21669830255771658,4.439453125,999.0,12.03582763671875,0.7535268068313599,100.0,0.0,0.7065173387527466,0.7065173387527466,0.7065173387527466,4.439453125,0.3847845196723938,1.0521124471871206,12.800000190734863,1.0,128.0,101001.0,16.0,0.0479888916015625,0.1270599365234375,0.04535749554634094,0.0,0.7065173387527466,128.0,0.04167226329445839,0.0333046019077301,0.7535268068313599,0.897662878036499,0.0346832275390625,1.0,128.0,0.1178741455078125,0.11164688036142799,0.1,0.12405034584420002,0.24065112186537616,0.08356248090436907,0.5271516422151953,0.10000000149011612,1000.0,128.0,0.0,0.0,0.29169145226478577,0.0479888916015625,1
l1,L1-ReLU,l1_coefficient,1.0,0.3050262641701295,10.0390625,999.0,8.175622940063477,0.5007478594779968,100.0,0.0,0.6980739831924438,0.6980739831924438,0.6980739831924438,10.0390625,0.7283135652542114,0.9979726614024145,12.800000190734863,1.0,128.0,101001.0,16.0,0.114837646484375,0.170928955078125,0.09973359107971191,0.0,0.6980739831924438,128.0,0.05618693679571152,0.07139039039611816,0.5007478594779968,0.39641857147216797,0.07843017578125,1.0,128.0,0.1458740234375,0.11724755284158012,0.1,0.18192709224713333,0.20680933852140077,0.16238924534066607,0.5466379181441422,0.10000000149011612,1000.0,128.0,0.0,0.0,0.18585661053657532,0.114837646484375,1
l1,L1-ReLU,l1_coefficient,0.5,0.3842700378608446,18.76953125,999.0,5.021721839904785,0.30218973755836487,100.0,0.0,0.685316801071167,0.685316801071167,0.685316801071167,18.76953125,0.9010560512542725,0.9658887247927912,12.800000190734863,1.0,128.0,101001.0,16.0,0.21923828125,0.247955322265625,0.16751861572265625,0.0,0.685316801071167,128.0,0.07096295803785324,0.12321370840072632,0.30218973755836487,0.1443694531917572,0.146636962890625,1.0,128.0,0.192626953125,0.12251421338737034,0.1,0.21861846991829662,0.1837669094693028,0.26978307363275283,0.568405691757892,0.10000000149011612,1000.0,128.0,0.0,0.0,0.13655216991901398,0.21923828125,1
l1,L1-ReLU,l1_coefficient,0.3,0.30288034257320146,25.099609375,999.0,3.339578628540039,0.20730271935462952,100.0,0.0,0.6729097366333008,0.6729097366333008,0.6729097366333008,25.099609375,0.9534371495246887,0.9881414190351495,12.800000190734863,1.0,128.0,101001.0,16.0,0.2945709228515625,0.3144989013671875,0.20491263270378113,0.0,0.6729097366333008,128.0,0.08126060664653778,0.15599820017814636,0.20730271935462952,0.06794004887342453,0.1960906982421875,1.0,128.0,0.2360382080078125,0.11576901295279007,0.1,0.20250554209413832,0.1528285736518559,0.30003055300947146,0.5577369242416403,0.10000000149011612,1000.0,128.0,0.0,0.0,0.11950107663869858,0.2945709228515625,1
l1,L1-ReLU,l1_coefficient,0.25,0.26117937663575475,27.060546875,999.0,2.8679308891296387,0.18338508903980255,100.0,0.0,0.6709729433059692,0.6709729433059692,0.6709729433059692,27.060546875,0.9635617136955261,0.9948687509203583,12.800000190734863,1.0,128.0,101001.0,16.0,0.3164215087890625,0.3348541259765625,0.21374204754829407,0.0,0.6709729433059692,128.0,0.08479544520378113,0.16474154591560364,0.18338508903980255,0.05316721647977829,0.2114105224609375,1.0,128.0,0.2494354248046875,0.11425725956432568,0.1,0.19871574922797902,0.14630097437748105,0.3096547509929728,0.5545730951099802,0.10000000149011612,1000.0,128.0,0.0,0.0,0.11710833758115768,0.3164215087890625,1
l1,L1-ReLU,l1_coefficient,0.2,-0.07139108509019162,28.990234375,999.0,2.370817184448242,0.1588456630706787,100.0,0.0,0.6713628172874451,0.6713628172874451,0.6713628172874451,28.990234375,0.9726611375808716,0.9996840553985449,12.800000190734863,1.0,128.0,101001.0,16.0,0.3427581787109375,0.3566131591796875,0.22308024764060974,0.0,0.6713628172874451,128.0,0.08834366500377655,0.17286106944084167,0.1588456630706787,0.03989023342728615,0.2264862060546875,1.0,128.0,0.2629241943359375,0.11264577467495573,0.1,0.1943989901351162,0.1400660243886007,0.3175985334555454,0.5506114382822734,0.10000000149011612,1000.0,128.0,0.0,0.0,0.11250770837068558,0.3427581787109375,1
l1,L1-ReLU,l1_coefficient,0.1,-0.13111277654623651,33.125,999.0,1.2759287357330322,0.08917068690061569,100.0,0.0,0.6621975898742676,0.6621975898742676,0.6621975898742676,33.125,0.9913846254348755,1.0364715159188342,12.800000190734863,1.0,128.0,101001.0,16.0,0.4038848876953125,0.4109954833984375,0.2378980815410614,0.0,0.6621975898742676,128.0,0.09856898337602615,0.18512767553329468,0.08917068690061569,0.012570718303322792,0.2587890625,1.0,128.0,0.291259765625,0.11013047541953755,0.1,0.18795201225219094,0.13024764150943396,0.33745798961197676,0.543699328760896,0.10000000149011612,1000.0,128.0,0.0,0.0,0.10612945258617401,0.4038848876953125,1
l1,L1-ReLU,l1_coefficient,0.05,-0.06306540380667053,34.748046875,999.0,0.6682363748550415,0.04717176407575607,100.0,0.0,0.6526932716369629,0.6526932716369629,0.6526932716369629,34.748046875,0.9975889921188354,1.0542534867471463,12.800000190734863,1.0,128.0,101001.0,16.0,0.4435882568359375,0.4482269287109375,0.24463948607444763,0.0,0.6526932716369629,128.0,0.10533535480499268,0.18545964360237122,0.04717176407575607,0.003517872653901577,0.2714691162109375,1.0,128.0,0.3068389892578125,0.106000646879088,0.1,0.17372724657928257,0.11882412455736047,0.3229453101130461,0.528594201081273,0.10000000149011612,1000.0,128.0,0.0,0.0,0.10221923887729645,0.4435882568359375,1
l1,L1-ReLU,l1_coefficient,0.02,0.16308673769739707,35.900390625,999.0,0.2798629701137543,0.025223562493920326,100.0,0.0,0.6292110085487366,0.6292110085487366,0.6292110085487366,35.900390625,0.9993106722831726,1.0718809990589073,12.800000190734863,1.0,128.0,101001.0,16.0,0.4715576171875,0.475860595703125,0.2473752498626709,0.0,0.6292110085487366,128.0,0.10990048944950104,0.18475225567817688,0.025223562493920326,0.0010058394400402904,0.2804718017578125,1.0,128.0,0.3193817138671875,0.10257463873045657,0.1,0.16030809965098086,0.10869920026113922,0.30522456461961506,0.5137497632387785,0.10000000149011612,1000.0,128.0,0.0,0.0,0.10033611953258514,0.4715576171875,1
l1,L1-ReLU,l1_coefficient,0.002,0.07745324620805842,40.0546875,999.0,0.04317382723093033,0.02956952154636383,100.0,0.0,0.6081717610359192,0.6081717610359192,0.6081717610359192,40.0546875,0.9990526437759399,1.0970011881566195,12.800000190734863,1.0,128.0,101001.0,16.0,0.5576171875,0.547210693359375,0.23047637939453125,0.0,0.6081717610359192,128.0,0.1184273213148117,0.1950526237487793,0.02956952154636383,0.0013823069166392088,0.31292724609375,1.0,128.0,0.347747802734375,0.10121137004467551,0.1,0.15761070451689213,0.10395943046615955,0.3256950809654751,0.5070923277348142,0.10000000149011612,1000.0,128.0,0.0,0.0,0.09209433943033218,0.5576171875,1
l1,L1-ReLU,l1_coefficient,0.0003,0.3967130712616782,50.90234375,999.0,0.02724301815032959,0.047590263187885284,100.0,0.0,0.6129025220870972,0.6129025220870972,0.6129025220870972,50.90234375,0.9975460767745972,1.0906138629330564,12.800000190734863,1.0,128.0,101001.0,16.0,0.615631103515625,0.59710693359375,0.19892752170562744,0.0,0.6129025220870972,128.0,0.14255058765411377,0.1986061930656433,0.047590263187885284,0.0035805688239634037,0.397674560546875,1.0,128.0,0.41790771484375,0.09998840646973531,0.1,0.16008341511285576,0.10014580615455453,0.3987167736021998,0.5005789326563297,0.10000000149011612,1000.0,128.0,0.0,0.0,0.10344080626964569,0.615631103515625,1
l1,L1-ReLU,l1_coefficient,0.0,0.7019760091776425,52.81640625,999.0,0.037444714456796646,0.05569871515035629,100.0,0.0,0.6157022714614868,0.6157022714614868,0.6157022714614868,52.81640625,0.9966385960578918,1.090556062190734,12.800000190734863,1.0,128.0,101001.0,16.0,0.6235809326171875,0.6036529541015625,0.19285324215888977,0.0,0.6157022714614868,128.0,0.15072232484817505,0.19268912076950073,0.05569871515035629,0.004904629196971655,0.412628173828125,1.0,128.0,0.430511474609375,0.09967055058815899,0.1,0.1599976181969751,0.09936395237038681,0.4104796822487015,0.49880654734574426,0.10000000149011612,1000.0,128.0,0.0,0.0,0.10807087272405624,0.6235809326171875,1
topk,TopK,k,1.0,0.06629900993709578,1.0,999.0,12.330277442932129,0.7511536478996277,100.0,0.609375,0.6751646995544434,0.6751646995544434,0.6751646995544434,1.0,0.38865357637405396,1.095073529042874,12.800000190734863,1.0,128.0,101002.0,16.0,nan,nan,nan,0.0,0.6751646995544434,128.0,0.02507813274860382,0.007602572441101074,0.7511536478996277,0.8920176029205322,0.0078125,1.0,128.0,0.101409912109375,0.1094023194329075,0.1,0.05837347690563898,0.40234375,0.03146959975557592,0.5131411399354248,0.10000000149011612,1000.0,128.0,0.0,0.0,nan,nan,1
topk,TopK,k,2.0,0.17061715057555338,2.0,999.0,8.251903533935547,0.7003208994865417,100.0,0.359375,0.6922067403793335,0.6922067403793335,0.6922067403793335,2.0,0.46859705448150635,1.102246098313634,12.800000190734863,1.0,128.0,101002.0,16.0,nan,nan,nan,0.0,0.6922067403793335,128.0,0.037540502846241,0.01513129472732544,0.7003208994865417,0.7753718495368958,0.015625,1.0,128.0,0.104461669921875,0.11391010045495341,0.1,0.09564068692206078,0.353515625,0.055300947143293616,0.5220393530427436,0.10000000149011612,1000.0,128.0,0.0,0.0,nan,nan,1
topk,TopK,k,3.0,-0.15160631987260112,3.0,999.0,5.843616008758545,0.616630494594574,100.0,0.1328125,0.6818488240242004,0.6818488240242004,0.6818488240242004,3.0,0.5880165100097656,1.0916473404820004,12.800000190734863,1.0,128.0,101002.0,16.0,nan,nan,nan,0.0,0.6818488240242004,128.0,0.04546050354838371,0.022663414478302002,0.616630494594574,0.6011264324188232,0.0234375,1.0,128.0,0.109375,0.11368213859081802,0.1,0.11309081910418213,0.2975260416666667,0.06981362664222426,0.5257611954197728,0.10000000149011612,1000.0,128.0,0.0,0.0,nan,nan,1
topk,TopK,k,4.0,0.18599285280574449,4.0,999.0,4.460620880126953,0.5786046981811523,100.0,0.0859375,0.6781941056251526,0.6781941056251526,0.6781941056251526,4.0,0.6372614502906799,1.1050743715269078,12.800000190734863,1.0,128.0,101002.0,16.0,nan,nan,nan,0.0,0.6781941056251526,128.0,0.051355794072151184,0.029842376708984375,0.5786046981811523,0.5292730331420898,0.03125,1.0,128.0,0.1153564453125,0.11193294274562948,0.1,0.12031649988363972,0.25244140625,0.07897952948365414,0.526512989017128,0.10000000149011612,1000.0,128.0,0.0,0.0,nan,nan,1
topk,TopK,k,5.0,0.1859657165536981,5.0,999.0,3.601767063140869,0.5347777605056763,100.0,0.0625,0.6620815396308899,0.6620815396308899,0.6620815396308899,5.0,0.690132200717926,1.1087007746676647,12.800000190734863,1.0,128.0,101002.0,16.0,nan,nan,nan,0.0,0.6620815396308899,128.0,0.05630389600992203,0.03687769174575806,0.5347777605056763,0.4521291255950928,0.0390625,1.0,128.0,0.12115478515625,0.11127064323483568,0.1,0.1280474412475291,0.227734375,0.089062022609227,0.5277739338338556,0.10000000149011612,1000.0,128.0,0.0,0.0,nan,nan,1
topk,TopK,k,6.0,0.3795978467395566,6.0,999.0,3.0739622116088867,0.5083410143852234,100.0,0.0703125,0.6633641719818115,0.6633641719818115,0.6633641719818115,6.0,0.7200115919113159,1.105035289626025,12.800000190734863,1.0,128.0,101002.0,16.0,nan,nan,nan,0.0,0.6633641719818115,128.0,0.06137838214635849,0.043622732162475586,0.5083410143852234,0.4085320830345154,0.046875,1.0,128.0,0.126190185546875,0.11218993966576281,0.1,0.14015387814514452,0.21940104166666666,0.10296364191872899,0.5311563420646366,0.10000000149011612,1000.0,128.0,0.0,0.0,nan,nan,1
topk,TopK,k,7.0,0.08190885336004697,7.0,999.0,2.7279810905456543,0.45688456296920776,100.0,0.0703125,0.6466283798217773,0.6466283798217773,0.6466283798217773,7.0,0.7738259434700012,1.1359257300209469,12.800000190734863,1.0,128.0,101002.0,16.0,nan,nan,nan,0.0,0.6466283798217773,128.0,0.0656919926404953,0.05007636547088623,0.45688456296920776,0.3300113081932068,0.0546875,1.0,128.0,0.135467529296875,0.10703542290684606,0.1,0.12359328726554789,0.17466517857142858,0.0956309196455851,0.5227434137132825,0.10000000149011612,1000.0,128.0,0.0,0.0,nan,nan,1
topk,TopK,k,8.0,-0.46911418247188247,8.0,999.0,2.4225761890411377,0.44994056224823,100.0,0.0625,0.6519436240196228,0.6519436240196228,0.6519436240196228,8.0,0.7806487679481506,1.1276605689463388,12.800000190734863,1.0,128.0,101002.0,16.0,nan,nan,nan,0.0,0.6519436240196228,128.0,0.06818905472755432,0.05671489238739014,0.44994056224823,0.32005614042282104,0.0625,1.0,128.0,0.140869140625,0.10766370792546259,0.1,0.1324938921255403,0.172119140625,0.1076993583868011,0.5251075195053179,0.10000000149011612,1000.0,128.0,0.0,0.0,nan,nan,1
topk,TopK,k,9.0,0.20326567322896555,9.0,999.0,1.7289626598358154,0.41739365458488464,100.0,0.046875,0.6541352272033691,0.6541352272033691,0.6541352272033691,9.0,0.8112350106239319,1.1173313693958935,12.800000190734863,1.0,128.0,101002.0,16.0,nan,nan,nan,0.0,0.6541352272033691,128.0,0.07251940667629242,0.06255704164505005,0.41739365458488464,0.2754276394844055,0.0703125,1.0,128.0,0.145751953125,0.10893218742391585,0.1,0.1436256051640667,0.173828125,0.1223648029330889,0.5289142204189092,0.10000000149011612,1000.0,128.0,0.0,0.0,nan,nan,1
topk,TopK,k,10.0,0.24702422922951098,10.0,999.0,1.0359854698181152,0.383254736661911,100.0,0.015625,0.6482305526733398,0.6482305526733398,0.6482305526733398,10.0,0.8408506512641907,1.1377323733971123,12.800000190734863,1.0,128.0,101002.0,16.0,nan,nan,nan,0.0,0.6482305526733398,128.0,0.07691527158021927,0.06754356622695923,0.383254736661911,0.23221534490585327,0.078125,1.0,128.0,0.15240478515625,0.108084746074356,0.1,0.1438367906737528,0.1638671875,0.12816987473266117,0.5277991262118976,0.10000000149011612,1000.0,128.0,0.0,0.0,nan,nan,1
topk,TopK,k,11.0,0.11039351016771166,11.0,999.0,1.0757386684417725,0.35870376229286194,100.0,0.03125,0.6469942927360535,0.6469942927360535,0.6469942927360535,11.0,0.860587477684021,1.1282861901945622,12.800000190734863,1.0,128.0,101002.0,16.0,nan,nan,nan,0.0,0.6469942927360535,128.0,0.08103608340024948,0.07270550727844238,0.35870376229286194,0.20341724157333374,0.0859375,1.0,128.0,0.157989501953125,0.10852863752646263,0.1,0.14977828871735918,0.16193181818181818,0.13932172318973418,0.5296540807845602,0.10000000149011612,1000.0,128.0,0.0,0.0,nan,nan,1
topk,TopK,k,12.0,-0.19398997444561183,12.0,999.0,0.9046881198883057,0.3402674198150635,100.0,0.0234375,0.6464808583259583,0.6464808583259583,0.6464808583259583,12.0,0.8745500445365906,1.1457542581116549,12.800000190734863,1.0,128.0,101002.0,16.0,nan,nan,nan,0.0,0.6464808583259583,128.0,0.08262604475021362,0.07845968008041382,0.3402674198150635,0.1830444633960724,0.09375,1.0,128.0,0.165496826171875,0.10695200561809375,0.1,0.14531126871552402,0.15006510416666666,0.14084937366330583,0.5261629475538092,0.10000000149011612,1000.0,128.0,0.0,0.0,nan,nan,1
topk,TopK,k,13.0,0.5254030992220949,13.0,999.0,0.5219608545303345,0.27245625853538513,100.0,0.015625,0.6083745956420898,0.6083745956420898,0.6083745956420898,13.0,0.9195690155029297,1.2065731220791527,12.800000190734863,1.0,128.0,101002.0,16.0,nan,nan,nan,0.0,0.6083745956420898,128.0,0.0938633382320404,0.07833689451217651,0.27245625853538513,0.11735711246728897,0.1015625,1.0,128.0,0.173095703125,0.10551668595795895,0.1,0.14073625208301774,0.13957331730769232,0.14191872899480598,0.5224172387133719,0.10000000149011612,1000.0,128.0,0.0,0.0,nan,nan,1
topk,TopK,k,14.0,0.12239466733561781,14.0,999.0,0.25059640407562256,0.207972913980484,100.0,0.015625,0.5730525851249695,0.5730525851249695,0.5730525851249695,14.0,0.9531355500221252,1.3081411172986834,12.800000190734863,1.0,128.0,101002.0,16.0,nan,nan,nan,0.0,0.5730525851249695,128.0,0.10669638216495514,0.07634049654006958,0.207972913980484,0.06838005036115646,0.109375,1.0,128.0,0.1834716796875,0.10220772013660707,0.1,0.1232317339944582,0.11788504464285714,0.12908646501680415,0.5109494030457813,0.10000000149011612,1000.0,128.0,0.0,0.0,nan,nan,1
topk,TopK,k,15.0,0.18792830909986194,15.0,999.0,0.02618476189672947,0.06885100156068802,100.0,0.28125,0.5810880064964294,0.5810880064964294,0.5810880064964294,15.0,0.9948636889457703,1.3482050498608897,12.800000190734863,1.0,128.0,101002.0,16.0,nan,nan,nan,0.0,0.5810880064964294,128.0,0.11995723098516464,0.06533056497573853,0.06885100156068802,0.0074943918734788895,0.1171875,1.0,128.0,0.18743896484375,0.10382206543167663,0.1,0.1365106143680585,0.12643229166666667,0.1483348609838069,0.5173018600562364,0.10000000149011612,1000.0,128.0,0.0,0.0,nan,nan,1
topk,TopK,k,16.0,0.9412295877169761,16.0,999.0,0.010997699573636055,0.05586601793766022,100.0,0.234375,0.5619312524795532,0.5619312524795532,0.5619312524795532,16.0,0.996618390083313,1.3665687299705058,12.800000190734863,1.0,128.0,101002.0,16.0,nan,nan,nan,0.0,0.5619312524795532,128.0,0.12270919233560562,0.06746190786361694,0.05586601793766022,0.004934137687087059,0.125,1.0,128.0,0.194915771484375,0.10288269061616827,0.1,0.1332609580675804,0.119873046875,0.15001527650473573,0.5138955853620475,0.10000000149011612,1000.0,128.0,0.0,0.0,nan,nan,1
topk,TopK,k,17.0,-0.357431213789289,16.994140625,999.0,0.00038638649857603014,0.017121626064181328,100.0,0.4140625,0.6010815501213074,0.6010815501213074,0.6010815501213074,16.994140625,0.9996823668479919,1.3937873292036713,12.800000190734863,1.0,128.0,101002.0,16.0,nan,nan,nan,0.0,0.6010815501213074,128.0,0.12102892994880676,0.06543794274330139,0.017121626064181328,0.0004634531505871564,0.1327667236328125,1.0,128.0,0.2051239013671875,0.100405199606203,0.1,0.11831835770971338,0.10366624525916561,0.13779407271616254,0.5027926118793561,0.10000000149011612,1000.0,128.0,0.0,0.0,nan,nan,1
topk,TopK,k,18.0,-0.07046587388003701,17.9921875,999.0,0.001137548591941595,0.01757914200425148,100.0,0.5078125,0.5983376502990723,0.5983376502990723,0.5983376502990723,17.9921875,0.9996651411056519,1.3561718147144286,12.800000190734863,1.0,128.0,101002.0,16.0,nan,nan,nan,0.0,0.5983376502990723,128.0,0.11987893283367157,0.07268130779266357,0.01757914200425148,0.0004885524394921958,0.14056396484375,1.0,128.0,0.213714599609375,0.09924293439479094,0.1,0.11118162203325295,0.09509335649153278,0.13382218148487626,0.4962550473452522,0.10000000149011612,1000.0,128.0,0.0,0.0,nan,nan,1
topk,TopK,k,19.0,0.3236533744603828,19.0,999.0,0.0010622941190376878,0.013957968913018703,100.0,0.3046875,0.6040212512016296,0.6040212512016296,0.6040212512016296,19.0,0.9997888803482056,1.3107325412477542,12.800000190734863,1.0,128.0,101002.0,16.0,nan,nan,nan,0.0,0.6040212512016296,128.0,0.12038564682006836,0.07458001375198364,0.013957968913018703,0.00030800679815001786,0.1484375,1.0,128.0,0.21624755859375,0.10119330659701598,0.1,0.12916308221703332,0.10803865131578948,0.16055606477238007,0.506731668595717,0.10000000149011612,1000.0,128.0,0.0,0.0,nan,nan,1
topk,TopK,k,20.0,0.5893245468438566,19.89453125,999.0,0.0008833144675008953,0.013269877061247826,100.0,0.4140625,0.5961068868637085,0.5961068868637085,0.5961068868637085,19.89453125,0.999809205532074,1.330599825901002,12.800000190734863,1.0,128.0,101002.0,16.0,nan,nan,nan,0.0,0.5961068868637085,128.0,0.1213739812374115,0.07864493131637573,0.013269877061247826,0.00027838745154440403,0.155426025390625,1.0,128.0,0.223236083984375,0.10041335495751579,0.1,0.1256275400430313,0.10318083644217553,0.16055606477238007,0.5028496546950559,0.10000000149011612,1000.0,128.0,0.0,0.0,nan,nan,1
topk,TopK,k,21.0,-0.6859504647945107,20.916015625,999.0,0.00015822486602701247,0.01661418005824089,100.0,0.3203125,0.5930182933807373,0.5930182933807373,0.5930182933807373,20.916015625,0.9997009038925171,1.3684887973723563,12.800000190734863,1.0,128.0,101002.0,16.0,nan,nan,nan,0.0,0.5930182933807373,128.0,0.12219886481761932,0.08193835616111755,0.01661418005824089,0.00043638888746500015,0.1634063720703125,1.0,128.0,0.2325592041015625,0.09898395166728419,0.1,0.11671979136482179,0.0940330563077785,0.15383440268866483,0.4946829243482314,0.10000000149011612,1000.0,128.0,0.0,0.0,nan,nan,1
topk,TopK,k,22.0,-0.0762658771610125,21.95703125,999.0,0.000870248069986701,0.01561442669481039,100.0,0.359375,0.5856893062591553,0.5856893062591553,0.5856893062591553,21.95703125,0.9997358322143555,1.3120695767785373,12.800000190734863,1.0,128.0,101002.0,16.0,nan,nan,nan,0.0,0.5856893062591553,128.0,0.12011031806468964,0.08794301748275757,0.01561442669481039,0.000385449908208102,0.171539306640625,1.0,128.0,0.22894287109375,0.10497428563850333,0.1,0.15651000674612098,0.1238213840953567,0.21264894592117323,0.5228357460577217,0.10000000149011612,1000.0,128.0,0.0,0.0,nan,nan,1
topk,TopK,k,23.0,0.41589751547080694,22.974609375,999.0,0.0011343557853251696,0.015948697924613953,100.0,0.3984375,0.5920109152793884,0.5920109152793884,0.5920109152793884,22.974609375,0.9997243881225586,1.2820933626272204,12.800000190734863,1.0,128.0,101002.0,16.0,nan,nan,nan,0.0,0.5920109152793884,128.0,0.11983291804790497,0.08968934416770935,0.015948697924613953,0.0004021298955194652,0.1794891357421875,1.0,128.0,0.2403717041015625,0.10159461656869362,0.1,0.1396034737014583,0.10864575363427698,0.19523373052245646,0.5087458701773158,0.10000000149011612,1000.0,128.0,0.0,0.0,nan,nan,1
topk,TopK,k,24.0,-0.3341335283933918,23.978515625,999.0,0.00778566300868988,0.01717553101480007,100.0,0.453125,0.5892836451530457,0.5892836451530457,0.5892836451530457,23.978515625,0.9996803402900696,1.2924974604517445,12.800000190734863,1.0,128.0,101002.0,16.0,nan,nan,nan,0.0,0.5892836451530457,128.0,0.11976888030767441,0.09634396433830261,0.01717553101480007,0.0004663759609684348,0.1873321533203125,1.0,128.0,0.2491302490234375,0.1002213831237264,0.1,0.13260372947989163,0.10165349841166409,0.19065077910174152,0.5018434434583128,0.10000000149011612,1000.0,128.0,0.0,0.0,nan,nan,1
topk,TopK,k,25.0,-0.04856537404958637,24.98046875,999.0,0.0016184699488803744,0.014624449424445629,100.0,0.375,0.5934082269668579,0.5934082269668579,0.5934082269668579,24.98046875,0.9997682571411133,1.2861664656766878,12.800000190734863,1.0,128.0,101002.0,16.0,nan,nan,nan,0.0,0.5934082269668579,128.0,0.12034589052200317,0.09901714324951172,0.014624449424445629,0.0003381231508683413,0.195159912109375,1.0,128.0,0.255157470703125,0.10034429389553126,0.1,0.135188249896566,0.10218921032056294,0.19966391689581423,0.5025019025062222,0.10000000149011612,1000.0,128.0,0.0,0.0,nan,nan,1
topk,TopK,k,26.0,-0.509593792745062,25.853515625,999.0,0.0019887080416083336,0.015466715209186077,100.0,0.296875,0.5994308590888977,0.5994308590888977,0.5994308590888977,25.853515625,0.9997407793998718,1.2777713466980907,12.800000190734863,1.0,128.0,101002.0,16.0,nan,nan,nan,0.0,0.5994308590888977,128.0,0.11996161937713623,0.10209670662879944,0.015466715209186077,0.00037819170393049717,0.2019805908203125,1.0,128.0,0.2600555419921875,0.10064034565767167,0.1,0.1385027548905626,0.1034977713983531,0.20928811487931562,0.5040592125506935,0.10000000149011612,1000.0,128.0,0.0,0.0,nan,nan,1
topk,TopK,k,27.0,-0.10634187349206439,26.349609375,999.0,0.0013843001797795296,0.013158290646970272,100.0,0.3125,0.6044274568557739,0.6044274568557739,0.6044274568557739,26.349609375,0.9998124241828918,1.2519139407509443,12.800000190734863,1.0,128.0,101002.0,16.0,nan,nan,nan,0.0,0.6044274568557739,128.0,0.12042491883039474,0.10311725735664368,0.013158290646970272,0.0002737252216320485,0.2058563232421875,1.0,128.0,0.2606658935546875,0.10204929831077582,0.1,0.14742725956979588,0.10948039433696538,0.22563397494653223,0.5109861686904216,0.10000000149011612,1000.0,128.0,0.0,0.0,nan,nan,1
topk,TopK,k,28.0,-0.09665629609149048,27.77734375,999.0,0.0005639914888888597,0.012167035602033138,100.0,0.2578125,0.6006089448928833,0.6006089448928833,0.6006089448928833,27.77734375,0.9998396039009094,1.2608271267470075,12.800000190734863,1.0,128.0,101002.0,16.0,nan,nan,nan,0.0,0.6006089448928833,128.0,0.11955979466438293,0.10946774482727051,0.012167035602033138,0.000234037492191419,0.217010498046875,1.0,128.0,0.27685546875,0.09835425006717163,0.1,0.12634822804314327,0.09225144142877233,0.20042774213260006,0.49078854473980404,0.10000000149011612,1000.0,128.0,0.0,0.0,nan,nan,1
topk,TopK,k,29.0,-0.3092718883784496,28.787109375,999.0,0.007583892438560724,0.019957398995757103,100.0,0.2890625,0.6084479093551636,0.6084479093551636,0.6084479093551636,28.787109375,0.9995684623718262,1.2384029402827355,12.800000190734863,1.0,128.0,101002.0,16.0,nan,nan,nan,0.0,0.6084479093551636,128.0,0.11981359124183655,0.11392107605934143,0.019957398995757103,0.0006296855281107128,0.2248992919921875,1.0,128.0,0.2763824462890625,0.10175487328470538,0.1,0.1490251350716467,0.1076056720265961,0.24228536510846319,0.5096576850970354,0.10000000149011612,1000.0,128.0,0.0,0.0,nan,nan,1
topk,TopK,k,30.0,-0.7523170328373504,29.970703125,999.0,0.004662300460040569,0.017925135791301727,100.0,0.2890625,0.602002739906311,0.602002739906311,0.602002739906311,29.970703125,0.9996518492698669,1.254887884957343,12.800000190734863,1.0,128.0,101002.0,16.0,nan,nan,nan,0.0,0.602002739906311,128.0,0.1197759211063385,0.11976847052574158,0.017925135791301727,0.0005079731345176697,0.2341461181640625,1.0,128.0,0.2893218994140625,0.09889635647805359,0.1,0.13384495911561828,0.09547083740632127,0.22380079437824626,0.4942533383655937,0.10000000149011612,1000.0,128.0,0.0,0.0,nan,nan,1
topk,TopK,k,31.0,0.9221024099759235,30.193359375,999.0,0.006369170732796192,0.01818910427391529,100.0,0.1796875,0.607728123664856,0.607728123664856,0.607728123664856,30.193359375,0.9996415376663208,1.2031246535529967,12.800000190734863,1.0,128.0,101002.0,16.0,nan,nan,nan,0.0,0.607728123664856,128.0,0.11948108673095703,0.12070462107658386,0.01818910427391529,0.0005230442620813847,0.2358856201171875,1.0,128.0,0.2790374755859375,0.1056687836286295,0.1,0.16896159963644627,0.12025357396985575,0.28399022303696914,0.5267213363023462,0.10000000149011612,1000.0,128.0,0.0,0.0,nan,nan,1
topk,TopK,k,33.0,-0.1671690533078974,31.85546875,999.0,0.005734066478908062,0.017434516921639442,100.0,0.15625,0.6013630032539368,0.6013630032539368,0.6013630032539368,31.85546875,0.999670684337616,1.2457518158992666,12.800000190734863,1.0,128.0,101002.0,16.0,nan,nan,nan,0.0,0.6013630032539368,128.0,0.11944661289453506,0.1258501410484314,0.017434516921639442,0.0004805467906408012,0.248870849609375,1.0,128.0,0.301910400390625,0.09853100252003148,0.1,0.13431921596079804,0.0941140404659718,0.23449434769324778,0.49201408349232656,0.10000000149011612,1000.0,128.0,0.0,0.0,nan,nan,1
topk,TopK,k,32.0,0.3731443282868883,31.970703125,999.0,0.011623336002230644,0.02356586791574955,100.0,0.3046875,0.6104392409324646,0.6104392409324646,0.6104392409324646,31.970703125,0.9993982911109924,1.2021565720804368,12.800000190734863,1.0,128.0,101002.0,16.0,nan,nan,nan,0.0,0.6104392409324646,128.0,0.1196528971195221,0.12780985236167908,0.02356586791574955,0.0008779760682955384,0.2497711181640625,1.0,128.0,0.2963104248046875,0.10172741390501423,0.1,0.15256382282347808,0.10678721974463926,0.2670333027803239,0.5095888670199298,0.10000000149011612,1000.0,128.0,0.0,0.0,nan,nan,1
topk,TopK,k,34.0,0.14536045975842157,33.927734375,999.0,0.006715581752359867,0.01805444434285164,100.0,0.2734375,0.605581521987915,0.605581521987915,0.605581521987915,33.927734375,0.9996468424797058,1.1908920150241118,12.800000190734863,1.0,128.0,101002.0,16.0,nan,nan,nan,0.0,0.605581521987915,128.0,0.11899703741073608,0.1348150670528412,0.01805444434285164,0.0005153284291736782,0.2650604248046875,1.0,128.0,0.3121490478515625,0.09980666145268742,0.1,0.14466697328260233,0.09959127281100685,0.2642835319278949,0.4995684484525048,0.10000000149011612,1000.0,128.0,0.0,0.0,nan,nan,1
topk,TopK,k,35.0,-0.09788592863809531,34.283203125,999.0,0.014634463004767895,0.022680262103676796,100.0,0.234375,0.6078723669052124,0.6078723669052124,0.6078723669052124,34.283203125,0.9994426369667053,1.2025145078089097,12.800000190734863,1.0,128.0,101002.0,16.0,nan,nan,nan,0.0,0.6078723669052124,128.0,0.1182931661605835,0.1368216574192047,0.022680262103676796,0.0008132273214869201,0.2678375244140625,1.0,128.0,0.3172760009765625,0.09844161096349062,0.1,0.1371841155234657,0.09417193642112459,0.25252062328139324,0.49149170679241727,0.10000000149011612,1000.0,128.0,0.0,0.0,nan,nan,1
topk,TopK,k,36.0,0.24299605044033443,35.8125,999.0,0.010008337907493114,0.02159276232123375,100.0,0.234375,0.613041877746582,0.613041877746582,0.613041877746582,35.8125,0.9994947910308838,1.1681234910086182,12.800000190734863,1.0,128.0,101002.0,16.0,nan,nan,nan,0.0,0.613041877746582,128.0,0.11880090832710266,0.14372140169143677,0.02159276232123375,0.0007371099200099707,0.27978515625,1.0,128.0,0.315521240234375,0.10462166943052388,0.1,0.1689574793023069,0.11463787085514834,0.32111212954476015,0.5229564716209985,0.10000000149011612,1000.0,128.0,0.0,0.0,nan,nan,1
topk,TopK,k,37.0,0.2739004563747273,36.732421875,999.0,0.013268761336803436,0.022165842354297638,100.0,0.2265625,0.6048861742019653,0.6048861742019653,0.6048861742019653,36.732421875,0.999467670917511,1.1882360365558977,12.800000190734863,1.0,128.0,101002.0,16.0,nan,nan,nan,0.0,0.6048861742019653,128.0,0.1190766841173172,0.14487650990486145,0.022165842354297638,0.0007767555071040988,0.2869720458984375,1.0,128.0,0.3262481689453125,0.10161789854962591,0.1,0.15666784995858477,0.10559897910352528,0.30339138405132904,0.5091206793116452,0.10000000149011612,1000.0,128.0,0.0,0.0,nan,nan,1
topk,TopK,k,38.0,0.13927414760233991,37.82421875,999.0,0.007527285721153021,0.019100159406661987,100.0,0.2265625,0.608925461769104,0.608925461769104,0.608925461769104,37.82421875,0.9996047019958496,1.1841779013458968,12.800000190734863,1.0,128.0,101002.0,16.0,nan,nan,nan,0.0,0.608925461769104,128.0,0.11874859035015106,0.15061581134796143,0.019100159406661987,0.0005767529946751893,0.295501708984375,1.0,128.0,0.340972900390625,0.09775525774709384,0.1,0.13761963569002778,0.09206857378911494,0.2723800794378246,0.4871563051876358,0.10000000149011612,1000.0,128.0,0.0,0.0,nan,nan,1
topk,TopK,k,39.0,-0.04553050587221957,38.162109375,999.0,0.007501628249883652,0.018517818301916122,100.0,0.15625,0.6051936149597168,0.6051936149597168,0.6051936149597168,38.162109375,0.999628484249115,1.1976467053083937,12.800000190734863,1.0,128.0,101002.0,16.0,nan,nan,nan,0.0,0.6051936149597168,128.0,0.11751964688301086,0.15278807282447815,0.018517818301916122,0.0005421200767159462,0.2981414794921875,1.0,128.0,0.3389739990234375,0.0996323799262683,0.1,0.14836112708453134,0.09903270382312299,0.29560036663611367,0.4985884525162261,0.10000000149011612,1000.0,128.0,0.0,0.0,nan,nan,1
topk,TopK,k,40.0,-0.15189927047482035,39.298828125,999.0,0.0029719939921051264,0.012701604515314102,100.0,0.125,0.6085736155509949,0.6085736155509949,0.6085736155509949,39.298828125,0.9998251795768738,1.1945294392975283,12.800000190734863,1.0,128.0,101002.0,16.0,nan,nan,nan,0.0,0.6085736155509949,128.0,0.11847112327814102,0.15732958912849426,0.012701604515314102,0.0002550545032136142,0.3070220947265625,1.0,128.0,0.3506622314453125,0.09755052715271056,0.1,0.1382232722090974,0.09159584513692162,0.2815459822792545,0.48584842765429076,0.10000000149011612,1000.0,128.0,0.0,0.0,nan,nan,1
topk,TopK,k,41.0,0.0249105043550786,39.958984375,999.0,0.0063055637292563915,0.01691785827279091,100.0,0.109375,0.6049679517745972,0.6049679517745972,0.6049679517745972,39.958984375,0.9996898770332336,1.1448793783517988,12.800000190734863,1.0,128.0,101002.0,16.0,nan,nan,nan,0.0,0.6049679517745972,128.0,0.11909568309783936,0.15753218531608582,0.01691785827279091,0.00045248749665915966,0.3121795654296875,1.0,128.0,0.3440704345703125,0.10295296027985719,0.1,0.1650064802814294,0.10890072828583998,0.34036052551176293,0.5156540718760714,0.10000000149011612,1000.0,128.0,0.0,0.0,nan,nan,1
topk,TopK,k,42.0,-0.1416839583442639,41.927734375,999.0,0.003949154168367386,0.013481874018907547,100.0,0.125,0.606519341468811,0.606519341468811,0.606519341468811,41.927734375,0.9998030662536621,1.1478104059194172,12.800000190734863,1.0,128.0,101002.0,16.0,nan,nan,nan,0.0,0.606519341468811,128.0,0.11816824972629547,0.1671939194202423,0.013481874018907547,0.00028735341038554907,0.3275604248046875,1.0,128.0,0.3613128662109375,0.10023546865834608,0.1,0.15471388284010995,0.10094563749010109,0.3310418576229759,0.5019338801591741,0.10000000149011612,1000.0,128.0,0.0,0.0,nan,nan,1
topk,TopK,k,43.0,-0.0862302670733069,42.9140625,999.0,0.006427145563066006,0.017226720228791237,100.0,0.171875,0.6021550297737122,0.6021550297737122,0.6021550297737122,42.9140625,0.9996784329414368,1.157409039391134,12.800000190734863,1.0,128.0,101002.0,16.0,nan,nan,nan,0.0,0.6021550297737122,128.0,0.11719541996717453,0.17025995254516602,0.017226720228791237,0.0004691600624937564,0.33526611328125,1.0,128.0,0.378448486328125,0.09553511450970321,0.1,0.13030366785889613,0.08456217003458948,0.28383745798961196,0.47143220585529083,0.10000000149011612,1000.0,128.0,0.0,0.0,nan,nan,1
topk,TopK,k,44.0,-0.23178254614157,43.365234375,999.0,0.009753908030688763,0.020630449056625366,100.0,0.1640625,0.5998440980911255,0.5998440980911255,0.5998440980911255,43.365234375,0.9995388388633728,1.1565015337599145,12.800000190734863,1.0,128.0,101002.0,16.0,nan,nan,nan,0.0,0.5998440980911255,128.0,0.11720588058233261,0.17161700129508972,0.020630449056625366,0.0006728732259944081,0.3387908935546875,1.0,128.0,0.3740692138671875,0.09841689410794915,0.1,0.14727468781522834,0.0953474755663649,0.32340360525511763,0.49145260784878275,0.10000000149011612,1000.0,128.0,0.0,0.0,nan,nan,1
topk,TopK,k,45.0,0.4436872750359911,44.4765625,999.0,0.009319527074694633,0.019763225689530373,100.0,0.125,0.6028605699539185,0.6028605699539185,0.6028605699539185,44.4765625,0.9995768070220947,1.1282451357466632,12.800000190734863,1.0,128.0,101002.0,16.0,nan,nan,nan,0.0,0.6028605699539185,128.0,0.11709728091955185,0.17624717950820923,0.019763225689530373,0.0006174922455102205,0.34747314453125,1.0,128.0,0.37591552734375,0.10092745297951328,0.1,0.1596971144007095,0.10280168628139821,0.3576229758631225,0.505638068707964,0.10000000149011612,1000.0,128.0,0.0,0.0,nan,nan,1
topk,TopK,k,46.0,-0.04357150774202096,45.318359375,999.0,0.008609764277935028,0.018988411873579025,100.0,0.0859375,0.5970101952552795,0.5970101952552795,0.5970101952552795,45.318359375,0.9996093511581421,1.1446669185625418,12.800000190734863,1.0,128.0,101002.0,16.0,nan,nan,nan,0.0,0.5970101952552795,128.0,0.1180434599518776,0.17672982811927795,0.018988411873579025,0.0005700240144506097,0.3540496826171875,1.0,128.0,0.3844451904296875,0.099275243128554,0.1,0.15308077582439744,0.09813386200060337,0.34784601283226396,0.4965539608151826,0.10000000149011612,1000.0,128.0,0.0,0.0,nan,nan,1
topk,TopK,k,47.0,-0.17148702143546266,46.515625,999.0,0.007731666788458824,0.018356435000896454,100.0,0.0234375,0.602985143661499,0.602985143661499,0.602985143661499,46.515625,0.9996349215507507,1.164521326577141,12.800000190734863,1.0,128.0,101002.0,16.0,nan,nan,nan,0.0,0.602985143661499,128.0,0.11797758936882019,0.18490171432495117,0.018356435000896454,0.0005327120888978243,0.3634033203125,1.0,128.0,0.39337158203125,0.09859322008134608,0.1,0.1509123246162967,0.09619583473295264,0.34998472349526427,0.4925461844294426,0.10000000149011612,1000.0,128.0,0.0,0.0,nan,nan,1
topk,TopK,k,48.0,0.17021549010531603,47.3125,999.0,0.006933008320629597,0.017626570537686348,100.0,0.015625,0.5946933031082153,0.5946933031082153,0.5946933031082153,47.3125,0.9996633529663086,1.1275055836846113,12.800000190734863,1.0,128.0,101002.0,16.0,nan,nan,nan,0.0,0.5946933031082153,128.0,0.11913486570119858,0.18736588954925537,0.017626570537686348,0.0004911922733299434,0.36962890625,1.0,128.0,0.394317626953125,0.10057410073777512,0.1,0.1601559961000975,0.10171730515191546,0.3764130766880538,0.5037684979982056,0.10000000149011612,1000.0,128.0,0.0,0.0,nan,nan,1
topk,TopK,k,49.0,0.1594123200707714,48.509765625,999.0,0.00521149393171072,0.015069147571921349,100.0,0.0390625,0.6021139025688171,0.6021139025688171,0.6021139025688171,48.509765625,0.9997539520263672,1.1339766411950507,12.800000190734863,1.0,128.0,101002.0,16.0,nan,nan,nan,0.0,0.6021139025688171,128.0,0.11843154579401016,0.19260892271995544,0.015069147571921349,0.0003589990083128214,0.3789825439453125,1.0,128.0,0.4056243896484375,0.0986909973013864,0.1,0.15294904884810245,0.09663002778113298,0.36663611365719523,0.49314175576062,0.10000000149011612,1000.0,128.0,0.0,0.0,nan,nan,1
topk,TopK,k,50.0,0.15188924826537326,49.515625,999.0,0.007745696231722832,0.017858119681477547,100.0,0.03125,0.5985350608825684,0.5985350608825684,0.5985350608825684,49.515625,0.9996544718742371,1.1230311041976198,12.800000190734863,1.0,128.0,101002.0,16.0,nan,nan,nan,0.0,0.5985350608825684,128.0,0.11740732938051224,0.1956256628036499,0.017858119681477547,0.0005041820113547146,0.3868408203125,1.0,128.0,0.41168212890625,0.09879851459197914,0.1,0.15417894538842558,0.09699431997475544,0.37564925145126793,0.4937832627827623,0.10000000149011612,1000.0,128.0,0.0,0.0,nan,nan,1
topk,TopK,k,51.0,-0.5424372367867787,50.259765625,999.0,0.007406384684145451,0.01766357198357582,100.0,0.015625,0.6006534695625305,0.6006534695625305,0.6006534695625305,50.259765625,0.999661922454834,1.1435840638901773,12.800000190734863,1.0,128.0,101002.0,16.0,nan,nan,nan,0.0,0.6006534695625305,128.0,0.11818134784698486,0.20040050148963928,0.01766357198357582,0.0004932566080242395,0.3926544189453125,1.0,128.0,0.4187164306640625,0.09771106284792455,0.1,0.14988072740791228,0.09400380833948627,0.36953864955698135,0.4871595604116489,0.10000000149011612,1000.0,128.0,0.0,0.0,nan,nan,1
topk,TopK,k,52.0,0.3687109635700088,51.828125,999.0,0.0037101986818015575,0.013241828419268131,100.0,0.0234375,0.5955396294593811,0.5955396294593811,0.5955396294593811,51.828125,0.9998100399971008,1.1202307273993726,12.800000190734863,1.0,128.0,101002.0,16.0,nan,nan,nan,0.0,0.5955396294593811,128.0,0.11819761991500854,0.20678162574768066,0.013241828419268131,0.00027721183141693473,0.4049072265625,1.0,128.0,0.42462158203125,0.0995282906014976,0.1,0.1588174838280636,0.09899758818209226,0.40131377940727164,0.498003897671088,0.10000000149011612,1000.0,128.0,0.0,0.0,nan,nan,1
topk,TopK,k,53.0,0.1243256945752909,52.50390625,999.0,0.012107441201806068,0.02244907058775425,100.0,0.0390625,0.6075499057769775,0.6075499057769775,0.6075499057769775,52.50390625,0.9994539618492126,1.0886610490941624,12.800000190734863,1.0,128.0,101002.0,16.0,nan,nan,nan,0.0,0.6075499057769775,128.0,0.11752352118492126,0.20614588260650635,0.02244907058775425,0.0007967325509525836,0.410186767578125,1.0,128.0,0.42388916015625,0.1021134117713724,0.1,0.1689601531650114,0.10505170746224239,0.43140849373663304,0.5117883289161212,0.10000000149011612,1000.0,128.0,0.0,0.0,nan,nan,1
topk,TopK,k,54.0,0.13536339267696568,53.732421875,999.0,0.00806422345340252,0.019001811742782593,100.0,0.0078125,0.6003947257995605,0.6003947257995605,0.6003947257995605,53.732421875,0.9996087551116943,1.110156312243148,12.800000190734863,1.0,128.0,101002.0,16.0,nan,nan,nan,0.0,0.6003947257995605,128.0,0.11805734038352966,0.21291998028755188,0.019001811742782593,0.0005708287353627384,0.4197845458984375,1.0,128.0,0.4386138916015625,0.09852851065603843,0.1,0.15597380861496904,0.0965432009014576,0.4057439657806294,0.4922006826699384,0.10000000149011612,1000.0,128.0,0.0,0.0,nan,nan,1
topk,TopK,k,55.0,-0.23271982561003215,54.798828125,999.0,0.005189836956560612,0.01504641491919756,100.0,0.0,0.6021692752838135,0.6021692752838135,0.6021692752838135,54.798828125,0.9997547268867493,1.1117534146284418,12.800000190734863,1.0,128.0,101002.0,16.0,nan,nan,nan,0.0,0.6021692752838135,128.0,0.11844108253717422,0.2152893841266632,0.01504641491919756,0.00035791663685813546,0.4281158447265625,1.0,128.0,0.4454193115234375,0.0984630261988027,0.1,0.15640262404993785,0.09644651958513027,0.41338221814848763,0.4918157064636318,0.10000000149011612,1000.0,128.0,0.0,0.0,nan,nan,1
topk,TopK,k,56.0,-0.12202109411936729,55.490234375,999.0,0.003262497019022703,0.012667483650147915,100.0,0.0078125,0.6089967489242554,0.6089967489242554,0.6089967489242554,55.490234375,0.9998261332511902,1.1151156808511233,12.800000190734863,1.0,128.0,101002.0,16.0,nan,nan,nan,0.0,0.6089967489242554,128.0,0.1180051788687706,0.21708324551582336,0.012667483650147915,0.00025368601200170815,0.4335174560546875,1.0,128.0,0.4498443603515625,0.09841468615451954,0.1,0.15664959807763826,0.09637112386047658,0.4182706996639169,0.49153067107284676,0.10000000149011612,1000.0,128.0,0.0,0.0,nan,nan,1
topk,TopK,k,57.0,0.0009448446110108041,56.73046875,999.0,0.0062554064206779,0.018145151436328888,100.0,0.0,0.6006367206573486,0.6006367206573486,0.6006367206573486,56.73046875,0.9996432662010193,1.1136559209265295,12.800000190734863,1.0,128.0,101002.0,16.0,nan,nan,nan,0.0,0.6006367206573486,128.0,0.11956746876239777,0.22534924745559692,0.018145151436328888,0.0005205195629969239,0.443206787109375,1.0,128.0,0.455169677734375,0.09957747583119708,0.1,0.1618903124297595,0.09918749569648144,0.44011610143599145,0.4982831736201825,0.10000000149011612,1000.0,128.0,0.0,0.0,nan,nan,1
topk,TopK,k,58.0,0.03586782584501675,57.728515625,999.0,0.010395300574600697,0.02192704938352108,100.0,0.0,0.5999075174331665,0.5999075174331665,0.5999075174331665,57.728515625,0.9994790554046631,1.1069929175689535,12.800000190734863,1.0,128.0,101002.0,16.0,nan,nan,nan,0.0,0.5999075174331665,128.0,0.11909304559230804,0.22662857174873352,0.02192704938352108,0.0007601096294820309,0.4510040283203125,1.0,128.0,0.4596405029296875,0.10046706785481677,0.1,0.16563720466443232,0.10116046960110972,0.4567674915979224,0.5032015115219651,0.10000000149011612,1000.0,128.0,0.0,0.0,nan,nan,1
topk,TopK,k,59.0,-0.2309262557246813,58.796875,999.0,0.006424134597182274,0.017555275931954384,100.0,0.0,0.6083921194076538,0.6083921194076538,0.6083921194076538,58.796875,0.9996660947799683,1.1190585883866142,12.800000190734863,1.0,128.0,101002.0,16.0,nan,nan,nan,0.0,0.6083921194076538,128.0,0.1183115541934967,0.23232215642929077,0.017555275931954384,0.00048722681822255254,0.4593505859375,1.0,128.0,0.47015380859375,0.09858186552849862,0.1,0.1592905866302865,0.09696385862343875,0.4459211732355637,0.49254017637875824,0.10000000149011612,1000.0,128.0,0.0,0.0,nan,nan,1
topk,TopK,k,60.0,0.23284325797714206,59.869140625,999.0,0.010079864412546158,0.02200525440275669,100.0,0.0,0.6083272099494934,0.6083272099494934,0.6083272099494934,59.869140625,0.999475359916687,1.1085828440239731,12.800000190734863,1.0,128.0,101002.0,16.0,nan,nan,nan,0.0,0.6083272099494934,128.0,0.1182054802775383,0.23530271649360657,0.02200525440275669,0.0007655412773601711,0.4677276611328125,1.0,128.0,0.4732208251953125,0.10036581089700758,0.1,0.1662947928707761,0.10090366358920823,0.4725022914757104,0.5026522306675043,0.10000000149011612,1000.0,128.0,0.0,0.0,nan,nan,1
topk,TopK,k,61.0,0.04365498733479791,60.765625,999.0,0.005431699566543102,0.016777049750089645,100.0,0.0,0.6054086685180664,0.6054086685180664,0.6054086685180664,60.765625,0.9996950030326843,1.0941674470270197,12.800000190734863,1.0,128.0,101002.0,16.0,nan,nan,nan,0.0,0.6054086685180664,128.0,0.1191292330622673,0.23320412635803223,0.016777049750089645,0.0004449866828508675,0.4747314453125,1.0,128.0,0.475250244140625,0.10225670494268485,0.1,0.17292474374634872,0.10465415273849318,0.4974029941949282,0.5125936822135855,0.10000000149011612,1000.0,128.0,0.0,0.0,nan,nan,1
topk,TopK,k,62.0,0.11726639794594473,61.671875,999.0,0.007675858214497566,0.023557275533676147,100.0,0.0,0.6083210706710815,0.6083210706710815,0.6083210706710815,61.671875,0.9993987083435059,1.0990844977275323,12.800000190734863,1.0,128.0,101002.0,16.0,nan,nan,nan,0.0,0.6083210706710815,128.0,0.1213412880897522,0.23429715633392334,0.023557275533676147,0.0008773360168561339,0.4818115234375,1.0,128.0,0.483795166015625,0.10072309024447235,0.1,0.1683017680079744,0.10159614897390423,0.4900702719217843,0.5045876024806413,0.10000000149011612,1000.0,128.0,0.0,0.0,nan,nan,1
topk,TopK,k,63.0,0.11170081379488654,62.49609375,999.0,0.004562134854495525,0.01845773309469223,100.0,0.0,0.601622998714447,0.601622998714447,0.601622998714447,62.49609375,0.999630868434906,1.1068331318092255,12.800000190734863,1.0,128.0,101002.0,16.0,nan,nan,nan,0.0,0.601622998714447,128.0,0.12144327908754349,0.23692786693572998,0.01845773309469223,0.0005386077100411057,0.488250732421875,1.0,128.0,0.490966796875,0.09970026296463716,0.1,0.16521378165213782,0.09950621913869617,0.48640391078521233,0.4989741201662966,0.10000000149011612,1000.0,128.0,0.0,0.0,nan,nan,1
topk,TopK,k,64.0,0.03641443526925295,63.4453125,999.0,0.005066349171102047,0.021250806748867035,100.0,0.0,0.605485200881958,0.605485200881958,0.605485200881958,63.4453125,0.9995107054710388,1.118029768426535,12.800000190734863,1.0,128.0,101002.0,16.0,nan,nan,nan,0.0,0.605485200881958,128.0,0.12278858572244644,0.23703789710998535,0.021250806748867035,0.0007139482186175883,0.49566650390625,1.0,128.0,0.50201416015625,0.09729480135163515,0.1,0.1570586728157827,0.09435414357837704,0.46822487014970976,0.4847566120540039,0.10000000149011612,1000.0,128.0,0.0,0.0,nan,nan,1
topk,TopK,k,65.0,-0.14962985809229876,64.03125,999.0,0.007247197441756725,0.021021518856287003,100.0,0.0,0.6048619747161865,0.6048619747161865,0.6048619747161865,64.03125,0.9995211958885193,1.1010680685431842,12.800000190734863,1.0,128.0,101002.0,16.0,nan,nan,nan,0.0,0.6048619747161865,128.0,0.12289218604564667,0.2352350354194641,0.021021518856287003,0.0006986248772591352,0.500244140625,1.0,128.0,0.499908447265625,0.10002790603005979,0.1,0.16699720315280955,0.10017081503172279,0.5016804155209288,0.5007978276960467,0.10000000149011612,1000.0,128.0,0.0,0.0,nan,nan,1
topk,TopK,k,66.0,0.03409295366774284,65.068359375,999.0,0.0044927834533154964,0.019609156996011734,100.0,0.0,0.6039066314697266,0.6039066314697266,0.6039066314697266,65.068359375,0.99958336353302,1.0882504594769775,12.800000190734863,1.0,128.0,101002.0,16.0,nan,nan,nan,0.0,0.6039066314697266,128.0,0.1229025200009346,0.23483631014823914,0.019609156996011734,0.0006079021841287613,0.5083465576171875,1.0,128.0,0.5030364990234375,0.10177070678761668,0.1,0.17295100474147665,0.10346690679873931,0.5265811182401466,0.5101290063145131,0.10000000149011612,1000.0,128.0,0.0,0.0,nan,nan,1
topk,TopK,k,67.0,-0.3478345593291212,65.685546875,999.0,0.011865507811307907,0.02717149443924427,100.0,0.0,0.6037846803665161,0.6037846803665161,0.6037846803665161,65.685546875,0.9992000460624695,1.1108656740334337,12.800000190734863,1.0,128.0,101002.0,16.0,nan,nan,nan,0.0,0.6037846803665161,128.0,0.1234707236289978,0.2353987991809845,0.02717149443924427,0.0011671935208141804,0.5131683349609375,1.0,128.0,0.5159149169921875,0.09733646062731485,0.1,0.1584488637777833,0.09464482174184533,0.48625114573785516,0.48504793259091433,0.10000000149011612,1000.0,128.0,0.0,0.0,nan,nan,1
topk,TopK,k,68.0,-0.3324747907601284,66.046875,999.0,0.008797803893685341,0.02473766729235649,100.0,0.0,0.6071234941482544,0.6071234941482544,0.6071234941482544,66.046875,0.9993369579315186,1.10883490840515,12.800000190734863,1.0,128.0,101002.0,16.0,nan,nan,nan,0.0,0.6071234941482544,128.0,0.1237913966178894,0.23469507694244385,0.02473766729235649,0.0009674608008936048,0.5159912109375,1.0,128.0,0.5133056640625,0.09963079664545396,0.1,0.16654278777067538,0.09939082091317719,0.5134433241674304,0.49858468971551717,0.10000000149011612,1000.0,128.0,0.0,0.0,nan,nan,1
topk,TopK,k,69.0,-0.2884976080783761,66.484375,999.0,0.008976041339337826,0.02534153312444687,100.0,0.0,0.6036330461502075,0.6036330461502075,0.6036330461502075,66.484375,0.9993041753768921,1.1014593151212742,12.800000190734863,1.0,128.0,101002.0,16.0,nan,nan,nan,0.0,0.6036330461502075,128.0,0.12527242302894592,0.23401308059692383,0.02534153312444687,0.0010152701288461685,0.5194091796875,1.0,128.0,0.52044677734375,0.0975429716104967,0.1,0.15961168875967083,0.09515276145710928,0.4948059883898564,0.4863333213690255,0.10000000149011612,1000.0,128.0,0.0,0.0,nan,nan,1
topk,TopK,k,70.0,-0.4292642296271743,66.798828125,999.0,0.006328618619590998,0.02417892776429653,100.0,0.0,0.5999639630317688,0.5999639630317688,0.5999639630317688,66.798828125,0.9993665814399719,1.1116770024253817,12.800000190734863,1.0,128.0,101002.0,16.0,nan,nan,nan,0.0,0.5999639630317688,128.0,0.12562382221221924,0.23334339261054993,0.02417892776429653,0.0009242509840987623,0.5218658447265625,1.0,128.0,0.5212860107421875,0.09805872947932312,0.1,0.1615824477875672,0.09625449548258823,0.5029025358997862,0.4894661857325681,0.10000000149011612,1000.0,128.0,0.0,0.0,nan,nan,1
topk,TopK,k,71.0,-0.1170877802893043,67.755859375,999.0,0.008505214005708694,0.02809751220047474,100.0,0.0,0.6037171483039856,0.6037171483039856,0.6037171483039856,67.755859375,0.9991446137428284,1.1041210915169217,12.800000190734863,1.0,128.0,101002.0,16.0,nan,nan,nan,0.0,0.6037171483039856,128.0,0.12800511717796326,0.23092374205589294,0.02809751220047474,0.0012481063604354858,0.5293426513671875,1.0,128.0,0.5247039794921875,0.09927957967689408,0.1,0.1661129568106312,0.09872877691620305,0.5232202871982891,0.4965991247823959,0.10000000149011612,1000.0,128.0,0.0,0.0,nan,nan,1
topk,TopK,k,72.0,0.005192737499504084,68.548828125,999.0,0.011143531650304794,0.030098330229520798,100.0,0.0,0.6039317846298218,0.6039317846298218,0.6039317846298218,68.548828125,0.9990184307098389,1.0978401022299766,12.800000190734863,1.0,128.0,101002.0,16.0,nan,nan,nan,0.0,0.6039317846298218,128.0,0.128132164478302,0.22837236523628235,0.030098330229520798,0.0014321900671347976,0.5355377197265625,1.0,128.0,0.5310211181640625,0.09862385787226313,0.1,0.16430132315155008,0.09747271846596575,0.5226092270088604,0.4928184294054303,0.10000000149011612,1000.0,128.0,0.0,0.0,nan,nan,1
topk,TopK,k,73.0,0.3438103290226052,69.212890625,999.0,0.008707569912075996,0.03060419298708439,100.0,0.0,0.6044273376464844,0.6044273376464844,0.6044273376464844,69.212890625,0.9989851713180542,1.090544173219635,12.800000190734863,1.0,128.0,101002.0,16.0,nan,nan,nan,0.0,0.6044273376464844,128.0,0.1281055361032486,0.2288353145122528,0.03060419298708439,0.0014807363040745258,0.5407257080078125,1.0,128.0,0.5336151123046875,0.09937634715127475,0.1,0.16701998427935116,0.09893614019245421,0.5355942560342194,0.49714956063280724,0.10000000149011612,1000.0,128.0,0.0,0.0,nan,nan,1
topk,TopK,k,74.0,-0.02224459860893734,69.263671875,999.0,0.010267345234751701,0.030376439914107323,100.0,0.0,0.6072841286659241,0.6072841286659241,0.6072841286659241,69.263671875,0.9990002512931824,1.111898443739691,12.800000190734863,1.0,128.0,101002.0,16.0,nan,nan,nan,0.0,0.6072841286659241,128.0,0.12852692604064941,0.22772875428199768,0.030376439914107323,0.0014587794430553913,0.5411224365234375,1.0,128.0,0.5366058349609375,0.09809812423464043,0.1,0.16286986122021474,0.096466739982517,0.5226092270088604,0.4897162086900549,0.10000000149011612,1000.0,128.0,0.0,0.0,nan,nan,1
topk,TopK,k,76.0,0.08022501928124624,69.794921875,999.0,0.008033202029764652,0.028247082605957985,100.0,0.0,0.6068052053451538,0.6068052053451538,0.6068052053451538,69.794921875,0.9991354942321777,1.0977415817622385,12.800000190734863,1.0,128.0,101002.0,16.0,nan,nan,nan,0.0,0.6068052053451538,128.0,0.12861919403076172,0.22806665301322937,0.028247082605957985,0.0012614296283572912,0.5452728271484375,1.0,128.0,0.5395965576171875,0.09825219748105765,0.1,0.1636195927248646,0.09679585840212676,0.5284142988084326,0.4906353575750927,0.10000000149011612,1000.0,128.0,0.0,0.0,nan,nan,1
topk,TopK,k,75.0,0.023356146132500935,70.0546875,999.0,0.009803860448300838,0.03289664164185524,100.0,0.0,0.6082887649536133,0.6082887649536133,0.6082887649536133,70.0546875,0.9988274574279785,1.113596824255502,12.800000190734863,1.0,128.0,101002.0,16.0,nan,nan,nan,0.0,0.6082887649536133,128.0,0.1307278275489807,0.22765403985977173,0.03289664164185524,0.001710877986624837,0.54730224609375,1.0,128.0,0.545501708984375,0.09632712150315498,0.1,0.1571179327580516,0.09289617486338798,0.5090131377940728,0.4787310137181925,0.10000000149011612,1000.0,128.0,0.0,0.0,nan,nan,1
topk,TopK,k,77.0,-0.043605861707145685,70.53125,999.0,0.01089442241936922,0.0302262119948864,100.0,0.0,0.6123107671737671,0.6123107671737671,0.6123107671737671,70.53125,0.9990100860595703,1.106033829567105,12.800000190734863,1.0,128.0,101002.0,16.0,nan,nan,nan,0.0,0.6123107671737671,128.0,0.13184627890586853,0.22614556550979614,0.0302262119948864,0.0014443860854953527,0.551025390625,1.0,128.0,0.5467529296875,0.09708287394097045,0.1,0.16001687842843076,0.09451151971643774,0.5213871066300031,0.48353640803614073,0.10000000149011612,1000.0,128.0,0.0,0.0,nan,nan,1
topk,TopK,k,78.0,0.0410649181858512,70.97265625,999.0,0.009608358144760132,0.030529577285051346,100.0,0.0,0.607300877571106,0.607300877571106,0.607300877571106,70.97265625,0.9989901185035706,1.111152325567252,12.800000190734863,1.0,128.0,101002.0,16.0,nan,nan,nan,0.0,0.607300877571106,128.0,0.13323131203651428,0.2240617871284485,0.030529577285051346,0.0014735247241333127,0.554473876953125,1.0,128.0,0.551605224609375,0.09616716073511014,0.1,0.1570282622889656,0.09265782376575486,0.5143599144515735,0.47771733644260317,0.10000000149011612,1000.0,128.0,0.0,0.0,nan,nan,1
topk,TopK,k,79.0,0.04652752801521072,71.095703125,999.0,0.008397587575018406,0.030684156343340874,100.0,0.0,0.6130497455596924,0.6130497455596924,0.6130497455596924,71.095703125,0.9989798665046692,1.1033430968186126,12.800000190734863,1.0,128.0,101002.0,16.0,nan,nan,nan,0.0,0.6130497455596924,128.0,0.13365498185157776,0.22358420491218567,0.030684156343340874,0.0014884842094033957,0.5554351806640625,1.0,128.0,0.5495147705078125,0.0974268395535008,0.1,0.1614548164016113,0.09524463613636988,0.52963641918729,0.48566920128715235,0.10000000149011612,1000.0,128.0,0.0,0.0,nan,nan,1
topk,TopK,k,80.0,0.18445461117074588,71.2578125,999.0,0.007865628227591515,0.03033849038183689,100.0,0.0,0.6096711158752441,0.6096711158752441,0.6096711158752441,71.2578125,0.9990026950836182,1.0989589009820009,12.800000190734863,1.0,128.0,101002.0,16.0,nan,nan,nan,0.0,0.6096711158752441,128.0,0.13379953801631927,0.22319942712783813,0.03033849038183689,0.0014551365748047829,0.55670166015625,1.0,128.0,0.54779052734375,0.09870225325961085,0.1,0.1656983499883802,0.09771406644008332,0.544607393828292,0.49328182880090654,0.10000000149011612,1000.0,128.0,0.0,0.0,nan,nan,1
topk,TopK,k,82.0,0.0462757028123394,71.97265625,999.0,0.013589971698820591,0.033440977334976196,100.0,0.0,0.6115305423736572,0.6115305423736572,0.6115305423736572,71.97265625,0.9987882971763611,1.1057566065370692,12.800000190734863,1.0,128.0,101002.0,16.0,nan,nan,nan,0.0,0.6115305423736572,128.0,0.13548365235328674,0.21807825565338135,0.033440977334976196,0.0017679654993116856,0.562286376953125,1.0,128.0,0.55560302734375,0.0971519500583756,0.1,0.16093649184256617,0.09476255088195387,0.5334555453712191,0.4839849349164961,0.10000000149011612,1000.0,128.0,0.0,0.0,nan,nan,1
topk,TopK,k,84.0,0.5180141362016287,72.34375,999.0,0.013029396533966064,0.03245587646961212,100.0,0.0,0.6069077253341675,0.6069077253341675,0.6069077253341675,72.34375,0.998858630657196,1.1003323126762379,12.800000190734863,1.0,128.0,101002.0,16.0,nan,nan,nan,0.0,0.6069077253341675,128.0,0.13586872816085815,0.2179815173149109,0.03245587646961212,0.001665338408201933,0.565185546875,1.0,128.0,0.5567626953125,0.09767813483347339,0.1,0.16285045656862296,0.09581533477321814,0.5421631530705775,0.48721142905266457,0.10000000149011612,1000.0,128.0,0.0,0.0,nan,nan,1
topk,TopK,k,83.0,0.08970004537501897,72.474609375,999.0,0.007308942265808582,0.02981242723762989,100.0,0.0,0.6070917248725891,0.6070917248725891,0.6070917248725891,72.474609375,0.9990370273590088,1.11485390388931,12.800000190734863,1.0,128.0,101002.0,16.0,nan,nan,nan,0.0,0.6070917248725891,128.0,0.1347234547138214,0.21900078654289246,0.02981242723762989,0.0014051105827093124,0.5662078857421875,1.0,128.0,0.5589447021484375,0.09705969646077663,0.1,0.16085950564680548,0.09461826609534589,0.5363580812710051,0.48341891180010677,0.10000000149011612,1000.0,128.0,0.0,0.0,nan,nan,1
topk,TopK,k,81.0,0.002201973727391883,72.529296875,999.0,0.00833415798842907,0.03026634454727173,100.0,0.0,0.6101332306861877,0.6101332306861877,0.6101332306861877,72.529296875,0.9990074634552002,1.1097306057432381,12.800000190734863,1.0,128.0,101002.0,16.0,nan,nan,nan,0.0,0.6101332306861877,128.0,0.1353895366191864,0.21802154183387756,0.03026634454727173,0.0014482240658253431,0.5666351318359375,1.0,128.0,0.5566253662109375,0.0982812855287925,0.1,0.16487717772029029,0.09697051299313317,0.55010693553315,0.49081885172995865,0.10000000149011612,1000.0,128.0,0.0,0.0,nan,nan,1
topk,TopK,k,85.0,0.09245003810959108,72.888671875,999.0,0.006524459458887577,0.029335852712392807,100.0,0.0,0.6052187085151672,0.6052187085151672,0.6052187085151672,72.888671875,0.9990675449371338,1.122557990450117,12.800000190734863,1.0,128.0,101002.0,16.0,nan,nan,nan,0.0,0.6052187085151672,128.0,0.13681289553642273,0.217397540807724,0.029335852712392807,0.0013605462154373527,0.5694427490234375,1.0,128.0,0.5649261474609375,0.0955908453145999,0.1,0.15597857061438503,0.09166912296685334,0.5226092270088604,0.4739847287782054,0.10000000149011612,1000.0,128.0,0.0,0.0,nan,nan,1
topk,TopK,k,88.0,0.21994771083457396,72.962890625,999.0,0.008581450209021568,0.03124617598950863,100.0,0.0,0.6125903129577637,0.6125903129577637,0.6125903129577637,72.962890625,0.9989421367645264,1.1153567457382536,12.800000190734863,1.0,128.0,101002.0,16.0,nan,nan,nan,0.0,0.6125903129577637,128.0,0.13770118355751038,0.21536406874656677,0.03124617598950863,0.0015435104724019766,0.5700225830078125,1.0,128.0,0.5595245361328125,0.09819240705286666,0.1,0.16477233902011254,0.09682254999063095,0.5525511762908647,0.4902949134548068,0.10000000149011612,1000.0,128.0,0.0,0.0,nan,nan,1
topk,TopK,k,86.0,0.11054871671268852,73.166015625,999.0,0.0068198395892977715,0.028680644929409027,100.0,0.0,0.6071105003356934,0.6071105003356934,0.6071105003356934,73.166015625,0.9991087317466736,1.1159025607080866,12.800000190734863,1.0,128.0,101002.0,16.0,nan,nan,nan,0.0,0.6071105003356934,128.0,0.13729225099086761,0.21606716513633728,0.028680644929409027,0.0013004500651732087,0.5716094970703125,1.0,128.0,0.5639495849609375,0.09675471159058843,0.1,0.16015633876428748,0.0940711673473746,0.5383440268866483,0.4815215642146413,0.10000000149011612,1000.0,128.0,0.0,0.0,nan,nan,1
topk,TopK,k,87.0,0.39002543079442253,73.353515625,999.0,0.007924525067210197,0.03071591444313526,100.0,0.0,0.6089160442352295,0.6089160442352295,0.6089160442352295,73.353515625,0.998977780342102,1.0996955440773089,12.800000190734863,1.0,128.0,101002.0,16.0,nan,nan,nan,0.0,0.6089160442352295,128.0,0.13792762160301208,0.2150493562221527,0.03071591444313526,0.0014915670035406947,0.5730743408203125,1.0,128.0,0.5622100830078125,0.09807808619470962,0.1,0.16456930367548694,0.09662646111244243,0.5543843568591507,0.4896180133168443,0.10000000149011612,1000.0,128.0,0.0,0.0,nan,nan,1
topk,TopK,k,90.0,0.18757567188961569,73.548828125,999.0,0.00920146331191063,0.031925421208143234,100.0,0.0,0.6105457544326782,0.6105457544326782,0.6105457544326782,73.548828125,0.9988956451416016,1.1043366860724642,12.800000190734863,1.0,128.0,101002.0,16.0,nan,nan,nan,0.0,0.6105457544326782,128.0,0.13897964358329773,0.21285155415534973,0.031925421208143234,0.0016113471938297153,0.5746002197265625,1.0,128.0,0.5578460693359375,0.10082466836374786,0.1,0.1729294391783363,0.10149507395703322,0.5838680109990834,0.5051481095849799,0.10000000149011612,1000.0,128.0,0.0,0.0,nan,nan,1
topk,TopK,k,89.0,0.015469172853695591,73.59375,999.0,0.006434300914406776,0.029222657904028893,100.0,0.0,0.606619119644165,0.606619119644165,0.606619119644165,73.59375,0.9990747570991516,1.1004471655782875,12.800000190734863,1.0,128.0,101002.0,16.0,nan,nan,nan,0.0,0.606619119644165,128.0,0.13846948742866516,0.21307581663131714,0.029222657904028893,0.0013500669738277793,0.574951171875,1.0,128.0,0.56365966796875,0.09810235634119747,0.1,0.16474472030027587,0.09668259023354565,0.556523067522151,0.4897634832440387,0.10000000149011612,1000.0,128.0,0.0,0.0,nan,nan,1
topk,TopK,k,91.0,0.33708012793809167,73.62109375,999.0,0.007251300849020481,0.029737377539277077,100.0,0.0,0.6071452498435974,0.6071452498435974,0.6071452498435974,73.62109375,0.9990418553352356,1.0909782139545854,12.800000190734863,1.0,128.0,101002.0,16.0,nan,nan,nan,0.0,0.6071452498435974,128.0,0.13835451006889343,0.2096189260482788,0.029737377539277077,0.0013980451039969921,0.575164794921875,1.0,128.0,0.558319091796875,0.10081369788221836,0.1,0.17292043399638335,0.10147503581471852,0.5843263061411549,0.5050890727179753,0.10000000149011612,1000.0,128.0,0.0,0.0,nan,nan,1
topk,TopK,k,92.0,0.030485260088291877,73.873046875,999.0,0.006646528374403715,0.028677595779299736,100.0,0.0,0.6115038394927979,0.6115038394927979,0.6115038394927979,73.873046875,0.9991089105606079,1.1121991629319912,12.800000190734863,1.0,128.0,101002.0,16.0,nan,nan,nan,0.0,0.6115038394927979,128.0,0.13835345208644867,0.2106868326663971,0.028677595779299736,0.0013001735787838697,0.5771331787109375,1.0,128.0,0.5683441162109375,0.0967642302974418,0.1,0.1605174784196173,0.09414906273960288,0.5439963336388635,0.4815930134035986,0.10000000149011612,1000.0,128.0,0.0,0.0,nan,nan,1
topk,TopK,k,93.0,0.04311283155086769,73.9375,999.0,0.012788088992238045,0.03458660840988159,100.0,0.0,0.6098704934120178,0.6098704934120178,0.6098704934120178,73.9375,0.9987038969993591,1.1163690734973177,12.800000190734863,1.0,128.0,101002.0,16.0,nan,nan,nan,0.0,0.6098704934120178,128.0,0.14014780521392822,0.2087882161140442,0.03458660840988159,0.0018911754013970494,0.57763671875,1.0,128.0,0.564849853515625,0.09855491282205123,0.1,0.1662988153686771,0.09752747252747253,0.564008554842652,0.49242977326807974,0.10000000149011612,1000.0,128.0,0.0,0.0,nan,nan,1
topk,TopK,k,96.0,-0.0027988877455348135,74.806640625,999.0,0.009025363251566887,0.034893278032541275,100.0,0.0,0.6113324761390686,0.6113324761390686,0.6113324761390686,74.806640625,0.9986807703971863,1.0988435395660359,12.800000190734863,1.0,128.0,101002.0,16.0,nan,nan,nan,0.0,0.6113324761390686,128.0,0.14161956310272217,0.2078298032283783,0.034893278032541275,0.0019248609896749258,0.5844268798828125,1.0,128.0,0.5681915283203125,0.09957051389055124,0.1,0.16968805048275246,0.09934466463016632,0.5812710051940116,0.4982469621664244,0.10000000149011612,1000.0,128.0,0.0,0.0,nan,nan,1
topk,TopK,k,101.0,0.15198347525926226,75.349609375,999.0,0.010933950543403625,0.034941352903842926,100.0,0.0,0.6112713813781738,0.6112713813781738,0.6112713813781738,75.349609375,0.998677134513855,1.1006745794194674,12.800000190734863,1.0,128.0,101002.0,16.0,nan,nan,nan,0.0,0.6112713813781738,128.0,0.14207762479782104,0.20608177781105042,0.034941352903842926,0.001930168829858303,0.5886688232421875,1.0,128.0,0.5768890380859375,0.09706701246004881,0.1,0.16217174515235455,0.09484434536924233,0.5589673082798655,0.48350128424673056,0.10000000149011612,1000.0,128.0,0.0,0.0,nan,nan,1
topk,TopK,k,100.0,0.2388962731051892,75.423828125,999.0,0.008691308088600636,0.03393445909023285,100.0,0.0,0.6119017004966736,0.6119017004966736,0.6119017004966736,75.423828125,0.9987522959709167,1.0979540698889263,12.800000190734863,1.0,128.0,101002.0,16.0,nan,nan,nan,0.0,0.6119017004966736,128.0,0.14216281473636627,0.20588788390159607,0.03393445909023285,0.0018205292290076613,0.5892486572265625,1.0,128.0,0.5703887939453125,0.1004039625782262,0.1,0.17230919115204923,0.10075873320040396,0.5944087992667277,0.5028663762395683,0.10000000149011612,1000.0,128.0,0.0,0.0,nan,nan,1
topk,TopK,k,98.0,0.4356340887083437,75.44921875,999.0,0.004640749655663967,0.02983127348124981,100.0,0.0,0.6124041080474854,0.6124041080474854,0.6124041080474854,75.44921875,0.9990357756614685,1.0869340692555638,12.800000190734863,1.0,128.0,101002.0,16.0,nan,nan,nan,0.0,0.6124041080474854,128.0,0.1416139304637909,0.20596551895141602,0.02983127348124981,0.0014068877790123224,0.589447021484375,1.0,128.0,0.57025146484375,0.10055495834600373,0.1,0.17274659111032406,0.10100957804814911,0.5960892147876565,0.5036896319742656,0.10000000149011612,1000.0,128.0,0.0,0.0,nan,nan,1
topk,TopK,k,97.0,0.11886333629397383,75.453125,999.0,0.0075792125426232815,0.031576670706272125,100.0,0.0,0.6093491315841675,0.6093491315841675,0.6093491315841675,75.453125,0.998919665813446,1.0956310928085349,12.800000190734863,1.0,128.0,101002.0,16.0,nan,nan,nan,0.0,0.6093491315841675,128.0,0.14255350828170776,0.20638251304626465,0.031576670706272125,0.0015763349365442991,0.5894775390625,1.0,128.0,0.573394775390625,0.09900167234683897,0.1,0.16822347160122186,0.09836405052805965,0.5805071799572258,0.4950171092191622,0.10000000149011612,1000.0,128.0,0.0,0.0,nan,nan,1
topk,TopK,k,94.0,0.3886011348369855,75.5390625,999.0,0.007253488525748253,0.03319163620471954,100.0,0.0,0.6103200912475586,0.6103200912475586,0.6103200912475586,75.5390625,0.9988062977790833,1.1092014138706272,12.800000190734863,1.0,128.0,101002.0,16.0,nan,nan,nan,0.0,0.6103200912475586,128.0,0.14255791902542114,0.20670276880264282,0.03319163620471954,0.0017416991759091616,0.59014892578125,1.0,128.0,0.57586669921875,0.09807960876380085,0.1,0.1654504444739286,0.09672665218740303,0.571494042163153,0.4896375109951212,0.10000000149011612,1000.0,128.0,0.0,0.0,nan,nan,1
topk,TopK,k,95.0,0.3020399929773747,75.625,999.0,0.009753232821822166,0.034919802099466324,100.0,0.0,0.6096045970916748,0.6096045970916748,0.6096045970916748,75.625,0.9986788034439087,1.0976594480504334,12.800000190734863,1.0,128.0,101002.0,16.0,nan,nan,nan,0.0,0.6096045970916748,128.0,0.14197015762329102,0.20621490478515625,0.034919802099466324,0.0019277887186035514,0.5908203125,1.0,128.0,0.574127197265625,0.09916799713144861,0.1,0.1687800998541952,0.09865702479338843,0.5835624809043691,0.4959683908166531,0.10000000149011612,1000.0,128.0,0.0,0.0,nan,nan,1
topk,TopK,k,103.0,0.23304442147817686,75.806640625,999.0,0.006879833061248064,0.03158056363463402,100.0,0.0,0.6086379289627075,0.6086379289627075,0.6086379289627075,75.806640625,0.9989193677902222,1.096794655867139,12.800000190734863,1.0,128.0,101002.0,16.0,nan,nan,nan,0.0,0.6086379289627075,128.0,0.14430898427963257,0.20534411072731018,0.03158056363463402,0.001576723763719201,0.5922393798828125,1.0,128.0,0.5801544189453125,0.09688322725863018,0.1,0.16177605326396086,0.09453018318604592,0.5604949587534372,0.4823664825976035,0.10000000149011612,1000.0,128.0,0.0,0.0,nan,nan,1
topk,TopK,k,104.0,0.08817750571676947,75.916015625,999.0,0.007704554125666618,0.03103576973080635,100.0,0.0,0.6111292839050293,0.6111292839050293,0.6111292839050293,75.916015625,0.9989563226699829,1.1054431658160908,12.800000190734863,1.0,128.0,101002.0,16.0,nan,nan,nan,0.0,0.6111292839050293,128.0,0.14314037561416626,0.2040521800518036,0.03103576973080635,0.0015227930853143334,0.5930938720703125,1.0,128.0,0.5792388916015625,0.09760783518658264,0.1,0.1641307937905978,0.09588618179011552,0.5693553315001527,0.4868136209967283,0.10000000149011612,1000.0,128.0,0.0,0.0,nan,nan,1
topk,TopK,k,102.0,0.6004704838944611,76.232421875,999.0,0.007361908908933401,0.03182843700051308,100.0,0.0,0.6118975877761841,0.6118975877761841,0.6118975877761841,76.232421875,0.9989023804664612,1.0971981261087558,12.800000190734863,1.0,128.0,101002.0,16.0,nan,nan,nan,0.0,0.6118975877761841,128.0,0.1440199315547943,0.203445166349411,0.03182843700051308,0.0016015720320865512,0.5955657958984375,1.0,128.0,0.5819244384765625,0.09728402476381266,0.1,0.16324023081817582,0.09530885706233506,0.5682859761686526,0.48484649715366,0.10000000149011612,1000.0,128.0,0.0,0.0,nan,nan,1
topk,TopK,k,105.0,0.3138457396561934,76.318359375,999.0,0.008260393515229225,0.030659208074212074,100.0,0.0,0.6105607748031616,0.6105607748031616,0.6105607748031616,76.318359375,0.9989815354347229,1.1066440923855363,12.800000190734863,1.0,128.0,101002.0,16.0,nan,nan,nan,0.0,0.6105607748031616,128.0,0.14376866817474365,0.20342859625816345,0.030659208074212074,0.0014860646333545446,0.5962371826171875,1.0,128.0,0.5816802978515625,0.09764139836360294,0.1,0.1643979746169527,0.09596928982725528,0.5728689275893676,0.48701930868364807,0.10000000149011612,1000.0,128.0,0.0,0.0,nan,nan,1
topk,TopK,k,99.0,0.09317271001186639,76.353515625,999.0,0.009030867367982864,0.033425673842430115,100.0,0.0,0.6136116981506348,0.6136116981506348,0.6136116981506348,76.353515625,0.9987894296646118,1.0916222903017045,12.800000190734863,1.0,128.0,101002.0,16.0,nan,nan,nan,0.0,0.6136116981506348,128.0,0.144239142537117,0.20237460732460022,0.033425673842430115,0.0017663477919995785,0.5965118408203125,1.0,128.0,0.5797882080078125,0.09863327759488649,0.1,0.1674445101776989,0.09774128360576062,0.5837152459517262,0.49289169654765497,0.10000000149011612,1000.0,128.0,0.0,0.0,nan,nan,1
topk,TopK,k,107.0,0.07371705227722235,76.474609375,999.0,0.01088307797908783,0.03281322866678238,100.0,0.0,0.6098099946975708,0.6098099946975708,0.6098099946975708,76.474609375,0.9988333582878113,1.113599611561643,12.800000190734863,1.0,128.0,101002.0,16.0,nan,nan,nan,0.0,0.6098099946975708,128.0,0.14357812702655792,0.20235148072242737,0.03281322866678238,0.0017022127285599709,0.5974578857421875,1.0,128.0,0.5824432373046875,0.09773998975028703,0.1,0.16476663530338506,0.0961563018771549,0.5751604032997251,0.48761410570139674,0.10000000149011612,1000.0,128.0,0.0,0.0,nan,nan,1
topk,TopK,k,109.0,0.23507040767488122,76.6328125,999.0,0.016824781894683838,0.035815153270959854,100.0,0.0,0.6075839996337891,0.6075839996337891,0.6075839996337891,76.6328125,0.9986101388931274,1.1008785550065407,12.800000190734863,1.0,128.0,101002.0,16.0,nan,nan,nan,0.0,0.6075839996337891,128.0,0.14400127530097961,0.2011188268661499,0.035815153270959854,0.0020279136952012777,0.59869384765625,1.0,128.0,0.581024169921875,0.09887843645700378,0.1,0.16827574155781747,0.09817514527474767,0.5884509624197983,0.4943102413387346,0.10000000149011612,1000.0,128.0,0.0,0.0,nan,nan,1
topk,TopK,k,116.0,0.23990279035876183,76.6875,999.0,0.0062909615226089954,0.03292800858616829,100.0,0.0,0.6071619987487793,0.6071619987487793,0.6071619987487793,76.6875,0.998825192451477,1.1091546020040561,12.800000190734863,1.0,128.0,101002.0,16.0,nan,nan,nan,0.0,0.6071619987487793,128.0,0.14429828524589539,0.2027888298034668,0.03292800858616829,0.0017141420394182205,0.59912109375,1.0,128.0,0.58343505859375,0.09789718347870374,0.1,0.16533507967692643,0.09644967400162999,0.5785212343415826,0.4885571081014575,0.10000000149011612,1000.0,128.0,0.0,0.0,nan,nan,1
topk,TopK,k,108.0,0.27911980337501746,76.70703125,999.0,0.006165240425616503,0.030364353209733963,100.0,0.0,0.6093246936798096,0.6093246936798096,0.6093246936798096,76.70703125,0.9990010261535645,1.09670867793815,12.800000190734863,1.0,128.0,101002.0,16.0,nan,nan,nan,0.0,0.6093246936798096,128.0,0.1442868709564209,0.20063704252243042,0.030364353209733963,0.001457618665881455,0.599273681640625,1.0,128.0,0.58154296875,0.09885197008523436,0.1,0.16822348319511132,0.09813107908540002,0.5887564925145127,0.4941578699222844,0.10000000149011612,1000.0,128.0,0.0,0.0,nan,nan,1
topk,TopK,k,112.0,0.3276181969495774,76.80078125,999.0,0.028037935495376587,0.04302888736128807,100.0,0.0,0.6104754209518433,0.6104754209518433,0.6104754209518433,76.80078125,0.9979938864707947,1.0941815689510428,12.800000190734863,1.0,128.0,101002.0,16.0,nan,nan,nan,0.0,0.6104754209518433,128.0,0.14356215298175812,0.20196712017059326,0.04302888736128807,0.0029270900413393974,0.600006103515625,1.0,128.0,0.57977294921875,0.10001186890996192,0.1,0.171622917938432,0.10009663801434311,0.6012832263978002,0.5007094213019684,0.10000000149011612,1000.0,128.0,0.0,0.0,nan,nan,1
topk,TopK,k,106.0,-0.10714676073531693,76.8515625,999.0,0.01109512522816658,0.032004326581954956,100.0,0.0,0.610384464263916,0.610384464263916,0.610384464263916,76.8515625,0.998890221118927,1.1218151194805328,12.800000190734863,1.0,128.0,101002.0,16.0,nan,nan,nan,0.0,0.610384464263916,128.0,0.1432657241821289,0.20157408714294434,0.032004326581954956,0.0016193219926208258,0.60040283203125,1.0,128.0,0.589019775390625,0.09586058404910999,0.1,0.1588878720529917,0.09266036393209312,0.5569813626642224,0.475880069363981,0.10000000149011612,1000.0,128.0,0.0,0.0,nan,nan,1
topk,TopK,k,110.0,0.46587590079338326,76.919921875,999.0,0.00806494988501072,0.03278917446732521,100.0,0.0,0.6105058193206787,0.6105058193206787,0.6105058193206787,76.919921875,0.9988350868225098,1.1080527422854503,12.800000190734863,1.0,128.0,101002.0,16.0,nan,nan,nan,0.0,0.6105058193206787,128.0,0.14462026953697205,0.20019885897636414,0.03278917446732521,0.001699717715382576,0.6009368896484375,1.0,128.0,0.5803070068359375,0.10011789509935962,0.1,0.1719610703477106,0.10027169083106924,0.6032691720134433,0.5012955454913801,0.10000000149011612,1000.0,128.0,0.0,0.0,nan,nan,1
topk,TopK,k,111.0,0.26230679371349186,76.923828125,999.0,0.01438536960631609,0.03602506220340729,100.0,0.0,0.6084216833114624,0.6084216833114624,0.6084216833114624,76.923828125,0.998593807220459,1.096193104751214,12.800000190734863,1.0,128.0,101002.0,16.0,nan,nan,nan,0.0,0.6084216833114624,128.0,0.1449369192123413,0.2009243667125702,0.03602506220340729,0.0020517543889582157,0.6009674072265625,1.0,128.0,0.5793914794921875,0.1005951967271751,0.1,0.17330343341098606,0.10105370064745461,0.6080048884815155,0.5039092080990388,0.10000000149011612,1000.0,128.0,0.0,0.0,nan,nan,1
topk,TopK,k,121.0,0.4678038173201917,76.9296875,999.0,0.011210929602384567,0.03501179441809654,100.0,0.0,0.6121715307235718,0.6121715307235718,0.6121715307235718,76.9296875,0.99867182970047,1.1007206879529419,12.800000190734863,1.0,128.0,101002.0,16.0,nan,nan,nan,0.0,0.6121715307235718,128.0,0.1445930302143097,0.20240283012390137,0.03501179441809654,0.0019379588775336742,0.60101318359375,1.0,128.0,0.5904541015625,0.09545937871403262,0.1,0.1575739103931728,0.0918807758708236,0.5528567063855789,0.4732498483614621,0.10000000149011612,1000.0,128.0,0.0,0.0,nan,nan,1
topk,TopK,k,120.0,0.20925938375935216,76.978515625,999.0,0.004186256788671017,0.03149431198835373,100.0,0.0,0.6117537617683411,0.6117537617683411,0.6117537617683411,76.978515625,0.9989252686500549,1.1111649819648999,12.800000190734863,1.0,128.0,101002.0,16.0,nan,nan,nan,0.0,0.6117537617683411,128.0,0.14460021257400513,0.20137014985084534,0.03149431198835373,0.0015681227669119835,0.6013946533203125,1.0,128.0,0.5904998779296875,0.09556838001681309,0.1,0.15796688352662155,0.09210159084566007,0.5545371219065078,0.473971391941557,0.10000000149011612,1000.0,128.0,0.0,0.0,nan,nan,1
topk,TopK,k,125.0,0.31373538639877047,77.05859375,999.0,0.008118312805891037,0.03351151943206787,100.0,0.0,0.6119621992111206,0.6119621992111206,0.6119621992111206,77.05859375,0.9987832307815552,1.1007579267931833,12.800000190734863,1.0,128.0,101002.0,16.0,nan,nan,nan,0.0,0.6119621992111206,128.0,0.14559859037399292,0.20002758502960205,0.03351151943206787,0.0017754319123923779,0.602020263671875,1.0,128.0,0.582275390625,0.09956795346761999,0.1,0.17043478260869566,0.09935621229786587,0.5988389856400855,0.49823285101634723,0.10000000149011612,1000.0,128.0,0.0,0.0,nan,nan,1
topk,TopK,k,128.0,0.2998862064032106,77.111328125,999.0,0.013254405930638313,0.03581874072551727,100.0,0.0,0.6141279339790344,0.6141279339790344,0.6141279339790344,77.111328125,0.9986099004745483,1.1150798740976688,12.800000190734863,1.0,128.0,101002.0,16.0,nan,nan,nan,0.0,0.6141279339790344,128.0,0.14315101504325867,0.20168152451515198,0.03581874072551727,0.00202831975184381,0.6024322509765625,1.0,128.0,0.5906524658203125,0.09585581139194459,0.1,0.15899363417124732,0.09267749043843874,0.5589673082798655,0.47585592062577786,0.10000000149011612,1000.0,128.0,0.0,0.0,nan,nan,1
topk,TopK,k,127.0,0.5708645270818865,77.12109375,999.0,0.007311035878956318,0.03314649313688278,100.0,0.0,0.6120882630348206,0.6120882630348206,0.6120882630348206,77.12109375,0.9988095760345459,1.102382325049454,12.800000190734863,1.0,128.0,101002.0,16.0,nan,nan,nan,0.0,0.6120882630348206,128.0,0.14465415477752686,0.20122790336608887,0.03314649313688278,0.0017369647976011038,0.602508544921875,1.0,128.0,0.585357666015625,0.098266489107549,0.1,0.16662321863051793,0.09712303094767766,0.5858539566147265,0.49074864299629356,0.10000000149011612,1000.0,128.0,0.0,0.0,nan,nan,1
topk,TopK,k,113.0,0.6111083725505709,77.142578125,999.0,0.009281560778617859,0.033499907702207565,100.0,0.0,0.613057553768158,0.613057553768158,0.613057553768158,77.142578125,0.998784065246582,1.0924311918398242,12.800000190734863,1.0,128.0,101002.0,16.0,nan,nan,nan,0.0,0.613057553768158,128.0,0.14592412114143372,0.19942238926887512,0.033499907702207565,0.0017742018681019545,0.6026763916015625,1.0,128.0,0.5811309814453125,0.1004054458917317,0.1,0.1728384336381209,0.10074182849330329,0.6078521234341583,0.5028750361195202,0.10000000149011612,1000.0,128.0,0.0,0.0,nan,nan,1
topk,TopK,k,126.0,0.38655826219654477,77.146484375,999.0,0.006224146578460932,0.03170625865459442,100.0,0.0,0.6134078502655029,0.6134078502655029,0.6134078502655029,77.146484375,0.9989107847213745,1.0899727545163154,12.800000190734863,1.0,128.0,101002.0,16.0,nan,nan,nan,0.0,0.6134078502655029,128.0,0.1433096081018448,0.20168659090995789,0.03170625865459442,0.0015892998781055212,0.6027069091796875,1.0,128.0,0.5833892822265625,0.09929004567950758,0.1,0.1696601151047888,0.09888857945770779,0.5967002749770852,0.4966634109247182,0.10000000149011612,1000.0,128.0,0.0,0.0,nan,nan,1
topk,TopK,k,124.0,0.5089131662512707,77.294921875,999.0,0.006875661667436361,0.03378264978528023,100.0,0.0,0.612228274345398,0.612228274345398,0.612228274345398,77.294921875,0.9987634420394897,1.098263096214764,12.800000190734863,1.0,128.0,101002.0,16.0,nan,nan,nan,0.0,0.612228274345398,128.0,0.1444718837738037,0.19969716668128967,0.03378264978528023,0.001804277184419334,0.6038665771484375,1.0,128.0,0.5842437744140625,0.09932608095932188,0.1,0.16981418442791787,0.09895135818066962,0.5982279254506568,0.49686781931119045,0.10000000149011612,1000.0,128.0,0.0,0.0,nan,nan,1
topk,TopK,k,123.0,0.1239691892150325,77.345703125,999.0,0.010240079835057259,0.03476833552122116,100.0,0.0,0.6109117865562439,0.6109117865562439,0.6109117865562439,77.345703125,0.9986902475357056,1.106783182680003,12.800000190734863,1.0,128.0,101002.0,16.0,nan,nan,nan,0.0,0.6109117865562439,128.0,0.14475703239440918,0.19999852776527405,0.03476833552122116,0.0019111010478809476,0.6042633056640625,1.0,128.0,0.5923309326171875,0.09576378677631471,0.1,0.15879688820508375,0.09252291608797758,0.5597311335166514,0.4752630917625637,0.10000000149011612,1000.0,128.0,0.0,0.0,nan,nan,1
topk,TopK,k,115.0,0.5200938927637224,77.36328125,999.0,0.01517246849834919,0.036549195647239685,100.0,0.0,0.6075913310050964,0.6075913310050964,0.6075913310050964,77.36328125,0.9985526204109192,1.0936228153273955,12.800000190734863,1.0,128.0,101002.0,16.0,nan,nan,nan,0.0,0.6075913310050964,128.0,0.14575886726379395,0.19875776767730713,0.036549195647239685,0.0021118908189237118,0.604400634765625,1.0,128.0,0.586639404296875,0.09837635183174212,0.1,0.16704220469711414,0.09732390810401413,0.5889092575618698,0.49139478812997706,0.10000000149011612,1000.0,128.0,0.0,0.0,nan,nan,1
topk,TopK,k,117.0,0.5123035972617298,77.369140625,999.0,0.008228429593145847,0.03477129712700844,100.0,0.0,0.6081987619400024,0.6081987619400024,0.6081987619400024,77.369140625,0.9986900091171265,1.1064621557753969,12.800000190734863,1.0,128.0,101002.0,16.0,nan,nan,nan,0.0,0.6081987619400024,128.0,0.14774726331233978,0.19949683547019958,0.03477129712700844,0.0019114267779514194,0.6044464111328125,1.0,128.0,0.5868682861328125,0.09828530399558644,0.1,0.16677137719621307,0.09716507207229949,0.5879926672777268,0.49086020887195375,0.10000000149011612,1000.0,128.0,0.0,0.0,nan,nan,1
topk,TopK,k,122.0,0.3927010241355923,77.453125,999.0,0.01172356866300106,0.03604927286505699,100.0,0.0,0.6123684048652649,0.6123684048652649,0.6123684048652649,77.453125,0.998591959476471,1.1070043642210465,12.800000190734863,1.0,128.0,101002.0,16.0,nan,nan,nan,0.0,0.6123684048652649,128.0,0.14733752608299255,0.19915658235549927,0.03604927286505699,0.002054512733593583,0.6051025390625,1.0,128.0,0.58892822265625,0.09756929509912914,0.1,0.16462490801264013,0.09589973774460359,0.5809654750992973,0.486592247636104,0.10000000149011612,1000.0,128.0,0.0,0.0,nan,nan,1
topk,TopK,k,114.0,0.5725926868614601,77.6171875,999.0,0.018319807946681976,0.039610374718904495,100.0,0.0,0.6112121939659119,0.6112121939659119,0.6112121939659119,77.6171875,0.9983000159263611,1.0851917374513234,12.800000190734863,1.0,128.0,101002.0,16.0,nan,nan,nan,0.0,0.6112121939659119,128.0,0.14824159443378448,0.1978129744529724,0.039610374718904495,0.0024804689455777407,0.60638427734375,1.0,128.0,0.581024169921875,0.10200764944996096,0.1,0.17733223868988462,0.10327126321087066,0.6269477543538039,0.5114226820590854,0.10000000149011612,1000.0,128.0,0.0,0.0,nan,nan,1
topk,TopK,k,118.0,0.09954883988183551,77.783203125,999.0,0.007346719969063997,0.03426215797662735,100.0,0.0,0.6117568016052246,0.6117568016052246,0.6117568016052246,77.783203125,0.9987280964851379,1.1053734822051338,12.800000190734863,1.0,128.0,101002.0,16.0,nan,nan,nan,0.0,0.6117568016052246,128.0,0.14822247624397278,0.19751772284507751,0.03426215797662735,0.0018558604642748833,0.6076812744140625,1.0,128.0,0.5945892333984375,0.0959663672696611,0.1,0.15966875849129844,0.09295668549905838,0.5655362053162236,0.4765890892660115,0.10000000149011612,1000.0,128.0,0.0,0.0,nan,nan,1
topk,TopK,k,119.0,0.21835911187591253,77.830078125,999.0,0.008958823047578335,0.035480741411447525,100.0,0.0,0.6121204495429993,0.6121204495429993,0.6121204495429993,77.830078125,0.99863600730896,1.1156845859121067,12.800000190734863,1.0,128.0,101002.0,16.0,nan,nan,nan,0.0,0.6121204495429993,128.0,0.14884087443351746,0.19780322909355164,0.035480741411447525,0.001990220509469509,0.6080474853515625,1.0,128.0,0.5938873291015625,0.0963987826542284,0.1,0.1610949455760319,0.09377901578458682,0.5708829819737244,0.4793557137364808,0.10000000149011612,1000.0,128.0,0.0,0.0,nan,nan,1
batchtopk,BatchTopK,k,0.0625,0.0014391731251577207,0.03125,999.0,22.088905334472656,0.9449819922447205,100.0,0.9140625,0.6508409976959229,0.6508409976959229,0.6508409976959229,0.03125,0.032442331314086914,1.0097274368757418,12.800000190734863,1.0,128.0,101003.0,16.0,nan,nan,nan,0.0,0.6508409976959229,128.0,0.0013848848175257444,0.00024330615997314453,0.9449819922447205,1.4117666482925415,0.000244140625,1.0,128.0,0.0999755859375,0.10004643464430807,0.1,0.0015239256324291375,0.3125,0.0007638252367858234,0.500288676476674,0.10000000149011612,1000.0,128.0,0.0,0.0,nan,nan,1
batchtopk,BatchTopK,k,0.09375,0.0036838676459337205,0.048828125,999.0,22.152061462402344,0.9368852376937866,100.0,0.8984375,0.6663225889205933,0.6663225889205933,0.6663225889205933,0.048828125,0.04895174503326416,1.0114194341021696,12.800000190734863,1.0,128.0,101003.0,16.0,nan,nan,nan,0.0,0.6663225889205933,128.0,0.002091025933623314,0.0003795921802520752,0.9368852376937866,1.387677788734436,0.0003814697265625,1.0,128.0,0.1000213623046875,0.10015304141185934,0.1,0.0024349414092223404,0.32,0.0012221203788573174,0.5004669679704085,0.10000000149011612,1000.0,128.0,0.0,0.0,nan,nan,1
batchtopk,BatchTopK,k,0.125,0.0032492718413201557,0.087890625,999.0,20.83346939086914,0.9233832359313965,100.0,0.8515625,0.6637364625930786,0.6637364625930786,0.6637364625930786,0.087890625,0.07616633176803589,1.026089536994835,12.800000190734863,1.0,128.0,101003.0,16.0,nan,nan,nan,0.0,0.6637364625930786,128.0,0.003536970354616642,0.0006819069385528564,0.9233832359313965,1.3479688167572021,0.0006866455078125,1.0,128.0,0.1002044677734375,0.10018977588591793,0.1,0.003641329085116068,0.26666666666666666,0.0018331805682859762,0.5006368818589862,0.10000000149011612,1000.0,128.0,0.0,0.0,nan,nan,1
batchtopk,BatchTopK,k,0.1875,0.03973508555787164,0.201171875,999.0,19.39027214050293,0.9042878746986389,100.0,0.828125,0.6643176078796387,0.6643176078796387,0.6643176078796387,0.201171875,0.11398071050643921,1.0286370371688336,12.800000190734863,1.0,128.0,101003.0,16.0,nan,nan,nan,0.0,0.6643176078796387,128.0,0.007369417697191238,0.0015530288219451904,0.9042878746986389,1.2927937507629395,0.0015716552734375,1.0,128.0,0.0998992919921875,0.1029635231956558,0.1,0.015340652729733794,0.49514563106796117,0.007791017415215398,0.5034547560376637,0.10000000149011612,1000.0,128.0,0.0,0.0,nan,nan,1
batchtopk,BatchTopK,k,0.25,0.011409761953973075,0.271484375,999.0,18.842609405517578,0.898576021194458,100.0,0.78125,0.6722097396850586,0.6722097396850586,0.6722097396850586,0.271484375,0.12513816356658936,1.0457002724449542,12.800000190734863,1.0,128.0,101003.0,16.0,nan,nan,nan,0.0,0.6722097396850586,128.0,0.009308206848800182,0.002094477415084839,0.898576021194458,1.2765138149261475,0.0021209716796875,1.0,128.0,0.1004791259765625,0.1018686665441936,0.1,0.014958863126402395,0.3597122302158273,0.007638252367858234,0.503064761037294,0.10000000149011612,1000.0,128.0,0.0,0.0,nan,nan,1
batchtopk,BatchTopK,k,0.5,0.04196447891189149,0.72265625,999.0,16.420839309692383,0.837842583656311,100.0,0.734375,0.6565461158752441,0.6565461158752441,0.6565461158752441,0.72265625,0.23940283060073853,1.089244466671074,12.800000190734863,1.0,128.0,101003.0,16.0,nan,nan,nan,0.0,0.6565461158752441,128.0,0.02049809694290161,0.005520641803741455,0.837842583656311,1.1097898483276367,0.005645751953125,1.0,128.0,0.101898193359375,0.1039150098334032,0.1,0.03441295546558704,0.3216216216216216,0.018179040635502595,0.5069620410839829,0.10000000149011612,1000.0,128.0,0.0,0.0,nan,nan,1
batchtopk,BatchTopK,k,0.75,0.2916715180974493,1.1171875,999.0,14.407998085021973,0.8246875405311584,100.0,0.671875,0.6651039123535156,0.6651039123535156,0.6651039123535156,1.1171875,0.2630997896194458,1.1339082807045366,12.800000190734863,1.0,128.0,101003.0,16.0,nan,nan,nan,0.0,0.6651039123535156,128.0,0.02904168888926506,0.00847625732421875,0.8246875405311584,1.0752135515213013,0.00872802734375,1.0,128.0,0.10302734375,0.10603564101263172,0.1,0.05141893790390559,0.31993006993006995,0.027956003666361137,0.5106808328214836,0.10000000149011612,1000.0,128.0,0.0,0.0,nan,nan,1
batchtopk,BatchTopK,k,1.0,0.36683571442309165,1.60546875,999.0,13.254350662231445,0.7835843563079834,100.0,0.5859375,0.6797784566879272,0.6797784566879272,0.6797784566879272,1.60546875,0.33472490310668945,1.137898128552726,12.800000190734863,1.0,128.0,101003.0,16.0,nan,nan,nan,0.0,0.6797784566879272,128.0,0.0382230170071125,0.012111902236938477,0.7835843563079834,0.9707052111625671,0.012542724609375,1.0,128.0,0.104217529296875,0.10922738925165289,0.1,0.0730184581976113,0.32725060827250607,0.0410937977390773,0.5158596637449413,0.10000000149011612,1000.0,128.0,0.0,0.0,nan,nan,1
batchtopk,BatchTopK,k,1.5,0.44355609763379444,2.369140625,999.0,10.584046363830566,0.7495818734169006,100.0,0.5234375,0.672971248626709,0.672971248626709,0.672971248626709,2.369140625,0.39120936393737793,1.1506203647158166,12.800000190734863,1.0,128.0,101003.0,16.0,nan,nan,nan,0.0,0.672971248626709,128.0,0.04844251647591591,0.017669707536697388,0.7495818734169006,0.8882883787155151,0.0185089111328125,1.0,128.0,0.1071624755859375,0.11132407811361278,0.1,0.09485758474030159,0.3033800494641385,0.056217537427436605,0.5209465378271273,0.10000000149011612,1000.0,128.0,0.0,0.0,nan,nan,1
batchtopk,BatchTopK,k,2.0,-0.02992022585122471,3.234375,999.0,8.955645561218262,0.7586110234260559,100.0,0.3359375,0.6816188097000122,0.6816188097000122,0.6816188097000122,3.234375,0.37645459175109863,1.1385280373261728,12.800000190734863,1.0,128.0,101003.0,16.0,nan,nan,nan,0.0,0.6816188097000122,128.0,0.05861234664916992,0.02403479814529419,0.7586110234260559,0.9098172187805176,0.0252685546875,1.0,128.0,0.10931396484375,0.11681311897508197,0.1,0.12655449890270667,0.3134057971014493,0.07928505957836847,0.5300053031405998,0.10000000149011612,1000.0,128.0,0.0,0.0,nan,nan,1
batchtopk,BatchTopK,k,3.0,0.39076743476687026,4.515625,999.0,7.610772132873535,0.7210743427276611,100.0,0.21875,0.6687342524528503,0.6687342524528503,0.6687342524528503,4.515625,0.43663489818573,1.1528506878245708,12.800000190734863,1.0,128.0,101003.0,16.0,nan,nan,nan,0.0,0.6687342524528503,128.0,0.06786683946847916,0.03312849998474121,0.7210743427276611,0.8220078945159912,0.0352783203125,1.0,128.0,0.116851806640625,0.11451570485584095,0.1,0.13547076089410703,0.25951557093425603,0.09165902841429881,0.5313185801505297,0.10000000149011612,1000.0,128.0,0.0,0.0,nan,nan,1
batchtopk,BatchTopK,k,4.0,-0.887093423151966,5.5703125,999.0,5.997768402099609,0.649075984954834,100.0,0.1796875,0.6469086408615112,0.6469086408615112,0.6469086408615112,5.5703125,0.5435209274291992,1.2186784395634667,12.800000190734863,1.0,128.0,101003.0,16.0,nan,nan,nan,0.0,0.6469086408615112,128.0,0.0759618878364563,0.03980535268783569,0.649075984954834,0.6660501956939697,0.04351806640625,1.0,128.0,0.12579345703125,0.10891278149736316,0.1,0.12279208342200469,0.20231416549789621,0.08814543232508402,0.5247897868524894,0.10000000149011612,1000.0,128.0,0.0,0.0,nan,nan,1
batchtopk,BatchTopK,k,6.0,0.14733788198276193,7.251953125,999.0,3.5331313610076904,0.4603859484195709,100.0,0.28125,0.6259281635284424,0.6259281635284424,0.6259281635284424,7.251953125,0.7703460454940796,1.1919281319578525,12.800000190734863,1.0,128.0,101003.0,16.0,nan,nan,nan,0.0,0.6259281635284424,128.0,0.08345276862382889,0.04773494601249695,0.4603859484195709,0.335088849067688,0.0566558837890625,1.0,128.0,0.1325225830078125,0.11335824652781326,0.1,0.153426259869383,0.21195798545650418,0.1202260922700886,0.5353122324378076,0.10000000149011612,1000.0,128.0,0.0,0.0,nan,nan,1
batchtopk,BatchTopK,k,8.0,0.7062616711714395,9.291015625,999.0,1.3934316635131836,0.24772877991199493,100.0,0.375,0.6177397966384888,0.6177397966384888,0.6177397966384888,9.291015625,0.9335059523582458,1.3119857911383386,12.800000190734863,1.0,128.0,101003.0,16.0,nan,nan,nan,0.0,0.6177397966384888,128.0,0.10190775990486145,0.05316820740699768,0.24772877991199493,0.0970216765999794,0.0725860595703125,1.0,128.0,0.1524505615234375,0.10369396474429965,0.1,0.11607537821817217,0.1379020391002733,0.10021387106630003,0.5153468066977542,0.10000000149011612,1000.0,128.0,0.0,0.0,nan,nan,1
batchtopk,BatchTopK,k,10.0,1.5056210524361733,11.306640625,999.0,0.4395040273666382,0.11557633429765701,100.0,0.734375,0.6174790263175964,0.6174790263175964,0.6174790263175964,11.306640625,0.9855266809463501,1.3240029283531436,12.800000190734863,1.0,128.0,101003.0,16.0,nan,nan,nan,0.0,0.6174790263175964,128.0,0.11210106313228607,0.05639347434043884,0.11557633429765701,0.02111804485321045,0.0883331298828125,1.0,128.0,0.1630096435546875,0.10528475183630064,0.1,0.13392784758816378,0.14268440145102781,0.12618392911701803,0.5210255126175022,0.10000000149011612,1000.0,128.0,0.0,0.0,nan,nan,1
batchtopk,BatchTopK,k,12.0,-0.8339088577680583,13.076171875,999.0,0.1106652021408081,0.05561487749218941,100.0,0.7421875,0.5999893546104431,0.5999893546104431,0.5999893546104431,13.076171875,0.9966487288475037,1.387785384759672,12.800000190734863,1.0,128.0,101003.0,16.0,nan,nan,nan,0.0,0.5999893546104431,128.0,0.11977148056030273,0.058438628911972046,0.05561487749218941,0.004889875650405884,0.1021575927734375,1.0,128.0,0.1768035888671875,0.10287075715388011,0.1,0.12491503662865341,0.12352501867064974,0.12633669416437518,0.5134311034815774,0.10000000149011612,1000.0,128.0,0.0,0.0,nan,nan,1
batchtopk,BatchTopK,k,14.0,-0.3280378793478899,15.2421875,999.0,0.02376321516931057,0.02376106008887291,100.0,0.734375,0.5996628403663635,0.5996628403663635,0.5996628403663635,15.2421875,0.9993882775306702,1.3813920575315468,12.800000190734863,1.0,128.0,101003.0,16.0,nan,nan,nan,0.0,0.5996628403663635,128.0,0.11963975429534912,0.06413483619689941,0.02376106008887291,0.000892580661457032,0.11907958984375,1.0,128.0,0.18994140625,0.10307677687988831,0.1,0.13254355400696863,0.12186058431573552,0.14527956003666362,0.514553663727435,0.10000000149011612,1000.0,128.0,0.0,0.0,nan,nan,1
batchtopk,BatchTopK,k,16.0,-0.3052689621903024,17.322265625,999.0,0.0032173371873795986,0.016419321298599243,100.0,0.6796875,0.5918094515800476,0.5918094515800476,0.5918094515800476,17.322265625,0.9997078776359558,1.3921891314806842,12.800000190734863,1.0,128.0,101003.0,16.0,nan,nan,nan,0.0,0.5918094515800476,128.0,0.12383860349655151,0.06814709305763245,0.016419321298599243,0.00042621255852282047,0.1353302001953125,1.0,128.0,0.2092437744140625,0.09937288196791191,0.1,0.11041193642555952,0.0959521930319089,0.13000305530094713,0.49704085635025325,0.10000000149011612,1000.0,128.0,0.0,0.0,nan,nan,1
batchtopk,BatchTopK,k,18.0,-0.9533354207158228,18.85546875,999.0,0.000826357863843441,0.00836822111159563,100.0,0.6953125,0.5976057648658752,0.5976057648658752,0.5976057648658752,18.85546875,0.9999241232872009,1.317036166141303,12.800000190734863,1.0,128.0,101003.0,16.0,nan,nan,nan,0.0,0.5976057648658752,128.0,0.11938244849443436,0.07470697164535522,0.00836822111159563,0.00011070878827013075,0.147308349609375,1.0,128.0,0.211273193359375,0.10384590629200206,0.1,0.14530864197530863,0.12191837580277605,0.17980446073938283,0.5180510691559264,0.10000000149011612,1000.0,128.0,0.0,0.0,nan,nan,1
batchtopk,BatchTopK,k,20.0,0.523543640477283,20.62109375,999.0,0.001283518155105412,0.0064586917869746685,100.0,0.65625,0.603388249874115,0.603388249874115,0.603388249874115,20.62109375,0.9999548196792603,1.2666330375078152,12.800000190734863,1.0,128.0,101003.0,16.0,nan,nan,nan,0.0,0.603388249874115,128.0,0.12005750834941864,0.07956182956695557,0.0064586917869746685,6.594850856345147e-05,0.161102294921875,1.0,128.0,0.218963623046875,0.10630801278002133,0.1,0.16101496725912065,0.13042242849024435,0.21035747021081577,0.527360460821631,0.10000000149011612,1000.0,128.0,0.0,0.0,nan,nan,1
batchtopk,BatchTopK,k,22.0,-0.039781317429672405,23.521484375,999.0,0.001271482091397047,0.009626923128962517,100.0,0.6171875,0.5999605059623718,0.5999605059623718,0.5999605059623718,23.521484375,0.9998995661735535,1.2770769767523202,12.800000190734863,1.0,128.0,101003.0,16.0,nan,nan,nan,0.0,0.5999605059623718,128.0,0.12254650145769119,0.09119001030921936,0.009626923128962517,0.00014651796664111316,0.1837615966796875,1.0,128.0,0.2469329833984375,0.09988550713944078,0.1,0.1294313841519178,0.09989205347504775,0.1837763519706691,0.5000081963277654,0.10000000149011612,1000.0,128.0,0.0,0.0,nan,nan,1
batchtopk,BatchTopK,k,24.0,0.4820334982272129,25.251953125,999.0,0.0003179360937792808,0.007789690513163805,100.0,0.5859375,0.6136221885681152,0.6136221885681152,0.6136221885681152,25.251953125,0.9999342560768127,1.2546482846903608,12.800000190734863,1.0,128.0,101003.0,16.0,nan,nan,nan,0.0,0.6136221885681152,128.0,0.12412901967763901,0.09598615765571594,0.007789690513163805,9.593040158506483e-05,0.1972808837890625,1.0,128.0,0.2495269775390625,0.10485660179825773,0.1,0.16030808729139923,0.12073632918245804,0.23846623892453406,0.5228778050021891,0.10000000149011612,1000.0,128.0,0.0,0.0,nan,nan,1
batchtopk,BatchTopK,k,28.0,-0.12341786530880679,27.185546875,999.0,0.0009632048313505948,0.00759813841432333,100.0,0.453125,0.6171585321426392,0.6171585321426392,0.6171585321426392,27.185546875,0.9999374747276306,1.2401745747639656,12.800000190734863,1.0,128.0,101003.0,16.0,nan,nan,nan,0.0,0.6171585321426392,128.0,0.11847633123397827,0.1081601083278656,0.00759813841432333,9.127046359935775e-05,0.2123870849609375,1.0,128.0,0.2704010009765625,0.09960868298672748,0.1,0.13408258001465917,0.09857029959048783,0.20959364497402994,0.4984482888372438,0.10000000149011612,1000.0,128.0,0.0,0.0,nan,nan,1
batchtopk,BatchTopK,k,26.0,0.15447796632975472,28.484375,999.0,0.0076432181522250175,0.015014543198049068,100.0,0.5390625,0.6072766780853271,0.6072766780853271,0.6072766780853271,28.484375,0.9997557401657104,1.2545323517089586,12.800000190734863,1.0,128.0,101003.0,16.0,nan,nan,nan,0.0,0.6072766780853271,128.0,0.12410824745893478,0.10698586702346802,0.015014543198049068,0.0003564019571058452,0.2225341796875,1.0,128.0,0.279632568359375,0.09908059575273809,0.1,0.13270231897775675,0.09613274821722435,0.21417659639474487,0.49535749636655363,0.10000000149011612,1000.0,128.0,0.0,0.0,nan,nan,1
batchtopk,BatchTopK,k,31.0,-0.25819497845124295,30.5234375,999.0,0.0010107026901096106,0.010488757863640785,100.0,0.40625,0.6057066917419434,0.6057066917419434,0.6057066917419434,30.5234375,0.9998807907104492,1.2284847894640998,12.800000190734863,1.0,128.0,101003.0,16.0,nan,nan,nan,0.0,0.6057066917419434,128.0,0.12093652784824371,0.11991673707962036,0.010488757863640785,0.0001739257713779807,0.23846435546875,1.0,128.0,0.289764404296875,0.1003666451226783,0.1,0.14359159375845584,0.10186844125927821,0.24320195539260617,0.5026316608629415,0.10000000149011612,1000.0,128.0,0.0,0.0,nan,nan,1
batchtopk,BatchTopK,k,30.0,0.04995290698951183,31.44140625,999.0,0.00734024029225111,0.0140572190284729,100.0,0.390625,0.6090748310089111,0.6090748310089111,0.6090748310089111,31.44140625,0.9997859001159668,1.2239992104433906,12.800000190734863,1.0,128.0,101003.0,16.0,nan,nan,nan,0.0,0.6090748310089111,128.0,0.12083402276039124,0.12498587369918823,0.0140572190284729,0.00031240261159837246,0.245635986328125,1.0,128.0,0.298675537109375,0.09882163940858303,0.1,0.13557675322381205,0.09535346005714995,0.23449434769324778,0.49381099822363694,0.10000000149011612,1000.0,128.0,0.0,0.0,nan,nan,1
batchtopk,BatchTopK,k,32.0,0.15088346152235294,34.138671875,999.0,0.0035721613094210625,0.01473220530897379,100.0,0.2421875,0.6120316386222839,0.6120316386222839,0.6120316386222839,34.138671875,0.9997648596763611,1.2063906494082055,12.800000190734863,1.0,128.0,101003.0,16.0,nan,nan,nan,0.0,0.6120316386222839,128.0,0.12080003321170807,0.13341525197029114,0.01473220530897379,0.00034312420757487416,0.2667083740234375,1.0,128.0,0.3098297119140625,0.10173930994397135,0.1,0.15483870967741936,0.1064134103781681,0.2841429880843263,0.5096846488141583,0.10000000149011612,1000.0,128.0,0.0,0.0,nan,nan,1
batchtopk,BatchTopK,k,36.0,0.4643799880233636,38.775390625,999.0,0.0026404482778161764,0.01168014109134674,100.0,0.21875,0.6020554304122925,0.6020554304122925,0.6020554304122925,38.775390625,0.999852180480957,1.1989860719355223,12.800000190734863,1.0,128.0,101003.0,16.0,nan,nan,nan,0.0,0.6020554304122925,128.0,0.12175314128398895,0.15363112092018127,0.01168014109134674,0.00021568105148617178,0.3029327392578125,1.0,128.0,0.3356475830078125,0.10357617993538967,0.1,0.16674874048259403,0.1108648566967209,0.3362358692331195,0.5184993551963191,0.10000000149011612,1000.0,128.0,0.0,0.0,nan,nan,1
batchtopk,BatchTopK,k,40.0,-0.02600583050632863,40.431640625,999.0,0.006301428657025099,0.01628590188920498,100.0,0.0546875,0.6026604175567627,0.6026604175567627,0.6026604175567627,40.431640625,0.9997126460075378,1.187592423055598,12.800000190734863,1.0,128.0,101003.0,16.0,nan,nan,nan,0.0,0.6026604175567627,128.0,0.12073469907045364,0.16009190678596497,0.01628590188920498,0.0004193141357973218,0.3158721923828125,1.0,128.0,0.3498992919921875,0.10132208618793258,0.1,0.15840275993687378,0.10424617168252741,0.3296669721967614,0.5076627791989062,0.10000000149011612,1000.0,128.0,0.0,0.0,nan,nan,1
batchtopk,BatchTopK,k,48.0,0.9757543419227465,48.708984375,999.0,0.0037532318383455276,0.013937339186668396,100.0,0.0078125,0.6055361032485962,0.6055361032485962,0.6055361032485962,48.708984375,0.9997895359992981,1.138275820453399,12.800000190734863,1.0,128.0,101003.0,16.0,nan,nan,nan,0.0,0.6055361032485962,128.0,0.11979200690984726,0.1950286328792572,0.013937339186668396,0.0003070969833061099,0.3805389404296875,1.0,128.0,0.3965301513671875,0.10422839618487767,0.1,0.17462283627124028,0.11022895865912827,0.4199511151848457,0.5218928317066794,0.10000000149011612,1000.0,128.0,0.0,0.0,nan,nan,1
batchtopk,BatchTopK,k,56.0,-0.2982445021131116,56.32421875,999.0,0.004455907270312309,0.01441401056945324,100.0,0.0078125,0.6142792701721191,0.6142792701721191,0.6142792701721191,56.32421875,0.9997748732566833,1.10376305308331,12.800000190734863,1.0,128.0,101003.0,16.0,nan,nan,nan,0.0,0.6142792701721191,128.0,0.11988480389118195,0.21895301342010498,0.01441401056945324,0.00032846227986738086,0.440032958984375,1.0,128.0,0.45172119140625,0.10003014945830677,0.1,0.1633506669681212,0.10021499410500034,0.44149098686220595,0.5008099111290178,0.10000000149011612,1000.0,128.0,0.0,0.0,nan,nan,1
batchtopk,BatchTopK,k,64.0,0.058477430027511934,64.60546875,999.0,0.0022978289052844048,0.016493715345859528,100.0,0.0,0.613746166229248,0.613746166229248,0.613746166229248,64.60546875,0.9997052550315857,1.0923072853294946,12.800000190734863,1.0,128.0,101003.0,16.0,nan,nan,nan,0.0,0.613746166229248,128.0,0.1232352927327156,0.230993390083313,0.016493715345859528,0.00043008357170037925,0.504730224609375,1.0,128.0,0.502777099609375,0.10039316211395669,0.1,0.16843327276398143,0.10088276195658746,0.5097769630308585,0.5028033823460786,0.10000000149011612,1000.0,128.0,0.0,0.0,nan,nan,1
batchtopk,BatchTopK,k,72.0,0.7633360508771639,70.5625,999.0,0.004983404651284218,0.027243806049227715,100.0,0.0,0.6171655654907227,0.6171655654907227,0.6171655654907227,70.5625,0.9991958141326904,1.061163293371401,12.800000190734863,1.0,128.0,101003.0,16.0,nan,nan,nan,0.0,0.6171655654907227,128.0,0.13322749733924866,0.22190749645233154,0.027243806049227715,0.0011734142899513245,0.55126953125,1.0,128.0,0.528564453125,0.10682079267562958,0.1,0.18826451703613442,0.11118799822852081,0.6136571952337305,0.5346553479135256,0.10000000149011612,1000.0,128.0,0.0,0.0,nan,nan,1
batchtopk,BatchTopK,k,80.0,0.14767184431363364,74.626953125,999.0,0.011558670550584793,0.03931004926562309,100.0,0.0,0.6181471943855286,0.6181471943855286,0.6181471943855286,74.626953125,0.9983257055282593,1.1050100932270688,12.800000190734863,1.0,128.0,101003.0,16.0,nan,nan,nan,0.0,0.6181471943855286,128.0,0.1437981128692627,0.209438294172287,0.03931004926562309,0.0024429974146187305,0.5830230712890625,1.0,128.0,0.5676422119140625,0.09928801200421083,0.1,0.16878561054630767,0.09885105603391871,0.576993583868011,0.4966507163279706,0.10000000149011612,1000.0,128.0,0.0,0.0,nan,nan,1
batchtopk,BatchTopK,k,96.0,0.3532556500578507,80.185546875,999.0,0.012592808343470097,0.042447831481695175,100.0,0.0,0.6203158497810364,0.6203158497810364,0.6203158497810364,80.185546875,0.9980477094650269,1.1054758075280942,12.800000190734863,1.0,128.0,101003.0,16.0,nan,nan,nan,0.0,0.6203158497810364,128.0,0.15579983592033386,0.18710854649543762,0.042447831481695175,0.002848569769412279,0.6264495849609375,1.0,128.0,0.6013946533203125,0.09978137346510509,0.1,0.17201319300014706,0.09971988795518208,0.6254201038802322,0.4994281397516095,0.10000000149011612,1000.0,128.0,0.0,0.0,nan,nan,1
batchtopk,BatchTopK,k,104.0,0.05102229505084909,80.26953125,999.0,0.011574206873774529,0.04122898727655411,100.0,0.0,0.6182286739349365,0.6182286739349365,0.6182286739349365,80.26953125,0.9981582164764404,1.1171461378341687,12.800000190734863,1.0,128.0,101003.0,16.0,nan,nan,nan,0.0,0.6182286739349365,128.0,0.155120849609375,0.188254714012146,0.04122898727655411,0.0026873312890529633,0.627105712890625,1.0,128.0,0.603851318359375,0.09883363066879197,0.1,0.1693812442280245,0.09817996009538177,0.6164069660861595,0.4940570175404522,0.10000000149011612,1000.0,128.0,0.0,0.0,nan,nan,1
batchtopk,BatchTopK,k,112.0,0.05102229505084909,80.26953125,999.0,0.011574206873774529,0.04122898727655411,100.0,0.0,0.6182286739349365,0.6182286739349365,0.6182286739349365,80.26953125,0.9981582164764404,1.1171461378341687,12.800000190734863,1.0,128.0,101003.0,16.0,nan,nan,nan,0.0,0.6182286739349365,128.0,0.155120849609375,0.188254714012146,0.04122898727655411,0.0026873312890529633,0.627105712890625,1.0,128.0,0.603851318359375,0.09883363066879197,0.1,0.1693812442280245,0.09817996009538177,0.6164069660861595,0.4940570175404522,0.10000000149011612,1000.0,128.0,0.0,0.0,nan,nan,1
batchtopk,BatchTopK,k,120.0,0.05102229505084909,80.26953125,999.0,0.011574206873774529,0.04122898727655411,100.0,0.0,0.6182286739349365,0.6182286739349365,0.6182286739349365,80.26953125,0.9981582164764404,1.1171461378341687,12.800000190734863,1.0,128.0,101003.0,16.0,nan,nan,nan,0.0,0.6182286739349365,128.0,0.155120849609375,0.188254714012146,0.04122898727655411,0.0026873312890529633,0.627105712890625,1.0,128.0,0.603851318359375,0.09883363066879197,0.1,0.1693812442280245,0.09817996009538177,0.6164069660861595,0.4940570175404522,0.10000000149011612,1000.0,128.0,0.0,0.0,nan,nan,1
batchtopk,BatchTopK,k,124.0,0.05102229505084909,80.26953125,999.0,0.011574206873774529,0.04122898727655411,100.0,0.0,0.6182286739349365,0.6182286739349365,0.6182286739349365,80.26953125,0.9981582164764404,1.1171461378341687,12.800000190734863,1.0,128.0,101003.0,16.0,nan,nan,nan,0.0,0.6182286739349365,128.0,0.155120849609375,0.188254714012146,0.04122898727655411,0.0026873312890529633,0.627105712890625,1.0,128.0,0.603851318359375,0.09883363066879197,0.1,0.1693812442280245,0.09817996009538177,0.6164069660861595,0.4940570175404522,0.10000000149011612,1000.0,128.0,0.0,0.0,nan,nan,1
batchtopk,BatchTopK,k,128.0,0.05102229505084909,80.26953125,999.0,0.011574206873774529,0.04122898727655411,100.0,0.0,0.6182286739349365,0.6182286739349365,0.6182286739349365,80.26953125,0.9981582164764404,1.1171461378341687,12.800000190734863,1.0,128.0,101003.0,16.0,nan,nan,nan,0.0,0.6182286739349365,128.0,0.155120849609375,0.188254714012146,0.04122898727655411,0.0026873312890529633,0.627105712890625,1.0,128.0,0.603851318359375,0.09883363066879197,0.1,0.1693812442280245,0.09817996009538177,0.6164069660861595,0.4940570175404522,0.10000000149011612,1000.0,128.0,0.0,0.0,nan,nan,1
batchtopk,BatchTopK,k,88.0,0.552500221156743,80.60546875,999.0,0.008579406887292862,0.04074699804186821,100.0,0.0,0.6209986805915833,0.6209986805915833,0.6209986805915833,80.60546875,0.9982010126113892,1.0873899506009297,12.800000190734863,1.0,128.0,101003.0,16.0,nan,nan,nan,0.0,0.6209986805915833,128.0,0.15828068554401398,0.18398696184158325,0.04074699804186821,0.002624865621328354,0.629730224609375,1.0,128.0,0.599609375,0.10205675470985978,0.1,0.17818303496737495,0.10322267991276957,0.6507791017415215,0.5116923140509608,0.10000000149011612,1000.0,128.0,0.0,0.0,nan,nan,1
jumprelu,JumpReLU,l0_coefficient,30.0,0.024344280146598042,0.333984375,999.0,21.186908721923828,0.932666540145874,100.0,0.6640625,0.6668709516525269,0.6668709516525269,0.6668709516525269,0.333984375,0.057497262954711914,1.0358430601170068,12.800000190734863,1.0,128.0,101004.0,16.0,nan,nan,nan,0.0,0.6668709516525269,128.0,0.0076721287332475185,0.002594560384750366,0.932666540145874,1.375208854675293,0.0026092529296875,1.0,128.0,0.1008758544921875,0.10158477362858019,0.1,0.01578085454816138,0.30994152046783624,0.008096547509929728,0.5030481042347072,0.10000000149011612,1000.0,128.0,0.0,0.0,nan,nan,1
jumprelu,JumpReLU,l0_coefficient,10.0,-0.05964698513055585,0.599609375,999.0,16.20257568359375,1.0209232568740845,100.0,0.328125,0.6815547943115234,0.6815547943115234,0.6815547943115234,0.599609375,-0.1293172836303711,1.1564207806622904,12.800000190734863,1.0,128.0,101004.0,16.0,nan,nan,nan,0.0,0.6815547943115234,128.0,0.01995066925883293,0.004640012979507446,1.0209232568740845,1.647790551185608,0.0046844482421875,1.0,128.0,0.1018524169921875,0.10246753824078433,0.1,0.025974025974025976,0.2899022801302932,0.013596089214787657,0.5049502737987822,0.10000000149011612,1000.0,128.0,0.0,0.0,nan,nan,1
jumprelu,JumpReLU,l0_coefficient,4.25,0.18706823663177743,0.978515625,999.0,12.948280334472656,1.0016273260116577,100.0,0.234375,0.6731063723564148,0.6731063723564148,0.6731063723564148,0.978515625,-0.08703148365020752,1.1760944445039676,12.800000190734863,1.0,128.0,101004.0,16.0,nan,nan,nan,0.0,0.6731063723564148,128.0,0.029826031997799873,0.007543832063674927,1.0016273260116577,1.58609139919281,0.0076446533203125,1.0,128.0,0.1033172607421875,0.1035852216335975,0.1,0.039165602383993185,0.2754491017964072,0.021081576535288724,0.5074639955909195,0.10000000149011612,1000.0,128.0,0.0,0.0,nan,nan,1
jumprelu,JumpReLU,l0_coefficient,4.2,0.0920383526265769,0.982421875,999.0,12.776503562927246,0.984946608543396,100.0,0.2421875,0.6802417039871216,0.6802417039871216,0.6802417039871216,0.982421875,-0.051126956939697266,1.1494658038747962,12.800000190734863,1.0,128.0,101004.0,16.0,nan,nan,nan,0.0,0.6802417039871216,128.0,0.02850423939526081,0.007563561201095581,0.984946608543396,1.5337028503417969,0.0076751708984375,1.0,128.0,0.1030426025390625,0.10427814911633093,0.1,0.04199177188253653,0.294234592445328,0.022609227008860373,0.5082956289307736,0.10000000149011612,1000.0,128.0,0.0,0.0,nan,nan,1
jumprelu,JumpReLU,l0_coefficient,5.0,0.24472953959218133,0.98828125,999.0,12.83816146850586,1.1132032871246338,100.0,0.21875,0.6875773072242737,0.6875773072242737,0.6875773072242737,0.98828125,-0.3426995277404785,1.2135922098718945,12.800000190734863,1.0,128.0,101004.0,16.0,nan,nan,nan,0.0,0.6875773072242737,128.0,0.031495220959186554,0.007623136043548584,1.1132032871246338,1.9591370820999146,0.007720947265625,1.0,128.0,0.103240966796875,0.10387572686799118,0.1,0.040555870674985825,0.2826086956521739,0.02184540177207455,0.5078459082093124,0.10000000149011612,1000.0,128.0,0.0,0.0,nan,nan,1
jumprelu,JumpReLU,l0_coefficient,4.0,0.06413115715518626,1.056640625,999.0,12.461271286010742,1.0294368267059326,100.0,0.203125,0.6817470192909241,0.6817470192909241,0.6817470192909241,1.056640625,-0.1482306718826294,1.1853858256678407,12.800000190734863,1.0,128.0,101004.0,16.0,nan,nan,nan,0.0,0.6817470192909241,128.0,0.032614242285490036,0.008147627115249634,1.0294368267059326,1.6753871440887451,0.0082550048828125,1.0,128.0,0.1028594970703125,0.10569547360539121,0.1,0.04882178636940878,0.3197781885397412,0.02642835319278949,0.5100950038552523,0.10000000149011612,1000.0,128.0,0.0,0.0,nan,nan,1
jumprelu,JumpReLU,l0_coefficient,4.3,0.14491880376435215,1.09375,999.0,12.255590438842773,1.0218907594680786,100.0,0.171875,0.6914186477661133,0.6914186477661133,0.6914186477661133,1.09375,-0.13145899772644043,1.1934311351273754,12.800000190734863,1.0,128.0,101004.0,16.0,nan,nan,nan,0.0,0.6914186477661133,128.0,0.03312893211841583,0.008430182933807373,1.0218907594680786,1.6509153842926025,0.008544921875,1.0,128.0,0.103515625,0.10449848029360725,0.1,0.04531381930762736,0.2875,0.024595172624503513,0.5089156571717194,0.10000000149011612,1000.0,128.0,0.0,0.0,nan,nan,1
jumprelu,JumpReLU,l0_coefficient,4.1,0.20351031686549464,1.181640625,999.0,11.910787582397461,1.083603858947754,100.0,0.203125,0.696401834487915,0.696401834487915,0.696401834487915,1.181640625,-0.2722454071044922,1.2092860527383769,12.800000190734863,1.0,128.0,101004.0,16.0,nan,nan,nan,0.0,0.696401834487915,128.0,0.03610813245177269,0.009104937314987183,1.083603858947754,1.856337547302246,0.0092315673828125,1.0,128.0,0.1035919189453125,0.1053944828232556,0.1,0.05062229058872885,0.2991735537190083,0.027650473571646808,0.5102314073232026,0.10000000149011612,1000.0,128.0,0.0,0.0,nan,nan,1
jumprelu,JumpReLU,l0_coefficient,3.5,0.3473969885769198,1.2734375,999.0,11.608499526977539,1.0864590406417847,100.0,0.1953125,0.6813870668411255,0.6813870668411255,0.6813870668411255,1.2734375,-0.278958797454834,1.228196574647418,12.800000190734863,1.0,128.0,101004.0,16.0,nan,nan,nan,0.0,0.6813870668411255,128.0,0.03757625073194504,0.009800851345062256,1.0864590406417847,1.8661328554153442,0.00994873046875,1.0,128.0,0.104400634765625,0.1045916002844546,0.1,0.04945818282856349,0.27300613496932513,0.027192178429575314,0.5095784591079898,0.10000000149011612,1000.0,128.0,0.0,0.0,nan,nan,1
jumprelu,JumpReLU,l0_coefficient,3.0,0.11614601557210047,1.345703125,999.0,10.50981330871582,1.0502040386199951,100.0,0.140625,0.6883663535118103,0.6883663535118103,0.6883663535118103,1.345703125,-0.19502544403076172,1.2075557758373952,12.800000190734863,1.0,128.0,101004.0,16.0,nan,nan,nan,0.0,0.6883663535118103,128.0,0.03858707472681999,0.010334879159927368,1.0502040386199951,1.7436656951904297,0.0105133056640625,1.0,128.0,0.1043853759765625,0.10548278139915387,0.1,0.054457498272287484,0.28592162554426703,0.030094714329361442,0.5108771588259793,0.10000000149011612,1000.0,128.0,0.0,0.0,nan,nan,1
jumprelu,JumpReLU,l0_coefficient,2.0,0.27423330671663,1.734375,999.0,9.289329528808594,1.05848228931427,100.0,0.109375,0.6663734912872314,0.6663734912872314,0.6663734912872314,1.734375,-0.21393942832946777,1.2673567363091673,12.800000190734863,1.0,128.0,101004.0,16.0,nan,nan,nan,0.0,0.6663734912872314,128.0,0.04592838138341904,0.01324462890625,1.05848228931427,1.7712631225585938,0.0135498046875,1.0,128.0,0.1072998046875,0.10376731015818053,0.1,0.054075867635189664,0.22635135135135134,0.0307057745187901,0.5095298664084034,0.10000000149011612,1000.0,128.0,0.0,0.0,nan,nan,1
jumprelu,JumpReLU,l0_coefficient,1.5,0.5966876120384602,2.068359375,999.0,8.624105453491211,0.9911372065544128,100.0,0.1015625,0.6754281520843506,0.6754281520843506,0.6754281520843506,2.068359375,-0.06438171863555908,1.2214173528019328,12.800000190734863,1.0,128.0,101004.0,16.0,nan,nan,nan,0.0,0.6754281520843506,128.0,0.050403278321027756,0.015675455331802368,0.9911372065544128,1.5530427694320679,0.0161590576171875,1.0,128.0,0.1072235107421875,0.10752248633716709,0.1,0.0760026298487837,0.2728989612842304,0.04414909868622059,0.5155480194227847,0.10000000149011612,1000.0,128.0,0.0,0.0,nan,nan,1
jumprelu,JumpReLU,l0_coefficient,1.0,0.27003990327172683,2.88671875,999.0,7.192202091217041,0.910841703414917,100.0,0.1171875,0.6683003306388855,0.6683003306388855,0.6683003306388855,2.88671875,0.10109120607376099,1.219192675950166,12.800000190734863,1.0,128.0,101004.0,16.0,nan,nan,nan,0.0,0.6683003306388855,128.0,0.060051072388887405,0.021331965923309326,0.910841703414917,1.3116008043289185,0.022552490234375,1.0,128.0,0.109954833984375,0.11093323576137568,0.1,0.10194416749750745,0.2767253044654939,0.06248090436908035,0.5221795944120363,0.10000000149011612,1000.0,128.0,0.0,0.0,nan,nan,1
jumprelu,JumpReLU,l0_coefficient,0.7,0.2216135191464476,3.556640625,999.0,6.274990081787109,0.8505412936210632,100.0,0.109375,0.6552101373672485,0.6552101373672485,0.6552101373672485,3.556640625,0.21617233753204346,1.243502262014508,12.800000190734863,1.0,128.0,101004.0,16.0,nan,nan,nan,0.0,0.6552101373672485,128.0,0.06645259261131287,0.025829702615737915,0.8505412936210632,1.1436855792999268,0.0277862548828125,1.0,128.0,0.1137847900390625,0.11030876574427675,0.1,0.10876060714712561,0.2498627127951675,0.06950809654750993,0.5231758146748399,0.10000000149011612,1000.0,128.0,0.0,0.0,nan,nan,1
jumprelu,JumpReLU,l0_coefficient,0.5,0.20343510537727447,4.865234375,999.0,5.162040710449219,0.6852591633796692,100.0,0.078125,0.6207307577133179,0.6207307577133179,0.6207307577133179,4.865234375,0.4912089705467224,1.2885810434586669,12.800000190734863,1.0,128.0,101004.0,16.0,nan,nan,nan,0.0,0.6207307577133179,128.0,0.07590562850236893,0.03269633650779724,0.6852591633796692,0.7423787117004395,0.0380096435546875,1.0,128.0,0.1248626708984375,0.10455018355307799,0.1,0.09450038729666925,0.1714171015656363,0.06523067522150931,0.5151208470191289,0.10000000149011612,1000.0,128.0,0.0,0.0,nan,nan,1
jumprelu,JumpReLU,l0_coefficient,0.3,-0.07402030246532851,8.474609375,999.0,3.5024654865264893,0.38794028759002686,100.0,0.28125,0.5946623086929321,0.5946623086929321,0.5946623086929321,8.474609375,0.8369354605674744,1.3773498160690378,12.800000190734863,1.0,128.0,101004.0,16.0,nan,nan,nan,0.0,0.5946623086929321,128.0,0.10346507281064987,0.04610326886177063,0.38794028759002686,0.23792803287506104,0.0662078857421875,1.0,128.0,0.1483917236328125,0.1028777156646326,0.1,0.10656867248507121,0.13367135284627796,0.08860372746715552,0.5124405313043525,0.10000000149011612,1000.0,128.0,0.0,0.0,nan,nan,1
jumprelu,JumpReLU,l0_coefficient,0.2,0.11269664116610645,10.484375,999.0,2.3087000846862793,0.21008245646953583,100.0,0.578125,0.5988849401473999,0.5988849401473999,0.5988849401473999,10.484375,0.952180027961731,1.383631469576534,12.800000190734863,1.0,128.0,101004.0,16.0,nan,nan,nan,0.0,0.5988849401473999,128.0,0.11363008618354797,0.05233263969421387,0.21008245646953583,0.06977428495883942,0.0819091796875,1.0,128.0,0.161041259765625,0.10266725148003501,0.1,0.1141514184992446,0.12667660208643816,0.10388023220287199,0.5122045677034025,0.10000000149011612,1000.0,128.0,0.0,0.0,nan,nan,1
jumprelu,JumpReLU,l0_coefficient,0.15,0.36229747734666756,11.744140625,999.0,1.8043218851089478,0.14480219781398773,100.0,0.7109375,0.6043819189071655,0.6043819189071655,0.6043819189071655,11.744140625,0.9772814512252808,1.353705474859254,12.800000190734863,1.0,128.0,101004.0,16.0,nan,nan,nan,0.0,0.6043819189071655,128.0,0.11802473664283752,0.056238919496536255,0.14480219781398773,0.03314867243170738,0.0917510986328125,1.0,128.0,0.1674041748046875,0.10378528267613488,0.1,0.12644318815192293,0.13204723099950108,0.12129544760158875,0.5164114125616014,0.10000000149011612,1000.0,128.0,0.0,0.0,nan,nan,1
jumprelu,JumpReLU,l0_coefficient,0.1,0.4485732043232795,12.955078125,999.0,1.2781691551208496,0.11601191759109497,100.0,0.7265625,0.6054447293281555,0.6054447293281555,0.6054447293281555,12.955078125,0.9854174256324768,1.3471633850666023,12.800000190734863,1.0,128.0,101004.0,16.0,nan,nan,nan,0.0,0.6054447293281555,128.0,0.12227427959442139,0.060081034898757935,0.11601191759109497,0.021277520805597305,0.1012115478515625,1.0,128.0,0.1703033447265625,0.10793540368348126,0.1,0.15312239168373928,0.1521181968943163,0.15413993278337917,0.529400869934663,0.10000000149011612,1000.0,128.0,0.0,0.0,nan,nan,1
jumprelu,JumpReLU,l0_coefficient,0.07,-0.26523987045486813,13.4375,999.0,0.9124364852905273,0.09242796897888184,100.0,0.6953125,0.5900699496269226,0.5900699496269226,0.5900699496269226,13.4375,0.9907436966896057,1.4263939125462017,12.800000190734863,1.0,128.0,101004.0,16.0,nan,nan,nan,0.0,0.5900699496269226,128.0,0.1254403293132782,0.05851501226425171,0.09242796897888184,0.013505872339010239,0.10498046875,1.0,128.0,0.182891845703125,0.10040837376271136,0.1,0.10725458066438255,0.10465116279069768,0.10999083409715857,0.5027831776859755,0.10000000149011612,1000.0,128.0,0.0,0.0,nan,nan,1
jumprelu,JumpReLU,l0_coefficient,0.05,0.09732918685003547,14.037109375,999.0,0.6746847033500671,0.07732360064983368,100.0,0.6875,0.5982570648193359,0.5982570648193359,0.5982570648193359,14.037109375,0.9935218095779419,1.41720572945761,12.800000190734863,1.0,128.0,101004.0,16.0,nan,nan,nan,0.0,0.5982570648193359,128.0,0.12801507115364075,0.05910411477088928,0.07732360064983368,0.009452355094254017,0.1096649169921875,1.0,128.0,0.1852874755859375,0.10118745883929071,0.1,0.11577950921138863,0.11061639070544038,0.12144821264894592,0.506545431972888,0.10000000149011612,1000.0,128.0,0.0,0.0,nan,nan,1
jumprelu,JumpReLU,l0_coefficient,0.03,0.31575131380602517,15.66796875,999.0,0.45607471466064453,0.06645241379737854,100.0,0.6875,0.5988113880157471,0.5988113880157471,0.5988113880157471,15.66796875,0.9952153563499451,1.3510879690346422,12.800000190734863,1.0,128.0,101004.0,16.0,nan,nan,nan,0.0,0.5988113880157471,128.0,0.12584051489830017,0.06814521551132202,0.06645241379737854,0.006981316953897476,0.122406005859375,1.0,128.0,0.192108154296875,0.10341970524140914,0.1,0.13577704557935202,0.12328596360009973,0.15108463183623588,0.515930517308184,0.10000000149011612,1000.0,128.0,0.0,0.0,nan,nan,1
jumprelu,JumpReLU,l0_coefficient,0.02,0.02284942603761986,17.025390625,999.0,0.33049970865249634,0.05461456999182701,100.0,0.6484375,0.585449755191803,0.585449755191803,0.585449755191803,17.025390625,0.9967681765556335,1.381644034005371,12.800000190734863,1.0,128.0,101004.0,16.0,nan,nan,nan,0.0,0.585449755191803,128.0,0.1289190649986267,0.06977269053459167,0.05461456999182701,0.004715555813163519,0.1330108642578125,1.0,128.0,0.2052459716796875,0.10044468565177563,0.1,0.11871846950140863,0.10393483996787886,0.1384051329055912,0.5029964298194678,0.10000000149011612,1000.0,128.0,0.0,0.0,nan,nan,1
jumprelu,JumpReLU,l0_coefficient,0.015,-0.1548555140689881,18.9453125,999.0,0.2810409665107727,0.05507988482713699,100.0,0.578125,0.5908313989639282,0.5908313989639282,0.5908313989639282,18.9453125,0.996712863445282,1.3637473837304137,12.800000190734863,1.0,128.0,101004.0,16.0,nan,nan,nan,0.0,0.5908313989639282,128.0,0.13132360577583313,0.07710188627243042,0.05507988482713699,0.004796250723302364,0.14801025390625,1.0,128.0,0.2171630859375,0.100488663906619,0.1,0.12396897697894864,0.10381443298969072,0.15383440268866483,0.5032352213477228,0.10000000149011612,1000.0,128.0,0.0,0.0,nan,nan,1
jumprelu,JumpReLU,l0_coefficient,0.01,-0.46520028063157903,19.7421875,999.0,0.19524431228637695,0.04308214783668518,100.0,0.609375,0.5882599949836731,0.5882599949836731,0.5882599949836731,19.7421875,0.9979889392852783,1.3465615236171928,12.800000190734863,1.0,128.0,101004.0,16.0,nan,nan,nan,0.0,0.5882599949836731,128.0,0.12966324388980865,0.0818665623664856,0.04308214783668518,0.0029343406204134226,0.15423583984375,1.0,128.0,0.21661376953125,0.10395870116189374,0.1,0.14759217004923741,0.12158686189157103,0.1877482432019554,0.5186156032080298,0.10000000149011612,1000.0,128.0,0.0,0.0,nan,nan,1
jumprelu,JumpReLU,l0_coefficient,0.007,0.0354004603272424,22.0390625,999.0,0.15348714590072632,0.04354974254965782,100.0,0.5,0.5914630889892578,0.5914630889892578,0.5914630889892578,22.0390625,0.9979450702667236,1.3033305050934987,12.800000190734863,1.0,128.0,101004.0,16.0,nan,nan,nan,0.0,0.5914630889892578,128.0,0.1285298466682434,0.09064245223999023,0.04354974254965782,0.0029983827844262123,0.17218017578125,1.0,128.0,0.235382080078125,0.10110301407805929,0.1,0.13482893998878295,0.1065225097483162,0.18362358692331196,0.5063566315698099,0.10000000149011612,1000.0,128.0,0.0,0.0,nan,nan,1
jumprelu,JumpReLU,l0_coefficient,0.006,0.747682491523217,24.017578125,999.0,0.14653590321540833,0.04300700128078461,100.0,0.5390625,0.5894507169723511,0.5894507169723511,0.5894507169723511,24.017578125,0.9979959726333618,1.2391176307151381,12.800000190734863,1.0,128.0,101004.0,16.0,nan,nan,nan,0.0,0.5894507169723511,128.0,0.12405984103679657,0.0996541678905487,0.04300700128078461,0.0029241133015602827,0.1876373291015625,1.0,128.0,0.2418365478515625,0.10488157442031563,0.1,0.15889189619487343,0.12173700902659185,0.22868927589367552,0.5228036988046103,0.10000000149011612,1000.0,128.0,0.0,0.0,nan,nan,1
jumprelu,JumpReLU,l0_coefficient,0.005,0.7939742493349334,25.291015625,999.0,0.12935206294059753,0.0402987115085125,100.0,0.359375,0.5924316048622131,0.5924316048622131,0.5924316048622131,25.291015625,0.9982404112815857,1.2590912247016073,12.800000190734863,1.0,128.0,101004.0,16.0,nan,nan,nan,0.0,0.5924316048622131,128.0,0.12737303972244263,0.10230216383934021,0.0402987115085125,0.002567427232861519,0.1975860595703125,1.0,128.0,0.2605438232421875,0.09869352997936615,0.1,0.12413439343421391,0.09344350915128581,0.18484570730216926,0.49292293841121343,0.10000000149011612,1000.0,128.0,0.0,0.0,nan,nan,1
jumprelu,JumpReLU,l0_coefficient,0.003,0.21840794750098275,29.828125,999.0,0.09298911690711975,0.03291875869035721,100.0,0.3046875,0.5916748046875,0.5916748046875,0.5916748046875,29.828125,0.9988258481025696,1.232793970556694,12.800000190734863,1.0,128.0,101004.0,16.0,nan,nan,nan,0.0,0.5916748046875,128.0,0.127132847905159,0.11695075035095215,0.03291875869035721,0.0017131788190454245,0.2330322265625,1.0,128.0,0.287506103515625,0.09932692607181162,0.1,0.13640113667613896,0.09743321110529073,0.22731439046746105,0.49682383364702093,0.10000000149011612,1000.0,128.0,0.0,0.0,nan,nan,1
jumprelu,JumpReLU,l0_coefficient,0.001,0.3334678762329073,43.2578125,999.0,0.05463877320289612,0.03573160618543625,100.0,0.03125,0.5985144376754761,0.5985144376754761,0.5985144376754761,43.2578125,0.998616635799408,1.1408833818178858,12.800000190734863,1.0,128.0,101004.0,16.0,nan,nan,nan,0.0,0.5985144376754761,128.0,0.12684041261672974,0.1712489128112793,0.03573160618543625,0.002018463332206011,0.33795166015625,1.0,128.0,0.36737060546875,0.10142519105701892,0.1,0.1609395692479264,0.10425320570706159,0.3527344943476933,0.5082116275773049,0.10000000149011612,1000.0,128.0,0.0,0.0,nan,nan,1
jumprelu,JumpReLU,l0_coefficient,0.0003,0.15535691297739626,59.1796875,999.0,0.031098295003175735,0.033973533660173416,100.0,0.0,0.5973526835441589,0.5973526835441589,0.5973526835441589,59.1796875,0.9987494349479675,1.1053740620565098,12.800000190734863,1.0,128.0,101004.0,16.0,nan,nan,nan,0.0,0.5973526835441589,128.0,0.13260318338871002,0.20587801933288574,0.033973533660173416,0.001824724255129695,0.46234130859375,1.0,128.0,0.4625244140625,0.10384563202708288,0.1,0.17733268197361993,0.10782178217821782,0.499083409715857,0.520409648577203,0.10000000149011612,1000.0,128.0,0.0,0.0,nan,nan,1
jumprelu,JumpReLU,l0_coefficient,0.0,0.05054789615613192,75.431640625,999.0,0.012516066431999207,0.03472410887479782,100.0,0.0,0.5985068678855896,0.5985068678855896,0.5985068678855896,75.431640625,0.9986935257911682,1.1209469883667271,12.800000190734863,1.0,128.0,101004.0,16.0,nan,nan,nan,0.0,0.5985068678855896,128.0,0.14189773797988892,0.2052672803401947,0.03472410887479782,0.001906242105178535,0.5893096923828125,1.0,128.0,0.5767059326171875,0.0973818052763395,0.1,0.16321650762724996,0.09544030449755314,0.563091964558509,0.4854364721927992,0.10000000149011612,1000.0,128.0,0.0,0.0,nan,nan,1
gated,Gated,l1_coefficient,10.0,0.07417754238522843,0.78125,999.0,36.55372619628906,0.9779577255249023,100.0,0.4921875,0.6848742961883545,0.6848742961883545,0.6848742961883545,0.78125,-0.0362628698348999,1.1892536802643245,12.800000190734863,1.0,128.0,101005.0,16.0,nan,nan,nan,0.0,0.6848742961883545,128.0,0.024642255157232285,0.006029725074768066,0.9779577255249023,1.5120147466659546,0.006103515625,1.0,128.0,0.103118896484375,0.10182428692736976,0.1,0.027065937230060465,0.235,0.01435991445157348,0.5045862972834236,0.10000000149011612,1000.0,128.0,0.0,0.0,nan,nan,1
gated,Gated,l1_coefficient,9.0,0.0989682118518414,1.10546875,999.0,33.79526901245117,1.0315515995025635,100.0,0.2890625,0.6985179781913757,0.6985179781913757,0.6985179781913757,1.10546875,-0.15295326709747314,1.2071142063127431,12.800000190734863,1.0,128.0,101005.0,16.0,nan,nan,nan,0.0,0.6985179781913757,128.0,0.034448929131031036,0.008512675762176514,1.0315515995025635,1.6822779178619385,0.008636474609375,1.0,128.0,0.1038818359375,0.10380053411039519,0.1,0.04274465691788526,0.26855123674911663,0.02322028719828903,0.5081010742653591,0.10000000149011612,1000.0,128.0,0.0,0.0,nan,nan,1
gated,Gated,l1_coefficient,7.0,0.45007841444702673,2.021484375,999.0,29.40174674987793,1.1594561338424683,100.0,0.1015625,0.7116059064865112,0.7116059064865112,0.7116059064865112,2.021484375,-0.4565938711166382,1.2762761667316727,12.800000190734863,1.0,128.0,101005.0,16.0,nan,nan,nan,0.0,0.7116059064865112,128.0,0.05481470748782158,0.015466064214706421,1.1594561338424683,2.1253209114074707,0.0157928466796875,1.0,128.0,0.1072235107421875,0.10698247840930321,0.1,0.07307743041815064,0.26763285024154587,0.042315918117934614,0.5147331412932443,0.10000000149011612,1000.0,128.0,0.0,0.0,nan,nan,1
gated,Gated,l1_coefficient,5.0,0.20385881161562813,3.072265625,999.0,24.864803314208984,1.0763154029846191,100.0,0.0234375,0.7125836610794067,0.7125836610794067,0.7125836610794067,3.072265625,-0.2551882266998291,1.211761467845023,12.800000190734863,1.0,128.0,101005.0,16.0,nan,nan,nan,0.0,0.7125836610794067,128.0,0.06391377002000809,0.023317426443099976,1.0763154029846191,1.8314493894577026,0.0240020751953125,1.0,128.0,0.1110382080078125,0.11067319792111907,0.1,0.10370735312230571,0.26764144945963125,0.06431408493736633,0.5223926756268454,0.10000000149011612,1000.0,128.0,0.0,0.0,nan,nan,1
gated,Gated,l1_coefficient,4.0,0.45682686185402455,3.7421875,999.0,21.812664031982422,0.9969739317893982,100.0,0.0,0.7257479429244995,0.7257479429244995,0.7257479429244995,3.7421875,-0.07695460319519043,1.1861452911541341,12.800000190734863,1.0,128.0,101005.0,16.0,nan,nan,nan,0.0,0.7257479429244995,128.0,0.06638222932815552,0.028270959854125977,0.9969739317893982,1.5713881254196167,0.02923583984375,1.0,128.0,0.114501953125,0.11086868766320797,0.1,0.11321200661782085,0.25,0.07317445768408189,0.5244071983283946,0.10000000149011612,1000.0,128.0,0.0,0.0,nan,nan,1
gated,Gated,l1_coefficient,3.0,0.37192169435543937,4.953125,999.0,18.926355361938477,0.8608136773109436,100.0,0.0,0.7039519548416138,0.7039519548416138,0.7039519548416138,4.953125,0.19712471961975098,1.1328629405258828,12.800000190734863,1.0,128.0,101005.0,16.0,nan,nan,nan,0.0,0.7039519548416138,128.0,0.06713218986988068,0.03702127933502197,0.8608136773109436,1.171478033065796,0.0386962890625,1.0,128.0,0.120330810546875,0.11230083570144381,0.1,0.13168905527416866,0.2358044164037855,0.09135349831958448,0.5292502361914926,0.10000000149011612,1000.0,128.0,0.0,0.0,nan,nan,1
gated,Gated,l1_coefficient,2.0,0.2656521969280347,7.39453125,999.0,14.933022499084473,0.7032586932182312,100.0,0.0,0.7060211896896362,0.7060211896896362,0.7060211896896362,7.39453125,0.4641292691230774,1.067457395414847,12.800000190734863,1.0,128.0,101005.0,16.0,nan,nan,nan,0.0,0.7060211896896362,128.0,0.07111473381519318,0.05398380756378174,0.7032586932182312,0.7818907499313354,0.057769775390625,1.0,128.0,0.13177490234375,0.11596041647926777,0.1,0.16415021293070073,0.22398309561542526,0.12954476015887564,0.5398698542275986,0.10000000149011612,1000.0,128.0,0.0,0.0,nan,nan,1
gated,Gated,l1_coefficient,1.0,0.25915945459036027,17.109375,999.0,9.360782623291016,0.35022425651550293,100.0,0.0,0.6809251308441162,0.6809251308441162,0.6809251308441162,17.109375,0.8671008348464966,1.007904385670224,12.800000190734863,1.0,128.0,101005.0,16.0,nan,nan,nan,0.0,0.6809251308441162,128.0,0.08233900368213654,0.11346298456192017,0.35022425651550293,0.19391362369060516,0.1336669921875,1.0,128.0,0.184478759765625,0.12043911995794415,0.1,0.21011368090944726,0.18356164383561643,0.2456461961503208,0.5622026539320852,0.10000000149011612,1000.0,128.0,0.0,0.0,nan,nan,1
gated,Gated,l1_coefficient,0.5,0.03864248958557253,30.59765625,999.0,5.441568374633789,0.18667198717594147,100.0,0.0,0.6761627793312073,0.6761627793312073,0.6761627793312073,30.59765625,0.9622437953948975,1.0071078169835754,12.800000190734863,1.0,128.0,101005.0,16.0,nan,nan,nan,0.0,0.6761627793312073,128.0,0.09444041550159454,0.17794537544250488,0.18667198717594147,0.055090174078941345,0.239044189453125,1.0,128.0,0.268890380859375,0.1162258504354401,0.1,0.206645056726094,0.14649559555725775,0.35059578368469296,0.5619651235765387,0.10000000149011612,1000.0,128.0,0.0,0.0,nan,nan,1
gated,Gated,l1_coefficient,0.3,0.5178474899139248,39.35546875,999.0,3.539651870727539,0.12113489210605621,100.0,0.0,0.670403778553009,0.670403778553009,0.670403778553009,39.35546875,0.9841010570526123,1.003067451051577,12.800000190734863,1.0,128.0,101005.0,16.0,nan,nan,nan,0.0,0.670403778553009,128.0,0.10008595883846283,0.20907199382781982,0.12113489210605621,0.02319820411503315,0.307464599609375,1.0,128.0,0.326263427734375,0.11286339660996622,0.1,0.1990560383578064,0.13186104218362282,0.40589673082798655,0.5546774720422354,0.10000000149011612,1000.0,128.0,0.0,0.0,nan,nan,1
gated,Gated,l1_coefficient,0.2,0.4341083697602953,45.662109375,999.0,2.4669177532196045,0.07948455959558487,100.0,0.0,0.6514886617660522,0.6514886617660522,0.6514886617660522,45.662109375,0.9931546449661255,1.0192404113392515,12.800000190734863,1.0,128.0,101005.0,16.0,nan,nan,nan,0.0,0.6514886617660522,128.0,0.10414797067642212,0.22557291388511658,0.07948455959558487,0.009988064877688885,0.3567352294921875,1.0,128.0,0.3702239990234375,0.10905582652274956,0.1,0.1892063492063492,0.1210915779118012,0.4324778490681332,0.5420738118030952,0.10000000149011612,1000.0,128.0,0.0,0.0,nan,nan,1
gated,Gated,l1_coefficient,0.15,-0.5340055604029664,48.81640625,999.0,1.903357744216919,0.05918571725487709,100.0,0.0,0.6523532271385193,0.6523532271385193,0.6523532271385193,48.81640625,0.9962045550346375,1.057588675317646,12.800000190734863,1.0,128.0,101005.0,16.0,nan,nan,nan,0.0,0.6523532271385193,128.0,0.10706152021884918,0.23240476846694946,0.05918571725487709,0.005537958350032568,0.381378173828125,1.0,128.0,0.399139404296875,0.10308306185518246,0.1,0.17064045656309448,0.10766583980155238,0.41109074243813015,0.5165048558774818,0.10000000149011612,1000.0,128.0,0.0,0.0,nan,nan,1
gated,Gated,l1_coefficient,0.1,0.36929464377777443,52.62890625,999.0,1.3060433864593506,0.04022672772407532,100.0,0.0,0.6487983465194702,0.6487983465194702,0.6487983465194702,52.62890625,0.9982466697692871,1.0559192873337448,12.800000190734863,1.0,128.0,101005.0,16.0,nan,nan,nan,0.0,0.6487983465194702,128.0,0.10879980027675629,0.2386520504951477,0.04022672772407532,0.002558263251557946,0.411163330078125,1.0,128.0,0.418426513671875,0.10579483690517316,0.1,0.18123731040248414,0.11263267275291323,0.4636419187289948,0.5291510153061825,0.10000000149011612,1000.0,128.0,0.0,0.0,nan,nan,1
gated,Gated,l1_coefficient,0.07,0.10854704897185423,55.73828125,999.0,0.942470371723175,0.03149690851569176,100.0,0.0,0.6400535106658936,0.6400535106658936,0.6400535106658936,55.73828125,0.9989250898361206,1.0597303018676343,12.800000190734863,1.0,128.0,101005.0,16.0,nan,nan,nan,0.0,0.6400535106658936,128.0,0.11008462309837341,0.24261027574539185,0.03149690851569176,0.0015683813253417611,0.435455322265625,1.0,128.0,0.440399169921875,0.10422237710719964,0.1,0.17734579865465738,0.10901254467727241,0.4752520623281393,0.5221064515743087,0.10000000149011612,1000.0,128.0,0.0,0.0,nan,nan,1
gated,Gated,l1_coefficient,0.05,0.42537872609774846,57.412109375,999.0,0.6920557618141174,0.02690262906253338,100.0,0.0,0.633281409740448,0.633281409740448,0.633281409740448,57.412109375,0.999215841293335,1.0553104940612212,12.800000190734863,1.0,128.0,101005.0,16.0,nan,nan,nan,0.0,0.633281409740448,128.0,0.11101517081260681,0.2439686357975006,0.02690262906253338,0.0011442088289186358,0.4485321044921875,1.0,128.0,0.4470062255859375,0.10656577259386675,0.1,0.1849141648813333,0.1130464364687872,0.5076382523678582,0.5328325182842851,0.10000000149011612,1000.0,128.0,0.0,0.0,nan,nan,1
gated,Gated,l1_coefficient,0.03,0.013290276567296313,58.490234375,999.0,0.43333369493484497,0.0242837555706501,100.0,0.0,0.6195480823516846,0.6195480823516846,0.6195480823516846,58.490234375,0.9993610382080078,1.0737264576571277,12.800000190734863,1.0,128.0,101005.0,16.0,nan,nan,nan,0.0,0.6195480823516846,128.0,0.11125713586807251,0.24469754099845886,0.0242837555706501,0.0009322825353592634,0.4569549560546875,1.0,128.0,0.4549713134765625,0.10578879124281301,0.1,0.18293919381799248,0.1114635856680135,0.5099297280782157,0.529426637221003,0.10000000149011612,1000.0,128.0,0.0,0.0,nan,nan,1
gated,Gated,l1_coefficient,0.025,-0.11708880146369145,58.578125,999.0,0.3676164448261261,0.023047493770718575,100.0,0.0,0.6163725852966309,0.6163725852966309,0.6163725852966309,58.578125,0.9994244575500488,1.099584537570534,12.800000190734863,1.0,128.0,101005.0,16.0,nan,nan,nan,0.0,0.6163725852966309,128.0,0.11190132796764374,0.24381136894226074,0.023047493770718575,0.000839775544591248,0.4576416015625,1.0,128.0,0.467803955078125,0.09904959917880649,0.1,0.1609283485686135,0.09802614030408109,0.44912923923006415,0.4952715190895193,0.10000000149011612,1000.0,128.0,0.0,0.0,nan,nan,1
gated,Gated,l1_coefficient,0.02,0.19182152137997852,59.541015625,999.0,0.29472747445106506,0.020465180277824402,100.0,0.0,0.6117063760757446,0.6117063760757446,0.6117063760757446,59.541015625,0.999546229839325,1.0848686320328889,12.800000190734863,1.0,128.0,101005.0,16.0,nan,nan,nan,0.0,0.6117063760757446,128.0,0.11202160269021988,0.24570712447166443,0.020465180277824402,0.0006621356587857008,0.4651641845703125,1.0,128.0,0.4659881591796875,0.1031541143120077,0.1,0.17531257594987984,0.10647859603083484,0.49587534372135655,0.5170595569259435,0.10000000149011612,1000.0,128.0,0.0,0.0,nan,nan,1
gated,Gated,l1_coefficient,0.015,0.24650619032175805,60.212890625,999.0,0.22926050424575806,0.02103925496339798,100.0,0.0,0.6222788095474243,0.6222788095474243,0.6222788095474243,60.212890625,0.9995203614234924,1.0852777921014718,12.800000190734863,1.0,128.0,101005.0,16.0,nan,nan,nan,0.0,0.6222788095474243,128.0,0.11221679300069809,0.2464008629322052,0.02103925496339798,0.0006998042808845639,0.4704132080078125,1.0,128.0,0.4689483642578125,0.1038611231792892,0.1,0.1777123745819398,0.10772324759155341,0.5073327222731439,0.520508198736165,0.10000000149011612,1000.0,128.0,0.0,0.0,nan,nan,1
gated,Gated,l1_coefficient,0.0125,0.11744917962464069,60.546875,999.0,0.1911444067955017,0.019448958337306976,100.0,0.0,0.6179961562156677,0.6179961562156677,0.6179961562156677,60.546875,0.9995901584625244,1.1038831343538937,12.800000190734863,1.0,128.0,101005.0,16.0,nan,nan,nan,0.0,0.6179961562156677,128.0,0.11229077726602554,0.24694395065307617,0.019448958337306976,0.000598010141402483,0.4730224609375,1.0,128.0,0.475250244140625,0.1015176528785239,0.1,0.17045757204495818,0.1032258064516129,0.488848151542927,0.5087909176090631,0.10000000149011612,1000.0,128.0,0.0,0.0,nan,nan,1
gated,Gated,l1_coefficient,0.01,0.17719435044156642,61.15625,999.0,0.1625794768333435,0.02260524593293667,100.0,0.0,0.6133214235305786,0.6133214235305786,0.6133214235305786,61.15625,0.9994463324546814,1.0925838678099007,12.800000190734863,1.0,128.0,101005.0,16.0,nan,nan,nan,0.0,0.6133214235305786,128.0,0.11227884888648987,0.2470518946647644,0.02260524593293667,0.0008078566752374172,0.477783203125,1.0,128.0,0.4771728515625,0.10254183270901149,0.1,0.173965872470812,0.1051673479816045,0.5030553009471433,0.5140382454896761,0.10000000149011612,1000.0,128.0,0.0,0.0,nan,nan,1
gated,Gated,l1_coefficient,0.005,-0.17675933237363978,63.9765625,999.0,0.09520401805639267,0.023686343804001808,100.0,0.0,0.6158521175384521,0.6158521175384521,0.6158521175384521,63.9765625,0.9993920922279358,1.124186163679198,12.800000190734863,1.0,128.0,101005.0,16.0,nan,nan,nan,0.0,0.6158521175384521,128.0,0.11416945606470108,0.24371421337127686,0.023686343804001808,0.0008869761368259788,0.49981689453125,1.0,128.0,0.500518798828125,0.09955358704008585,0.1,0.16538598544603328,0.09921846379289291,0.4964864039107852,0.49814996581367366,0.10000000149011612,1000.0,128.0,0.0,0.0,nan,nan,1
gated,Gated,l1_coefficient,0.0,0.21365591970900952,75.5390625,999.0,0.0503670871257782,0.045491352677345276,100.0,0.0,0.6107450723648071,0.6107450723648071,0.6107450723648071,75.5390625,0.9977577328681946,1.0839468613414296,12.800000190734863,1.0,128.0,101005.0,16.0,nan,nan,nan,0.0,0.6107450723648071,128.0,0.1424930989742279,0.20288574695587158,0.045491352677345276,0.0032717003487050533,0.59014892578125,1.0,128.0,0.574310302734375,0.09881888218850801,0.1,0.16770598381318827,0.09804529941048712,0.5792850595783685,0.49396529635978936,0.10000000149011612,1000.0,128.0,0.0,0.0,nan,nan,1
